product_id,product_name,brand_id,brand_name,loves_count,rating,reviews,size,variation_type,variation_value,variation_desc,ingredients,price_usd,value_price_usd,sale_price_usd,limited_edition,new,online_only,out_of_stock,sephora_exclusive,highlights,primary_category,secondary_category,tertiary_category,child_count,child_max_price,child_min_price
P505139,Phyto Nature Oxygen Cream,6219,Dermalogica,274,4.8646,192.0,1.7 oz / 50 mL,Size,1.7 oz / 50 mL,,"['Water/Aqua/Eau, Simmondsia Chinensis (Jojoba) Seed Oil, Glycerin, Neopentyl Glycol Diheptanoate, Squalane, Hydrogenated Ethylhexyl Olivate, Propanediol, Caprylic/Capric Triglyceride, Pentylene Glycol, Camellia Japonica Seed Oil, Butylene Glycol, C12-15 Alkyl Benzoate, Sodium Hyaluronate, Ubiquinone, Glycine Soja (Soybean) Oil, PEG-40 Hydrogenated Castor Oil, Helianthus Annuus (Sunflower) Seed Oil, Citrus Aurantium Bergamia (Bergamot) Fruit Oil, Citrus Limon (Lemon) Peel Oil, Rosmarinus Officinalis (Rosemary) Leaf Extract, Viola Odorata Leaf Extract, Carthamus Tinctorius (Safflower) Seed Oil, Tropaeolum Majus Flower/Leaf/Stem Extract, Astragalus Membranaceus Root Extract, Spilanthes Acmella Flower/Leaf/Stem Extract, Lavandula Spica (Lavender) Flower/Leaf/Stem Extract, Ligustrum Lucidum Seed Extract, Citrus Aurantium Dulcis (Orange) Oil, Rosmarinus', 'Officinalis (Rosemary) Flower/Leaf/Stem Extract, Salvia Sclarea (Clary) Extract, Litsea Cubeba Fruit Oil, Mentha Piperita (Peppermint) Flower/Leaf/Stem Extract, Luffa Cylindrica Root Extract, Hydrogenated Olive Oil Unsaponifiables, Tocopherol, Phospholipids, Glycogen, Caprylyl Glycol, Glycolipids, Acrylates/C10-30 Alkyl Acrylate Crosspolymer, Glycine Soja (Soybean) Sterols, Dicaprylyl Ether, Xanthan Gum, C15-19 Alkane, Ethylhexylglycerin, Polysorbate 20, Tetrasodium Glutamate Diacetate, Phytic Acid, Lauryl Glucoside, Sodium', 'Hydroxide, Sodium Acrylate/Sodium Acryloyldimethyl Taurate Copolymer, Sodium Benzoate.']",125.0,,,0,1,0,0,0,"['Vegan', 'Hyaluronic Acid', 'Good for: Loss of firmness', 'Good for: Anti-Aging', 'Good for: Dryness', 'Best for Dry, Combo, Normal Skin']",Skincare,Moisturizers,Moisturizers,0,,
P435975,Mini Charlotte's Magic Cream,6236,Charlotte Tilbury,62966,3.6585,246.0,0.5 oz/ 14.7 mL,Size,0.5 oz/ 14.7 mL,,"['Aqua/Water/Eau, Homosalate, Glyceryl Stearate Se, Ethylhexyl Salicylate, Butylene Glycol, Glycerin, Butyl Methoxydibenzoylmethane, Octocrylene, Cetyl Alcohol, C12-15 Alkyl Benzoate, Cyclopentasiloxane, Dimethicone, Phenoxyethanol, Butyrospermum Parkii (Shea Butter), Steareth-21, Avena Sativa (Oat) Kernel Extract, Carbomer, Dimethiconol, Potassium Cetyl Phosphate, Chlorphenesin, Caprylyl Glycol, Xanthan Gum, Hydrolyzed Viola Tricolor Extract, Allantoin, Aloe Barbadensis Leaf Juice, Disodium Edta, Tocopheryl Acetate, Camellia Oleifera Seed Oil, Rosa Canina Fruit Oil, Rosa Damascena Extract, Sodium Hydroxide, Helianthus Annuus (Sunflower) Seed Oil, Michelia Alba Leaf Oil, Sodium Lactate, Coco-Glucoside, Peg-8, Ethylhexylglycerin, Sodium Hyaluronate, Tocopherol, Palmitoyl Tetrapeptide-7, Palmitoyl Tripeptide-1, Ascorbyl Palmitate, Plumeria Rubra Flower Extract, Ascorbic Acid, Citric Acid, Nicotiana Sylvestris Leaf Cell Culture, Linalool, Citronellol, Geraniol.']",30.0,,,0,0,0,0,0,"['Hyaluronic Acid', 'Good for: Dryness', 'Best for Dry, Combo, Normal Skin', 'Without Sulfates SLS & SLES']",Skincare,Moisturizers,Moisturizers,0,,
P412025,Cucumber De-Tox Hydra-Gel Eye Patches,3728,Peter Thomas Roth,52503,3.9668,391.0,60 Pads-30 Treatments,Size,60 Pads-30 Treatments,,"['Water/Aqua/Eau, Glycerin, Carrageenan, Dipropylene Glycol, Ceratonia Siliqua (Carob) Gum, Cucumis Sativus (Cucumber) Fruit Extract, Aloe Barbadensis Leaf Juice Powder, Caffeine, Arnica Montana Flower Extract, Sodium Hyaluronate, Hydrolyzed Collagen, Chamomilla Recutita (Matricaria) Flower Extract, Camellia Sinensis Leaf Extract, Tocopheryl Acetate, Niacinamide, Adenosine, Allantoin, Maltodextrin, Ethylhexylglycerin, Butylene Glycol, Calcium Lactate, Ricinus Communis (Castor) Seed Oil, Xanthan Gum, Dextrin, Potassium Chloride, Disodium EDTA, Peg-60 Hydrogenated Castor Oil, Chlorphenesin, Phenoxyethanol, Mica, Fragrance/Parfum, Yellow 5 (CI19140), Blue 1 (CI 42090).']",55.0,,,0,0,0,0,0,"['Hyaluronic Acid', 'Good for: Dark Circles', 'Good for: Anti-Aging', 'Without Sulfates SLS & SLES']",Skincare,Eye Care,Eye Masks,0,,
P503123,Smooth Like Butter Kit,5922,Josie Maran,5990,4.5,10.0,,,,,"['Whipped Argan Oil Body Butter in Vanilla Vacation:', 'Aqua (Water)**, Argania Spinosa (Argan) Kernel Oil*, Caprylic/Capric Triglyceride**, Helianthus Annuus (Sunflower) Seed Oil**, Glyceryl Stearate**, Glycerin**, Butyrospermum Parkii (Shea Butter)**, Parfum (Fragrance)**, Hydroxyethyl Acrylate/Sodium Acryloyl Dimethyl Taurate Copolymer**, Aloe Barbadensis (Aloe Vera) Leaf Juice*, Phenoxyethanol, Squalane**, Coco-Caprylate/Caprate**, Polysorbate-60**, Ethylhexylglycerin, Tocopherol, Cetearyl Glucoside, Cetearyl Alcohol, Persea Gratissima (Avocado) Oil**, Symphytum Officinale (Comfrey) Leaf Extract**, Camellia Sinensis (White Tea) Leaf Extract**, Camellia Sinensis (Green Tea) Leaf Extract**, Allantoin**, Panthenol**, Helianthus Annuus (Sunflower) Seed Extract**, Beta Carotene**.', 'Whipped Argan Oil Body Butter in Sugar Glazed Apricot:', 'Aqua (water)**, Argania Spinosa (Argan) Kernel Oil*, Caprylic/Capric Triglyceride**, Helianthus Annuus (Sunflower) Seed Oil**, Glyceryl Stearate**, Glycerin**, Butyrospermum Parkii (Shea) Butter**, Fragrance (Parfum)**, Hydroxyethyl Acrylate/Sodium Acryloyl Dimethyl Taurate Copolymer**, Phenoxyethanol, Squalane**, Coco-Caprylate/Caprate**, Polysorbate-60**, Cetearyl Alcohol, Tocopherol, Cetearyl Glucoside, Ethylhexylglycerin**, Persea Gratissima (Avocado) Oil**, Allantoin, Aloe Barbadensis (Aloe Vera) Leaf Juice*, Panthenol**, Camellia Sinensis (Green Tea) Leaf Extract**, Camellia Sinensis (White Tea) Leaf Extract**, Symphytum Officinale (Comfrey) Leaf Extract**, Helianthus Annuus (Sunflower) Flower Extract**, Beta Carotene**.', 'Whipped Argan Oil Body Butter in Holiday Buttercream:', 'Aqua (Water)**, Argania Spinosa Kernel (Argan) Oil*, Helianthus Annuus (Sunflower) Seed Oil**, Caprylic/Capric Triglyceride**, Glyceryl Stearate**, Butyrospermum Parkii (Shea) Butter**, Glycerin**, Propanediol**, Fragrance (Parfum)**, Hydroxyethyl Acrylate/Sodium Acryloyl Dimethyl Taurate Copolymer**, Aloe Barbadensis (Aloe Vera) Leaf Juice*, Beta Carotene*, Glyceryl Caprylate**, Squalane**, Coco-Caprylate/Caprate**, Cetearyl Glucoside, Polysorbate-60**, Tocopherol, Chlorphenesin, Capryl Hydroxamic Acid, Ethylhexylglycerin**, Cetearyl Alcohol**, Persea Gratissima (Avocado) Oil**, Symphytum Officinale (Comfrey) Leaf Extract**, Camellia Sinensis (Green Tea) Leaf Extract**, Allantoin**, Panthenol**, Helianthus Annus (Sunflower) Flower Extract**, Camellia Sinensis (White Tea) Leaf Extract**, Citric Acid**.', 'Whipped Argan Pro-Retinol Body Butter in Unscented:', 'Water/Aqua/Eau, Argania Spinosa (Argan) Kernel Oil*, Caprylic/Capric Triglyceride**, Glycerin**, Carthamus Tinctorius (Safflower) Seed Oil*, Coco-Caprylate/Caprate**, Butyrospermum Parkii (Shea) Butter*, Cetearyl Olivate**, Sorbitan Olivate**, Aloe Barbadensis Leaf Juice**, Phenoxyethanol, Hydroxyethyl Acrylate/Sodium Acryloyldimethyl Taurate Copolymer, Sclerotium Gum**, Helianthus Annuus (Sunflower) Seed Oil**, Octyldodecyl Pca**, Squalane**, Ethylhexylglycerin, Persea Gratissima (Avocado) Oil**, Carthamus Tinctorius (Safflower) Oleosomes**, Sorbitan Isostearate, Medicago Sativa (Alfalfa) Extract**, Tetrasodium Glutamate Diacetate, Panthenol, Camellia Sinensis (Green & White Tea) Leaf Extract**, Allantoin, Tocopheryl Acetate, Lecithin**, Sodium Benzoate, Quercetin**, Gluconolactone**, Alkanna Tinctoria Root Extract**, Sodium Hydroxide, Potassium Sorbate, Zea Mays (Corn) Oil**, Symphytum Officinale (Comfrey) Leaf Extract**, Beta-Carotene**, Citric Acid, Dunaliella Salina Extract**, Olea Europaea (Olive) Fruit Oil**, Tocopherol.']",30.0,51.0,,1,0,0,0,1,"['Good for: Loss of firmness', 'Clean at Sephora', 'Hydrating', 'Good for: Anti-Aging', 'Retinol', 'Cruelty-Free']",Skincare,Value & Gift Sets,,0,,
P504026,Mini Algae + Moringa Universal Face Oil,6749,MARA,1333,4.9009,111.0,0.5 oz / 15 mL,Size,0.5 oz / 15 mL,,"['Moringa Oleifera Seed Oil, Helianthus Annuus (Sunflower) Seed Oil, Vitis Vinifera (Grape) Seed Oil, Linum Usitatissimum (Linseed) Seed Oil, Vaccinium Myrtillus Seed Oil, Caprylic/Capric Triglyceride, Citrullus Lanatus (Watermelon) Seed Oil, Adansonia Digitata Seed Oil, Citrus Aurantium Bergamia (Bergamot) Fruit Oil, Citrus Aurantium Amara (Bitter Orange) Peel Oil, Alaria Esculenta Extract, Plankton Extract, Tocopherol, Limonene, Linalool, Farnesol, Geraniol.']",40.0,,,0,1,0,0,0,"['Vegan', 'Good for: Dullness/Uneven Texture', 'Clean + Planet Positive', 'Good for: Anti-Aging', 'Retinol', 'Good for: Acne/Blemishes']",Skincare,Moisturizers,Face Oils,0,,
P436359,Blueberry Bounce Gentle Cleanser,6189,Glow Recipe,72289,3.8103,1065.0,5.41 oz/ 160 mL,Size,5.41 oz/ 160 mL,,"['Water, Palm Kernel/Coco Glucoside, Caulerpa Lentillifera (Seaweed) Extract, Sodium Hyaluronate, Vaccinium Angustifolium (Blueberry) Fruit Extract, Vaccinium Angustifolium (Blueberry) Fruit, Glycolic Acid, Lactic Acid, Physalis Peruviana (Groundcherry) Fruit Extract, Rubus Idaeus (Raspberry) Fruit Extract, Arctostaphylos Uva Ursi (Bearberry) Leaf Extract, Morus Nigra (Mulberry) Fruit Extract, Vaccinium Myrtillus (Bilberry) Fruit Extract, Beta-Glucan, Scutellaria Baicalensis (Skullcap) Root Extract, Paeonia Suffruticosa (Peony) Root Extract, Glycyrrhiza Glabra (Licorice) Root Extract, Betaine, Sodium Chloride, Fragrance.']",34.0,,,0,0,0,0,1,"['Hyaluronic Acid', 'AHA/Glycolic Acid', 'Good for: Dullness/Uneven Texture', 'Good for: Acne/Blemishes', 'Vegan', 'Clean + Planet Positive']",Skincare,Cleansers,Face Wash & Cleansers,1,10.0,10.0
P473267,Smart Clinical Repair Wrinkle Correcting Serum,1254,CLINIQUE,4293,4.194,1670.0,1 oz/ 30 mL,Size,1 oz/ 30 mL,,"['Water\\Aqua\\Eau, Dimethicone, Isododecane, Butylene Glycol, Glycerin, Polysilicone-11, Ascorbyl Glucoside, Sodium Hyaluronate, Tocopheryl Acetate, Squalane, Hypnea Musciformis (Algae) Extract, Gelidiella Acerosa Extract, Sigesbeckia Orientalis (St. Paul Wort) Extract, Helianthus Annuus (Sunflower) Seed Extract, Hordeum Vulgare (Barley) Extract\\Extrait D’orge, Triticum Vulgare (Wheat) Germ Extract, Cucumis Sativus (Cucumber) Fruit Extract, Caffeine, Acetyl Hexapeptide-8, Palmitoyl Tripeptide-1, Palmitoyl Tetrapeptide-7, Palmitoyl Hexapeptide-12, Peg-10 Dimethicone, Glycyrrhetinic Acid, Whey Protein\\Lactis Protein\\Protéine Du Petit-Lait, Isohexadecane, Propylene Glycol Dicaprate, Caprylyl Glycol, Hydroxypinacolone Retinoate, Acetyl Glucosamine, Cholesterol, Peg-8, Yeast Extract\\Faex\\Extrait De Levure, Peg-6, Dimethyl Isosorbide, Glyceryl Polymethacrylate, Polysorbate 20, Sodium Phosphate, Synthetic Fluorphlogopite, Polysorbate 80, Carbomer, Hexylene Glycol, Ammonium Acryloyldimethyltaurate/Vp Copolymer, Acrylamide/Sodium Acryloyldimethyltaurate Copolymer, Potassium Hydroxide, Tin Oxide, Disodium Phosphate, Citric Acid, Disodium Edta, Sodium Citrate, Phenoxyethanol, Potassium Sorbate, Titanium Dioxide (Ci 77891).']",71.0,,,0,0,0,0,0,"['Hyaluronic Acid', 'Good for: Anti-Aging', 'Retinol', 'Fragrance Free', 'Oil Free', 'Without Sulfates SLS & SLES']",Skincare,Treatments,Face Serums,2,175.0,99.0
P467976,(Re)setting 100% Mineral Powder Sunscreen SPF 35 PA+++,5987,Supergoop!,68453,4.0426,376.0,0.15 oz/ 4.25 g,Color,Translucent,,"['Zinc Oxide 24.7%, Calcium Aluminum Borosilicate, Silica, Trimethylsiloxysilicate, Calcium Sodium Borosilicate, Polymethyl Methacrylate, Lauroyl Lysine, Polyglyceryl-10 Pentaisostearate, Boron Nitride, Triethoxycaprylylsilane, Ethylhexylglycerin, Nylon-6/12, Sodium Dehyrdoacetate, Olive Glycerides, Ascorbyl Palmitate, Ceramide 3, May contain Iron Oxides (CI 77492, 77491, 77499).']",35.0,,,0,0,0,0,0,"['Clean at Sephora', 'SPF']",Skincare,Sunscreen,Face Sunscreen,3,35.0,35.0
P472180,Balance It All Oil Control & Pore-Refining Set,5674,OLEHENRIKSEN,6808,3.6364,22.0,,,,,"['Find Your Balance Oil Control Cleanser:', 'Water, Sodium Cocoyl Isethionate, Decyl Glucoside, Cocamidopropyl Betaine, Glycerin, Acrylates Copolymer, Glycol Distearate, Phenoxyethanol, Glycolic Acid, Lactic Acid, Sodium Hydroxide, Caprylyl Glycol, Eucalyptus Globulus Leaf Oil, Mentha Piperita (Peppermint) Oil, Laureth-4, Ethylhexylglycerin, Hexylene Glycol, Melia Azadirachta Seed Oil, Linoleic Acid, Camellia Sinensis Leaf Extract, Chonrus Crispus (Carrageenan) Extract, Eucalyptus Globulus Leaf Extract, Macrocystis Pyrifera (Kelp) Extract, Phytic Acid, Linolenic Acid, Sodium Benzoate, Tocopherol, Limonene.', 'Balancing Force Oil Control Toner:', 'Water, Polysorbate 20, Hamamelis Virginiana (Witch Hazel) Water, Gylcerin, Gluconolactone, Glycolici Acid, Lactic Acid, Oleth-20, Salicylic Acid, Sodium Hydroxide, Sodium Benzoate, Menthyl Lactate, Eucalpytus Globulus Leaf Oil, Mentha Piperita (Peppermint) Oil, Melia Azadirachta Seed Oil, Linoleic Acid, Macrocystis Pyrifera (Kelp) Extract, Eucalyptus Globulus Leaf Extract, Chondrus Crispus (Carrageenan) Extract, Camellia Sinensis Leaf Extract, Linolenic Acid, Phenoxyethanol, Calcium Gluconate, Benzoic Acid, Tocopherol, Limonene.', 'Cold Plunge Pore Remedy Moisturizer:', 'Aqua/Water/Eau, Propanediol, Dicaprylyl Carbonate, Glycerin, Isopentyldiol, Cetearyl Olivate, Polysorbate 60, Sorbitan Olivate, Capryloyl Salicylic Acid, Cetearyl Alcohol, Dimethicone, Pseudoalteromonas Ferment Extract, Stearyl Alcohol, Phenoxyethanol, Acrylates/C10-30 Alkyl Acrylate Crosspolymer, Salicylic Acid, Sodium Polyacrylate Starch, Menthyl Lactate, Parfum/Fragrance, Epilobium Fleischeri Flower/Leaf/Stem Extract, Dipotassium Glycyrrhizate, Trifolium Pratense (Clover) Flower Extract, Sodium Phytate, Citric Acid, Ethylhexylglycerin, Camellia Sinensis Leaf Extract, Chondrus Crispus (Carrageenan) Extract, Eucalyptus Globulus Leaf Extract, Macrocystis Pyrifera (Kelp) Extract, Potassium Sorbate, Sodium Salicylate, Tocopherol, Yellow 5 (Ci 19140), Blue 1 (Ci 42090), Limonene.']",40.0,,,0,0,0,0,1,"['Best for Combination Skin', 'Best for Oily Skin', 'Good for: Pores', 'Good for: Acne/Blemishes', 'Salicylic Acid', 'Clean at Sephora']",Skincare,Value & Gift Sets,,0,,
P481401,Hydrating Jasmine Mist - Royal Refresh,6475,RANAVAT,3733,4.4571,35.0,1.7 oz/ 50 mL,Size,1.7 oz/ 50 mL,,['Jasmine Officinale (100%).'],45.0,,,0,0,0,0,0,"['Vegan', 'Best for Dry Skin', 'Hydrating', 'Clean at Sephora', 'Good for: Dryness', 'Fragrance Free']",Skincare,Moisturizers,Mists & Essences,0,,
P433444,Clear Improvement Charcoal Honey Mask to Purify and Nourish,3733,Origins,34965,4.6453,1074.0,2.5 oz/ 75 mL,Size,2.5 oz/ 75 mL,,"['Water, Butylene Glycol, Bentonite, Montmorillonite, Honey, Polysorbate 20, PEG-100 Stearate, Polybutene, Jojoba Esters, Lavandula Angustifolia (Lavender) Oil*, Citrus Limon (Lemon) Peel Oil*, Cananga Odorata Flower Oil*, Mentha Viridis (Spearmint) Leaf Oil*, Rosmarinus Officinalis Leaf Oil, Eugenia Caryophyllus (Clove) Bud Oil*, Gaultheria Procumbens (Wintergreen) Leaf Oil*, Citrus Aurantium Amara (Bitter Orange) Flower Extract, Triethyl Citrate, Ethyl Phenylacetate, Limonene, Linalool, Eugenol, Citral, Benzyl Benzoate, Yeast Extract, Kaolin, Charcoal Powder, Caffeine, Sodium Hyaluronate, Glycerin, Trehalose, Lecithin, Ethylhexylglycerin, Xanthan Gum, Caprylyl Glycol, PEG-150 Distearate, Silica, Hexylene Glycol, Disodium EDTA, Tetrasodium EDTA, Dehydroacetic Acid, Phenoxyethanol, Mica, Titanium Dioxide (Ci 77891), Iron Oxides (Ci 77491, Ci 77492, Ci 77499).']",37.0,,,0,0,1,0,0,"['Best for Combination Skin', 'Good for: Dullness/Uneven Texture', 'Good for: Pores', 'Clean at Sephora', 'Good for: Dryness', 'Without Parabens']",Skincare,Masks,Face Masks,0,,
P457519,Water Drench Hyaluronic Cloud Hydrating Eye Gel,3728,Peter Thomas Roth,5917,3.4595,37.0,0.5 oz/ 15 mL,Size,0.5 oz/ 15 mL,,"['Water/Aqua/Eau, Butylene Glycol, Dimethicone, Glycerin, Polysilicone-11, Sodium Hyaluronate, Lens Esculenta (Lentil) Fruit Extract, Pyrus Malus (Apple) Fruit Extract, Caffeine, Tocopheryl Acetate, Malachite Extract, Hydrolyzed Silk, Oryza Sativa (Rice) Bran Extract, Ceramide NP, Palmitoyl Oligopeptide, Palmitoyl Tetrapeptide-7, Biotin, Ceramide EOP, Silybum Marianum Seed Extract, Betula Alba Bark Extract, Chrysin, Citrullus Lanatus (Watermelon) Fruit Extract, Ceramide AP, Ascorbyl Palmitate, Ceramide NS, Phenoxyethanol, PEG-240/HDI Copolymer Bis-Decyltetradeceth-20 Ether, Ceramide AS, Saccharide Isomerate, Acrylamide/Sodium Acryloyldimethyltaurate Copolymer, Isohexadecane, Hydroxyethylcellulose, Dimethylacrylamide/Acrylic Acid/Polystyrene Ethyl Methacrylate Copolymer, Cholesterol, Sodium Acryloyldimethyltaurate/VP Crosspolymer, Polysorbate 80, Sodium Lactate, Sodium Benzoate, Decyl Glucoside, Potassium Sorbate, Sorbitan Oleate, Ethylhexylglycerin, Sodium PCA, Caprylyl Glycol, Hexylene Glycol, Ceteareth-25, Citric Acid, Sodium Citrate, t-Butyl Alcohol, Steareth-20, Hydrogenated Lecithin, Cetyl Alcohol, Chlorhexidine Digluconate, Dipropylene Glycol, Disodium EDTA, Tocopherol, Potassium Laurate, Disodium Phosphate, Polysorbate 60, Behenyl Alcohol, Glyceryl Stearate, Sucrose Distearate, N-Hydroxysuccinimide, Sodium Phosphate.']",43.0,,,0,0,0,0,0,"['Good for: Dryness', 'Good for: Anti-Aging', 'Good for: Dark Circles', 'Hyaluronic Acid', 'Fragrance Free', 'Good for: Loss of firmness']",Skincare,Eye Care,Eye Creams & Treatments,0,,
P474824,Advanced Retinol + Ferulic Overnight Wrinkle Treatment,5668,Dr. Dennis Gross Skincare,15061,4.7287,247.0,1 oz/ 30 mL,Size,1 oz/ 30 mL,,"['Water/Aqua/Eau, Niacinamide, Propanediol, Caprylic/Capric Triglyceride, Glycerin, Retinol, Bakuchiol, Nephelium Lappaceum Leaf Extract, Ferulic Acid, Sodium Hyaluronate, Lactic Acid, Linoleic Acid, Linolenic Acid, Silybum Marianum Extract, Saccharide Isomerate, Phospholipids, Oenothera Biennis (Evening Primrose) Flower Extract, Adenosine, Evodia Rutaecarpa Fruit Extract, Sodium PCA, Camellia Sinensis Leaf Extract, Phytic Acid, Tocopherol, Glycolic Acid, Mandelic Acid, Maltodextrin, Sodium Hydroxide, Cetyl Alcohol, PVM/MA Decadiene Crosspolymer, Behenyl Alcohol, Glyceryl Stearate SE, Arachidyl Glucoside, Arachidyl Alcohol, Ethylhexylglycerin, Oleth-10, PEG-40 Hydrogenated Castor Oil, Sodium Ascorbate, Citrus Limon (Lemon) Peel Extract, Citrus Auranitum Bergamia (Bergamot) Fruit Extract, Lavandula Angustifolia (Lavender) Flower/Leaf/Stem Extract, Phenoxyethanol, Sodium Benzoate, Potassium Sorbate']",87.0,,,0,0,0,0,0,"['Best for Dry Skin', 'Good for: Loss of firmness', 'Hydrating', 'Clean at Sephora', 'Good for: Dryness', 'Good for: Dark spots']",Skincare,Treatments,Face Serums,0,,
P503560,GLOfacial Antimicrobial Treatment Tips + Cleaning Brush Accessories,6272,BeautyBio,1011,5.0,7.0,,,,,,30.0,,,0,0,1,0,0,"['Good for: Pores', 'Plumping', 'Hydrating', 'Good for: Acne/Blemishes']",Skincare,High Tech Tools,,0,,
P471065,Mini Water Drench  Hyaluronic Hydrating Moisturizer SPF 45,3728,Peter Thomas Roth,9899,4.3149,794.0,0.67 oz/ 20 mL,Size,0.67 oz/ 20 mL,,"['Avobenzone 3%, Homosalate 5%, Octisalate 5%, Octocrylene 10%, Water/Aqua/Eau, Polymethylsilsesquioxane, Glycerin, Dipropylene Glycol, Dimethicone, Argania Spinosa Kernel Oil, Tocopheryl Acetate, Yeast Extract, Cyclopentasiloxane, Cyclohexasiloxane, Phenoxyethanol, Lauryl PEG-9 Polydimethylsiloxyethyl Dimethicone, Isododecane, Dimethicone/PEG-10/15 Crosspolymer, Saccharide Isomerate, Methyl Gluceth-20, Sodium Chloride, Sodium Hyaluronate, Bisabolol, PEG-15/Lauryl Dimethicone Crosspolymer, Sodium PCA, Propylene Glycol, Ceteareth-25, Sodium Benzoate, Potassium Sorbate, Sodium Citrate, Citric Acid, Sambucus Nigra Fruit Extract, Cetyl Alcohol, Saccharomyces/Magnesium Ferment, Hydrolyzed Silk, Behenic Acid, Ceramide NP, Cholesterol, Ethylhexylglycerin, Tocopherol, Ceramide NS, Saccharomyces/Iron Ferment, Saccharomyces/Copper Ferment, Saccharomyces/Silicon Ferment, Saccharomyces/Zinc Ferment, Butylene Glycol, Ceramide AP, Ceramide EOP, Ceramide EOS, Olea Europaea (Olive) Leaf Extract, Caprooyl Phytosphingosine, Caprooyl Sphingosine, Disodium EDTA, Ascorbyl Palmitate, Mica (CI 77019).']",23.0,,,0,0,0,0,0,"['Without Oxybenzone', 'Hyaluronic Acid', 'Good for: Dullness/Uneven Texture', 'Good for: Anti-Aging', 'Good for: Dryness']",Skincare,Mini Size,,0,,
P505031,The POREfessional Smooth Sip Lightweight Gel-Cream Moisturizer,5333,Benefit Cosmetics,736,4.5975,718.0,1.7 oz / 50 ml,Size,1.7 oz / 50 ml,,"['Aqua (Water), Propanediol, Glycerin, Niacinamide, Caprylic/Capric Triglyceride, Cellulose, Squalane, Maltitol, Ammonium Acryloyldimethyltaurate/VP Copolymer, Acrylates/C10-30 Alkyl Acrylate Crosspolymer, Chlorphenesin, Hydroxyacetophenone, Bisabolol, Xanthan Gum, Parfum (Fragrance), Aloe Barbadensis Leaf Juice, Sodium Hydroxide, Sclerotium Gum, Sorbitan Trioleate, Hydrogenated Lecithin, Pullulan, Butylene Glycol, Pentylene Glycol, Phenethyl Alcohol, Saccharide Isomerate, Silica, Apium Graveolens (Celery) Seed Extract, Sphingolipids, Sphingomonas Ferment Extract, Linum Usitatissimum (Linseed) Seed Extract, Citric Acid, Pentaerythrityl Tetra-Di-T-Butyl Hydroxyhydrocinnamate, Sodium Citrate, Tocopherol.']",44.0,,,0,1,0,0,0,"['Good for: Dullness/Uneven Texture', 'Good for: Pores', 'Good for: Dryness', 'Best for Oily, Combo, Normal Skin', 'Best for Dry, Combo, Normal Skin', 'Niacinamide']",Skincare,Moisturizers,Moisturizers,0,,
P442761,C.E.O Glow Vitamin C + Turmeric Face Oil,6073,Sunday Riley,75741,4.0759,843.0,1.18 oz/ 35 mL,Size,1.18 oz/ 35 mL,,"['Rubus Idaeus (Cold Pressed Red Raspberry) Seed Oil, Neopentyl Glycol Diethylhexanoate, Caprylyl Caprylate/Caprate, Simmondsia Chineses (Jojoba) Seed Oil, Vaccinium Macrocarpon (Cold Pressed Cranberry) Seed Oil, Punica Granatum (Cold Pressed Pomegranate) Seed Oil, Cucumis Sativus (Cucumber) Seed Oil, Oenothera Biennis (Evening Primrose) Seed, Tetrahexyldecyl Ascorbate, Octyldodecanol, Curcuma Longa (Turmeric) Root Extract, Helianthus Annuus (Sunflower) Seed Oil Unsaponifiables, Citrus Aurantium Amara (Bitter Orange) Flower Oil, Eclipta Prostrata Extract, Melia Azadirachta Leaf Extract, Moringa Oleifera Seed Oil, Tocopherol, Helianthus Annuus (Sunflower) Seed Oil, Pentylene Glycol, 4-t-Butylcyclohexanol, Ribes Nigrum (Black Current) Seed Oil, Bisabolol, Cetylhydroxyproline Palmitamide, Hexyldecanol, Hydroxyphenyl Propamidobenzoic Acid, Stearic Acid, Brassica Campestris (Rapeseed) Sterols, Cardiospermum Halicacabum Flower/ Leaf/ Vine Extract, Zingiber Officinale, Rosemarinus Officinalis (Rosemary) Leaf Extract.']",80.0,,,0,0,0,0,0,"['Good for: Dullness/Uneven Texture', 'Good for: Dark Circles', 'Good for: Redness', 'Vitamin C', 'Cruelty-Free']",Skincare,Moisturizers,Face Oils,1,40.0,40.0
P474121,SD Advanced  PLUS Intensive Moisturizer For Wrinkles & Stretch Marks,6358,StriVectin,3783,4.6848,92.0,2 oz/ 60 mL,Size,2 oz/ 60 mL,,"['Aqua (Water, Eau), Glycerin, Pentaerythrityl Tetraisostearate, Trimethylolpropane Tricaprylate/Tricaprate, Neopentyl Glycol Diheptanoate, Propanediol, Myristyl Nicotinate, Cetearyl Alcohol, Butylene Glycol, Bis-Stearyl Dimethicone, Glyceryl Stearate, Theobroma Grandiflorum Seed Butter, Dimethicone, Sorbitan Stearate, Stearoxymethicone/Dimethicone Copolymer, 1,2-Hexanediol, Palmitoyl Tripeptide-38, Oryza Sativa (Rice) Bran Extract, Palmitoyl Tetrapeptide-7, Astrocaryum Murumuru Seed Butter, Palmitoyl Tripeptide-1, Copper Tripeptide-1, Saccharide Isomerate, Panthenol, Hydroxyethyl Acrylate/ Sodium Acryloyldimethyl Taurate Copolymer, PEG-40 Stearate, Astrocaryum Vulgare Kernel Oil, Polysilicone-11, Butyrospermum Parkii (Shea) Butter, Ceteareth-20, Bisabolol, Caprylhydroxamic Acid, Nicotiana Benthamiana Hexapeptide-40 sh-Oligopeptide-1, Phaseolus Lunatus (Green Bean) Seed Extract, Aloe Barbadensis Leaf Juice, Bacillus/Sea Salt Ferment Filtrate, Zingiber Officinale (Ginger) Root Extract, Rosmarinus Officinalis (Rosemary) Leaf Extract, Polyglyceryl-4 Diisostearate/Polyhydroxystearate/Sebacate, Pentaclethra Macroloba Seed Oil/Behenic Acid/Aminopropanediol Amides/Esters, Helianthus Annuus (Sunflower) Extract, Hydrolyzed Hyaluronic Acid, Evodia Rutaecarpa Fruit Extract, Sodium Hyaluronate Crosspolymer, Nymphaea Alba Flower Extract, Methylglucoside Phosphate, Cetyl Hydroxyethylcellulose, Adenosine, Isohexadecane, Sorbitan Isostearate, Hydroxypropyl Cyclodextrin, Copper Lysinate/Prolinate, Aminomethyl Propanol, Dicaprylyl Ether, Dipotassium Phosphate, Ethylhexyl Stearate, Sodium Isostearate, Polysorbate 60, Resveratrol, Xanthan Gum, Disodium EDTA, Fragrance (Parfum), Lactic Acid, Mica, Rutin, Tocopherol, Sodium Citrate, Citric Acid, CI 77891 (Titanium Dioxide), CI 77491 (Iron Oxides).']",82.0,,,0,0,1,0,0,"['Good for: Anti-Aging', 'Good for: Dryness', 'Hyaluronic Acid', 'Without Parabens']",Skincare,Moisturizers,Moisturizers,0,,
P455926,Retinol Reform Treatment Serum,6314,Shani Darden Skin Care,63782,4.2569,1012.0,1 oz / 30 mL,Size,1 oz / 30 mL,,"['Aqua (Water, Eau), Caprylic/Capric Triglyceride, Glycerin, Pyrus Malus (Apple) Fruit Extract, Lactic Acid, Hydroxyethyl Acrylate/Sodium Acryloyldimethyl Taurate Copolymer, Lactobacillus Ferment, Isohexadecane, Retinol, Copernicia Cerifera Cera (Copernicia Cerifera (Carnauba) Wax, Cire de Carnauba), Glucosamine HCl, Plankton Extract, Camellia Sinensis Leaf Extract, Aloe Barbadensis Leaf Juice, Tocopheryl Acetate, Niacinamide, Hydrogenated Lecithin, Linoleic Acid, Glycine Soja (Soybean) Sterols, Phospholipids, Propanediol, Sodium Cocoamphoacetate, Sorbitan Isostearate, Polysorbate 60, Oryza Sativa (Rice) Bran Extract, Rosmarinus Officinalis (Rosemary) Leaf Extract, Helianthus Annuus (Sunflower) Extract, Tocopherol, Cyamopsis Tetragonoloba, (Guar) Gum, Maltodextrin, Xanthan Gum, Lecithin, Hydrolyzed Algin, Xylitylglucoside, Anhydroxylitol, Xylitol, Tetrasodium Glutamate Diacetate, BHT, BHA, Sodium Hydroxide, Phenoxyethanol, Caprylyl Glycol, Ethylhexylglycerin, Hexylene Glycol.']",88.0,,,0,0,0,0,1,"['Vegan', 'allure 2020 Best of Beauty Award Winner', 'Good for: Dullness/Uneven Texture', 'Good for: Anti-Aging', 'Retinol', 'Black Owned at Sephora']",Skincare,Treatments,Face Serums,1,30.0,30.0
P504575,PRO ACV Healthy Gut Vegan Gummies with 100% Organic Apple Cider Vinegar and Probiotics,7050,HUM Nutrition,797,4.6607,168.0,60  / vegan gummies,Size,60  / vegan gummies,,"['Tapioca Syrup, Cane Sugar, Water, Pectin, Citric Acid, Medium Chain Triglycerides (MCT), Natural Flavors, Sodium Malate, Sunflower Lecithin, Organic Tapioca Starch, Vegetable Juice (Color).']",26.0,,,0,1,0,0,1,"['Vegan', 'Clean at Sephora', 'Without Phthalates', 'Without Parabens']",Skincare,Wellness,Beauty Supplements,0,,
P271682,Instant FIRMx Temporary Face Tightener,3728,Peter Thomas Roth,19631,3.5567,476.0,3.4 oz,Size,3.4 oz,,"['Water/Aqua/Eau, Butylene Glycol, Glycerin, Sodium Silicate, Magnesium Aluminum Silicate, Sodium Magnesium Fluorosilicate, Foeniculum Vulgare (Fennel) Seed Extract, Symphytum Officinale Root Extract, Panthenol, Tocopheryl Acetate, Carrageenan, Sodium Phytate, Potassium Sorbate, Sodium Benzoate, Ascorbic Acid, Phenoxyethanol.']",49.0,,,0,0,0,0,0,"['Good for: Anti-Aging', 'Good for: Loss of firmness', 'Good for: Pores', 'Vitamin C', 'Without Retinyl Palmitate', 'Fragrance Free']",Skincare,Treatments,Face Serums,0,,
P451745,30% Glycolic Acid Peel Concentrate,6303,SOBEL SKIN Rx,3924,4.125,24.0,1.7 oz/ 50 mL,Size,1.7 oz/ 50 mL,,"['Aqua/Water/Eau, Glycolic Acid, Ethoxydiglycol Galactoarabinan, Sodium PCA, Sodium Hyaluronate, Hamamelis Virginiana (Witch Hazel) Water, Alcohol, Chamomilla Recutita (Matricaria) Flower Extract, Calendula Officinalis Flower Extract, Cucumis Sativus (Cucumber) Fruit Extract, Glycerin, Phenoxyethanol, Ethylhexylglycerin, Sodium Hydroxide.']",46.0,,,0,0,1,0,0,"['Good for: Dullness/Uneven Texture', 'Good for: Pores', 'Clean at Sephora', 'AHA/Glycolic Acid', 'Cruelty-Free']",Skincare,Treatments,Facial Peels,0,,
P503191,Mini Indigo Overnight Repair Serum in Cream Treatment,6041,Tatcha,17810,4.5474,1098.0,0.34 oz / 10 mL,Size,0.34 oz / 10 mL,,"['Aqua/Water/Eau, Dimethicone, Diglycerin, Saccharomyces/Camellia Sinensis Leaf/Cladosiphon Okamuranus/Rice Ferment Filtrate*, Glycerin, Diphenylsiloxy Phenyl Trimethicone, Neopentyl Glycol Diethylhexanoate, Butylene Glycol, Diisostearyl Malate, Peg-10 Dimethicone, Propanediol, Disteardimonium Hectorite, Ophiopogon Japonicus Root Extract, Indigofera Tinctoria Leaf Extract, Ceramide Ng, Palmitic Acid, Linoleic Acid, Sodium Hyaluronate, Polygonum Tinctorium Leaf/Stem Extract, Cetyl Alcohol, Sucrose Stearate, Sucrose Palmitate, Maltodextrin, Sargassum Vulgare Extract, Saccharomyces Ferment Filtrate, Hydrolyzed Lagenaria Siceraria Fruit Juice, Salvia Miltiorrhiza Root Extract, Tocopherol, Lauryl Peg-9 Polydimethylsiloxyethyl Dimethicone, Magnesium Sulfate, Hydrogenated Lecithin, Phytosterols, Ethylhexylglycerin, Phenoxyethanol, Mica (Ci 77019), Tin Oxide (Ci 77861), Titanium Dioxide (Ci 77891)']",22.0,,,0,0,0,0,1,"['Good for: Redness', 'Hyaluronic Acid', 'Good for: Dullness/Uneven Texture', 'Hydrating', 'Clean at Sephora', 'Good for: Anti-Aging']",Skincare,Moisturizers,Moisturizers,0,,
P504848,Resveratrol-Lift Ultimate Firming Set,4171,Caudalie,3970,4.25,4.0,,,,,"['Resveratrol-Lift Firming Serum:', 'Aqua/Water/Eau, Butylene Glycol, Glycerin, Hexyldecanol, Hexyldecyl Laurate, Squalane, Tocopheryl Acetate, Palmitoyl Grapevine Shoot Extract, C20-22 Alkyl Phosphate, C20-22 Alcohols, Potassium Cetyl Phosphate, Polyacrylate Crosspolymer-6, Caprylyl Glycol, Hydroxyethyl Acrylate/Sodium Acryloyldimethyl Taurate Copolymer, Hydrolyzed Hyaluronic Acid, Sodium Dehydroacetate, Hyaluronic Acid, Adenosine, Sodium Hydroxide, Acetyl Dipeptide-1 Cetyl Ester, Sodium Phytate, Khaya Senegalensis Bark Extract, Maltodextrin, Paeonia Lactiflora Root Extract, Parfum (Fragrance), Linalool, Limonene, Coumarin (251/031).', 'Resveratrol-Lift Firming Eye Gel Cream:', 'Aqua/Water/Eau, Butylene Glycol, Glycerin, Coco-Caprylate/Caprate, Isoamyl Laurate, Palmitoyl Grapevine Shoot Extract, Polyacrylate Crosspolymer-6, Ethylhexylglycerin, Sodium Polyacrylate, Stearyl Heptanoate, Sclerotium Gum, Xanthan Gum, Chenopodium Quinoa Seed Extract, Stearyl Caprylate, Tocopherol, Helianthus Annuus (Sunflower) Seed Oil, Benzyl Alcohol, Hydrolyzed Hyaluronic Acid, Caesalpinia Spinosa Fruit Extract, Adenosine, Acetyl Dipeptide-1 Cetyl Ester, Sodium Benzoate, Kappaphycus Alvarezii Extract, Sodium Phytate, Hyaluronic Acid, Khaya Senegalensis Bark Extract, Maltodextrin, Paeonia Lactiflora Root Extract(259/009).', 'Resveratrol-Lift Firming Cashmere Moisturizer:', 'Aqua/Water/Eau, Coco-Caprylate/Caprate, Caprylic/Capric Triglyceride, Butylene Glycol, Octyldodecyl Myristate, Glycerin, Butyrospermum Parkii (Shea) Butter Extract, Cetearyl Alcohol, C12-16 Alcohols, Microcrystalline Cellulose, Vitis Vinifera (Grape) Seed Oil, Palmitoyl Grapevine Shoot Extract, Cetearyl Glucoside, Ci 77891 (Titanium Dioxide), Hydrogenated Lecithin, Palmitic Acid, Potassium Cetyl Phosphate, Mica, Caprylyl Glycol, Polyacrylate Crosspolymer-6, Benzyl Alcohol, Tocopherol, Helianthus Annuus (Sunflower) Seed Oil, Xanthan Gum, Hydrolyzed Hyaluronic Acid, Lecithin, Adenosine, Sodium Phytate, Acetyl Dipeptide-1 Cetyl Ester, Hyaluronic Acid, Dehydroacetic Acid, Silica, Khaya Senegalensis Bark Extract, Maltodextrin, Tin Oxide, Sodium Hydroxide, Paeonia Lactiflora Root Extract, Citric Acid, Parfum (Fragrance), Linalool, Limonene, Coumarin(246/011).']",84.0,125.0,,1,1,0,0,0,"['Hyaluronic Acid', 'Good for: Loss of firmness', 'Clean + Planet Positive', 'Good for: Anti-Aging', 'Oil Free']",Skincare,Value & Gift Sets,,0,,
P448562,Barrier+ Foaming Clay Cleanser,6289,Skinfix,9256,4.4493,69.0,5 oz/ 148 mL,Size,5 oz/ 148 mL,,"['Water/Aqua, Sodium Cocoyl Isethionate, Coco-Glucoside, Kaolin, Coco-Betaine, Coconut Alcohol, Hydrogenated Coconut Acid, Stearyl Alcohol, Maltooligosyl Glucoside, Propanediol, Titanium Dioxide, Betaine, Behenyl Alcohol, Simmondsia Chinensis (Jojoba) Seed Oil, Aloe Barbadensis Leaf Juice Powder, Sodium Isethionate, Hydroxypropyl Methylcellulose, Sodium Chloride, Hydrogenated Starch Hydrolysate, 1,2-Hexanediol, Montmorillonite, Caprylhydroxamic Acid, Trisodium Ethylenediamine Disuccinate, Xanthan Gum, Sodium Hydroxide.']",32.0,,,0,0,0,0,1,"['Vegan', 'Good for: Pores', 'Clean + Planet Positive', 'Best for Oily, Combo, Normal Skin', 'Without Parabens', 'Gluten Free']",Skincare,Cleansers,Face Wash & Cleansers,0,,
P471017,Super Anti-Aging Face Cream,6302,Dr. Barbara Sturm,928,3.2222,9.0,1.7 oz/ 50 mL,Size,1.7 oz/ 50 mL,,"['Aqua/Water/Eau, Caprylic/Capric Triglyceride, Decyl Oleate, Butyrospermum Parkii (Shea) Butter, Glycerin, Hydrogenated Lecithin, Pentylene Glycol, Lactobacillus/Portulaca Oleracea Ferment Extract, Olea Europaea (Olive) Fruit Oil, Persea Gratissima (Avocado) Oil, Tocopheryl Acetate, Ceramide NP, Sodium Hyaluronate, Polygonum Bistorta Root Extract, Leuconostoc/Radish Root Ferment Filtrate, Plankton Extract, Phenoxyethanol, Panthenol, C12-16 Alcohols, Palmitic Acid, Squalane, Xanthan Gum, Carbomer, Ethylhexylglycerin, Helianthus Annuus (Sunflower) Seed Oil, Tocopherol, Teprenone, Sodium Hydroxide, Hexylene Glycol, Pantolactone, Caprylyl Glycol, Citric Acid.']",360.0,,,0,0,0,0,0,"['Good for: Loss of firmness', 'Good for: Anti-Aging', 'Hyaluronic Acid', 'Fragrance Free', 'Cruelty-Free']",Skincare,Moisturizers,Moisturizers,0,,
P480278,Rapid Radiance Set,6195,Biossance,55347,4.1324,136.0,,,,,"['Marine Algae Eye Cream:', 'Water (Aqua), Caprylic/Capric Triglyceride, Squalane, Glycerin, Sorbitan Olivate, Cetearyl Olivate, Jojoba Esters, Glyceryl Stearate SE, Panthenol, Hydroxyethyl Acrylate/Sodium Acryloyldimethyl Taurate Copolymer, Cetyl Palmitate, Spilanthes Acmella Flower Extract, Palmitoyl Tripeptide-5, Sorbitan Palmitate, Dunaliella Salina Extract, Astaxanthin, Sodium Hyaluronate, Phenoxyethanol, Ethylhexylglycerin, Tocopherol, Citric Acid.', 'Lactic Acid Resurfacing Night Serum:', 'Water/Aqua/Eau, Caprylic/Capric Triglyceride, Lactic Acid, Squalane, Glycerin, Sodium Hydroxide, Cetearyl Olivate, Propanediol, Sorbitan Olivate, Cetearyl Alcohol, Lespedeza Capitata Leaf/Stem Extract, Polyacrylate Crosspolymer-6, Acacia Senegal Gum, Sodium Gluconate, Xanthan Gum, Phenoxyethanol, Ethylhexylglycerin, Lavandula Angustifolia (Lavender) Oil, Linalool.', 'Omega Repair Cream:', 'Water, Squalane, Glycerin, Caprylic/Capric Triglyceride, Isoamyl Laurate, Butyrospermum Parkii (Shea) Butter, Sorbitan Olivate, Cetearyl Olivate, Ceramide NP, Jojoba Esters, Sodium Hyaluronate, Euterpe Oleracea Sterols, Linoleic Acid, Oleic Acid, Linolenic Acid, Ethyl Linoleate, Tocopherol, Isoamyl Cocoate, Cetyl Palmitate, Sorbitan Palmitate, Cetearyl Alcohol, Ethylhexylglycerin, Carbomer, Sodium Hydroxide, Phenoxyethanol, Sodium Gluconate.', 'Squalane + Vitamin C Rose Oil:', 'Squalane, Tetrahexyldecyl Ascorbate, Caprylic/Capric Triglyceride, Pistacia Lentiscus (Mastic) Gum, Rosa Damascena Flower Extract, Geraniol, Citronellol.']",35.0,92.0,,0,0,0,0,1,"['Vegan', 'Good for: Dullness/Uneven Texture', 'Clean + Planet Positive', 'Good for: Dryness', 'Without Parabens', 'Best for Dry, Combo, Normal Skin']",Skincare,Value & Gift Sets,,0,,
P467248,Fat Water Niacinamide Pore-Refining Toner Serum with Barbados Cherry,6352,Fenty Skin,77300,4.1052,485.0,5.0 oz/ 150 mL,Size + Concentration,5.0 oz/ 150 mL Original,,"['Aqua/Water/Eau, Hamamelis Virginiana (Witch Hazel) Water, Butylene Glycol, Niacinamide, Polysorbate 20, Leuconostoc/Radish Root Ferment Filtrate, Backhousia Citriodora Leaf Extract, Camellia Oleifera Leaf Extract, Cereus Grandiflorus (Cactus) Flower Extract, Ficus Carica (Fig) Fruit Extract, Ginkgo Biloba Leaf Extract, Hovenia Dulcis Fruit Extract, Malpighia Punicifolia (Acerola) Fruit Extract, Glycerin, Acrylates/C10-30 Alkyl Acrylate Crosspolymer, Citric Acid, Sodium Hydroxide, Benzoic Acid, Potassium Sorbate, Phenoxyethanol, Parfum/Fragrance, Red 33 (Ci 17200).']",34.0,,,0,0,0,0,1,"['Vegan', 'Good for: Pores', 'Clean at Sephora', 'Alcohol Free', 'Good for: Dark spots', 'Black Owned at Sephora']",Skincare,Cleansers,Toners,1,34.0,34.0
P501024,Hydrating Active Roller with Hyaluronic Acid,6329,FaceGym,407,4.3,30.0,Tool w/ 2 Roller Heads / Tool w/ 2 Roller Heads,Size,Tool w/ 2 Roller Heads / Tool w/ 2 Roller Heads,,"['Sodium Hyaluronate, Algin, Glycerin, Trehalose, Aqua/Water, Propanediol, Simmondsia Chinensis (Jojoba) Seed Oil, Butylene Glycol, Caprylyl Glycol, 1,2-Hexanediol, Madecassoside, Ethylhexylglycerin, Polysorbate 80, Acetyl Hexapeptide-8, Copper tripeptide-1, Acetyl hexapeptide-8, Palmitoyl Pentapeptide-4.']",70.0,,,0,0,1,0,0,"['Refill Available', 'Hyaluronic Acid', 'Clean at Sephora', 'Good for: Dryness', 'Best for Dry, Combo, Normal Skin', 'Niacinamide']",Skincare,High Tech Tools,Anti-Aging,1,70.0,70.0
P446909,Zincscreen 100% Mineral Sunscreen Lotion SPF 40 PA+++,5987,Supergoop!,20095,3.8729,354.0,1.7 oz/ 50 mL,Size,1.7 oz/ 50 mL,,"['Water, Tetradecane, Cetearyl Nonanoate, Ethylhexyl Palmitate, Caprylic/Capric Triglyceride, Isopropyl Palmitate, Isopropyl Myristate, Glycerin, Polyglyceryl-3 Diisostearate, Mica, Propanediol, Disteardimonium Hectorite, Gluconolactone, Polyglyceryl-6 Polyricinoleate, Brassica Campestris/ Aleurites Fordi Oil Copolymer, Propanediol, Polyhydroxystearic Acid, Sodium Chloride, Magnesium Sulfate, Fructose, Octyldodecyl Oleate, Tocopherol, Cocos Nucifera (Coconut) Fruit Extract, Sodium Benzoate, Iron Oxides (CI 77492), Dodecane, Hexadecane, Titanium Dioxide (CI 77891), Withania Somnifera Flower Extract, Iron Oxides (CI 77491), Vaccinium Angustifolium (Blueberry) Fruit Extract, Silica, Calcium Gluconate.']",44.0,,,0,0,0,0,0,"['Vegan', 'Natural Finish', 'Clean at Sephora', 'Best for Oily, Combo, Normal Skin', 'SPF', 'Cruelty-Free']",Skincare,Sunscreen,Face Sunscreen,0,,
P457510,Private Party: Supports Vaginal & Urinary Tract Health,7050,HUM Nutrition,14955,4.6727,278.0,30 Capsules,,,,"['Cranberry PACs, Lactobacillus Acidophilus, Lactobacillus Rhamnosus, Lactobaciilus Reuteri, Microcrystalline Celluose, Bamboo Extract (Bambusa Vulgaris)(Shoots).']",26.0,,,0,0,1,0,0,"['Vegan', 'Without Phthalates', 'Without Parabens', 'Gluten Free']",Skincare,Wellness,Beauty Supplements,0,,
P470507,The Cream with TFC8 Face Moisturizer,6356,Augustinus Bader,11428,4.3605,430.0,1 oz/ 30 mL,Size,1 oz/ 30 mL,,"['Aqua (Water), Caprylic/Capric Triglyceride, Pentylene Glycol, Propylene Glycol, Hydrogenated Phosphatidylcholine, Glycerin, Sorbitol, Tocopheryl Acetate, Butyrospermum Parkii (Shea) Butter, Xanthan Gum, Butylene Glycol, Panthenol, Sodium Carbomer, Aloe Barbadensis Leaf Juice, Alcohol, Hydrolyzed Rice Protein, Squalane, Helianthus Annuus (Sunflower) Seed Oil, Phenoxyethanol, Sodium Hydroxide, Carbomer, Lecithin, Cholesterol, Hydrogenated Lecithin, Ascorbyl Palmitate, Ceramide NP, Glycine Soja (Soybean) Protein, Superoxide Dismutase, Citric Acid, Dextran, Palmitoyl Tripeptide-8, Alanyl Glutamine, Arginine, Ceramide NG, Glycine, Lysine, Oleic Acid, Palmitic Acid, Phenylalanine, Proline, Scenedesmus Rubescens Extract, Ascorbic Acid, Retinyl Palmitate, Sodium Benzoate, Potassium Sorbate, Ethylhexylglycerin, Sodium Dextran Sulfate, Brassica Alba Oil, Disodium EDTA, Oligopeptide-177, Sodium Ascorbate, Tocopherol.']",180.0,,,0,0,0,0,0,"['Vitamin C', 'Good for: Anti-Aging', 'Good for: Loss of firmness', 'Good for: Dullness/Uneven Texture', 'Good for: Dark spots', 'Best for Oily, Combo, Normal Skin']",Skincare,Moisturizers,Moisturizers,2,290.0,92.0
P501574,Renew + Recover Face + Eye Hydration Essentials,6352,Fenty Skin,5017,,,,,,,"['Instant Reset Brightening Overnight Recovery Gel-Cream with Niacinamide:', 'Aqua/Water/Eau, Glycerin, Caprylic/Capric Triglyceride, Dicaprylyl Carbonate, Glycereth-26, Niacinamide, Hyaluronic Acid, Sodium Hyaluronate, Panthenol, Tocopheryl Acetate, Citrullus Lanatus (Watermelon) Seed Oil, Backhousia Citriodora Leaf Extract, Cereus Grandiflorus (Cactus) Flower Extract, Hovenia Dulcis Fruit Extract, Adansonia Digitata Seed Oil, Adansonia Digitata Fruit Extract, Camellia Sinensis Leaf Extract, Aloe Barbadensis Leaf Juice, Simmondsia Chinensis (Jojoba) Seed Oil, Tocopherol, Phospholipids, Hydrolyzed Jojoba Esters, Cetearyl Glucoside, Glyceryl Caprylate, Glyceryl Undecylenate, Polyglyceryl-3 Methylglucose Distearate, Hydroxyethyl Acrylate/Sodium Acryloyldimethyl Taurate Copolymer, Cetearyl Alcohol, Ammonium Acryloyldimethyltaurate/Beheneth-25 Methacrylate Crosspolymer, Pentaerythrityl Tetra-Di-T-Butyl Hydroxyhydrocinnamate, Polysorbate 60, Sorbitan Isostearate, Sodium Phytate, Xanthan Gum, Citric Acid, Leuconostoc/Radish Root Ferment Filtrate, Hydroxyacetophenone, Propanediol, Butylene Glycol, Ethylhexylglycerin, Phenoxyethanol, Parfum/Fragrance, Benzyl Salicylate, Hexyl Cinnamal, Linalool, Limonene, Red 4 (CI 14700), Red 33 (CI 17200).', 'Flash Nap Instant Revival Priming Eye Gel-Cream:', 'Aqua/Water/Eau, Glycerin, Caprylic/Capric Triglyceride, Dicaprylyl Carbonate, Glycereth-26, Niacinamide, Hyaluronic Acid, Sodium Hyaluronate, Panthenol, Tocopheryl Acetate, Citrullus Lanatus (Watermelon) Seed Oil, Backhousia Citriodora Leaf Extract, Cereus Grandiflorus (Cactus) Flower Extract, Hovenia Dulcis Fruit Extract, Adansonia Digitata Seed Oil, Adansonia Digitata Fruit Extract, Camellia Sinensis Leaf Extract, Aloe Barbadensis Leaf Juice, Simmondsia Chinensis (Jojoba) Seed Oil, Tocopherol, Phospholipids, Hydrolyzed Jojoba Esters, Cetearyl Glucoside, Glyceryl Caprylate, Glyceryl Undecylenate, Polyglyceryl-3 Methylglucose Distearate, Hydroxyethyl Acrylate/Sodium Acryloyldimethyl Taurate Copolymer, Cetearyl Alcohol, Ammonium Acryloyldimethyltaurate/Beheneth-25 Methacrylate Crosspolymer, Pentaerythrityl Tetra-Di-T-Butyl Hydroxyhydrocinnamate, Polysorbate 60, Sorbitan Isostearate, Sodium Phytate, Xanthan Gum, Citric Acid, Leuconostoc/Radish Root Ferment Filtrate, Hydroxyacetophenone, Propanediol, Butylene Glycol, Ethylhexylglycerin, Phenoxyethanol, Parfum/Fragrance, Benzyl Salicylate, Hexyl Cinnamal, Linalool, Limonene, Red 4 (CI 14700), Red 33 (CI 17200).']",45.0,59.0,,1,0,1,0,1,"['Vegan', 'Hydrating', 'Clean at Sephora', 'Good for: Anti-Aging', 'Good for: Dryness', 'Black Owned at Sephora']",Skincare,Value & Gift Sets,,0,,
P483701,Daily Essentials Travel Set,6488,The Outset,4435,4.5741,108.0,,,,,"['Gentle Micellar Antioxidant Cleanser:', 'Water (Aqua, Eau), Glycerin, Propanediol, Decyl Glucoside, Caprylyl/Capryl Glucoside, Cassia Angustifolia Seed Polysaccharide, Chamomilla Recutita (Matricaria) Flower Extract, Helianthus Annuus (Sunflower) Extract, Citrus Aurantium Dulcis (Orange) Fruit Water, Citrus Limon (Lemon) Fruit Water, Helianthus Annuus (Sunflower) Seed Oil, Persea Gratissima (Avocado) Oil, Vitis Vinifera (Grape) Seed Oil, Rosmarinus Officinalis (Rosemary) Leaf Extract, Pyrus Malus (Apple) Fruit Extract, Oryza Sativa (Rice) Bran Extract, Serine, Alanine, Glycine, Lysine HCl, Threonine, Arginine, Proline, Hydrogenated Palm Glycerides Citrate, Heptyl Glucoside, Phenoxyethanol, Dehydroxanthan Gum, Coco-Glucoside, Glyceryl Oleate, Caprylyl Glycol, Glutamic Acid, PCA, Citric Acid, Trisodium Ethylenediamine Disuccinate, Tocopherol, Betaine, Potassium Hydroxide, Potassium Sorbate, Sodium Benzoate, Sodium Lactate, Sodium PCA.', 'Firming Vegan Collagen Prep Serum:', 'Water (Aqua, Eau), Propanediol, Glycerin, Triheptanoin, Coco-Caprylate/Caprate, Sodium Polyacryloyldimethyl Taurate, Capryloyl Glycerin/Sebacic Acid Copolymer, Cassia Angustifolia Seed Polysaccharide, Helianthus Annuus (Sunflower) Seed Oil, Heterotheca Inuloides Flower Extract, Chenopodium Quinoa Seed Extract, Poncirus Trifoliata Fruit Extract, Hydrolyzed Brassica Napus Seedcake Extract, SR-Hydrozoan Polypeptide-1, Castor Oil/IPDI Copolymer, Diheptyl Succinate, Phenoxyethanol, Dilinoleic Acid/Butanediol Copolymer, Caprylyl Glycol, Hydrolyzed Jojoba Esters, Lysolecithin, Sclerotium Gum, Tetrahexyldecyl Ascorbate, Tocopheryl Acetate, Tetrasodium Glutamate Diacetate, Pullulan, Xanthan Gum, Jojoba Esters, Silica, Citric Acid, Sodium Benzoate, Sodium Formate, Sodium Glycolate, Sodium Hydroxide, Sodium PCA, Potassium Hydroxide, Potassium Sorbate.', 'Nourishing Squalane Daily Moisturizer:', 'Water (Aqua, Eau), Caprylic/Capric Triglyceride, Pentylene Glycol, Glycerin, Ethylhexyl Palmitate, Cetearyl Alcohol, Squalane, Cassia Angustifolia Seed Polysaccharide, Helianthus Annuus (Sunflower) Seed Oil, Cocos Nucifera (Coconut) Oil, Carthamus Tinctorius (Safflower) Seed Oil, Persea Gratissima (Avocado) Oil, Humulus Lupulus (Hops) Extract, Helianthus Annuus (Sunflower) Extract, Helianthus Annuus (Sunflower) Seed Wax, Rosmarinus Officinalis (Rosemary) Leaf Extract, Aloe Barbadensis Leaf Juice, Prunus Insititia Seed Oil, Oryza Sativa (Rice) Bran Extract, Fucus Vesiculosus Extract, Leuconostoc/Radish Root Ferment Filtrate, Leontopodium Alpinum Extract, Glycine Soja (Soybean) Oil, Jojoba Esters, Dicaprylyl Ether, Diheptyl Succinate, Glyceryl Stearate, Carbomer, Phenoxyethanol, Citric Acid, Hydrogenated Vegetable Oil, Xanthan Gum, Polyglycerin-3, Caprylyl Glycol, Capryloyl Glycerin/Sebacic Acid Copolymer, Tocopheryl Acetate, Tocopherol, Tetrasodium Glutamate Diacetate, Potassium Hydroxide, Potassium Sorbate, Sodium Benzoate, Sodium Formate, Sodium Glycolate, Sodium Hydroxide, Sodium Stearoyl Glutamate.']",50.0,,,0,0,0,0,1,"['Vegan', 'Clean + Planet Positive', 'Fragrance Free', 'Hypoallergenic', 'Gluten Free', 'Cruelty-Free']",Skincare,Value & Gift Sets,,0,,
P232910,Goat Milk Moisturizing Cream,5946,Kate Somerville,19623,4.0449,623.0,1.7 oz/ 50 mL,Size,1.7 oz/ 50 mL,,"['Water, Ethylhexyl Palmitate, Myristyl Myristate, Glyceryl Stearate, PEG-100 Stearate, Cetearyl Ethylhexanoate, Decyl Oleate, Glycerin, Propanediol, Goat Milk Powder, Lactose, Milk Protein, Helianthus Annuus (Sunflower) Seed Oil, Hamamelis Virginiana (Witch Hazel) Flower Water, Cocos Nucifera (Coconut) Oil, Persea Gratissima (Avocado) Oil, Simmondsia Chinensis (Jojoba) Seed Oil, Vitis Vinifera (Grape) Seed Oil, Aloe Barbadensis Leaf Juice Powder, Oryza Sativa (Rice) Bran Extract, Rosmarinus Officinalis (Rosemary) Leaf Extract, Tocopheryl Acetate, Tocopherol, Caprylyl Glycol, Acrylates/C10-30 Alkyl Acrylate Crosspolymer, Phenoxyethanol, Ethylhexylglycerin, Hexylene Glycol, Xanthan Gum, Aminomethyl Propanol, Disodium EDTA, Lactic Acid, Benzoic Acid.']",76.0,,,0,0,0,0,0,"['Good for: Dark Circles', 'Good for: Dullness/Uneven Texture', 'Good for: Dryness']",Skincare,Moisturizers,Moisturizers,0,,
P469490,Lip Treatment Balm,6125,LANEIGE,93358,4.2128,719.0,0.35 oz/ 10g,Size,0.35 oz/ 10g,,"['Diisostearyl Malate, Hydrogenated Polyisobutene, Phytosteryl/ Isostearyl/Cetyl/Stearyl/Behenyl Dimer Dilinoleate, Polybutene, Hydrogenated Poly (C6-14 Olefin), Butyrospermum Parkii (Shea) Butter, Microcrystalline Wax/Cera Microcristallina/Cire Microcristalline, Synthetic Wax, Ethylene/Propylene/Styrene Copolymer, Sucrose Tetrastearate Triacetate, Mica, Titanium Dioxide (Ci 77891), Euphorbia Cerifera (Candelilla) Wax/Candelilla Cera Hydrocarbons/Cire De Candelilla, Ethylhexyl Palmitate, Fragrance/Parfum, Candelilla Wax Esters, Astrocaryum Murumuru Seed Butter, Tribehenin, Menthoxypropanediol, Glycerin, Cocos Nucifera (Coconut) Oil, Oenothera Biennis (Evening Primrose) Oil, Lecithin, Butylene/Ethylene/Styrene Copolymer, Sorbitan Isostearate, Copernicia Cerifera (Carnauba) Wax/Copernicia Cerifera Cera/Cire De Carnauba, Dehydroacetic Acid, Adenosine, Tocopherol, Lactic Acid, Pentaerythrityl Tetra-Di-T-Butyl Hydroxyhydrocinnamate, Palmitoyl Tripeptide-1.']",25.0,,,0,0,0,0,1,"['Good for: Dullness/Uneven Texture', 'Good for: Loss of firmness', 'Shimmer Finish', 'Without Mineral Oil', 'Good for: Dryness', 'Without Silicones']",Skincare,Lip Balms & Treatments,,0,,
P464243,10% Benzoyl Peroxide Acne Cleanser,6334,Dr. Zenovia Skincare,8366,4.4931,434.0,4 oz/ 120 mL,Size,4 oz/ 120 mL,,"['Benzoyl Peroxide 10.0%, Aloe Barbadensis Leaf Extract, Bakuchiol, Camellia Sinensis (Green Tea) Leaf Polyphenols, Carbomer, Cucumis Sativus (Cucumber) Fruit Extract, Disodium EDTA, Fragrance, Genistein, Glycerin, Maltodextrin, Phenoxyethanol, Punica Granatum Sterols, Purified Water, Resveratrol, Sodium Benzoate, Sodium C14-16 Olefin Sulfonate, Stearic Acid USP, Tocopheryl Acetate.']",30.0,,,0,0,1,0,1,"['Best for Oily, Combo, Normal Skin', 'Good for: Acne/Blemishes', 'Without Parabens', 'Gluten Free', 'Without Silicones', 'Cruelty-Free']",Skincare,Cleansers,Face Wash & Cleansers,0,,
P504016,Mini Evening Primrose + Green Tea Algae Retinol Face Oil,6749,MARA,1039,4.9487,78.0,0.5 oz / 15 mL,Size,0.5 oz / 15 mL,,"['Crambe Abyssinica Seed Oillimnanthes Alba (Meadowfoam) Seed Oil, Cannabis Sativa Seed Oilglycine Soja (Soybean) Oil, Pseudozyma Epicola / Apricot Kernel Oil / Olive Fruit Oil / Sunflower Seed Oil / Sweet Almond Oil / Angelica Gigas Root Extract Ferment Extract Filtrate, Bixa Orellana Seed Oil, Oenothera Biennis (Evening Primrose) Seed Oil, Caprylic / Capric Triglyceride, Nigella Sativa Seed Oil, Retinol, Caryodendron Orinocense Seed Oil, Pseudozyma Epicola / Argania Spinosa Kernel Oil Ferment Filtrate, Pseudozyma Epicola / Camellia Sinensis Seed Oil / Glucose / Malt Extract / Soybean Flour / Yeast Extract Ferment Filtrate, Vaccinium Myrtillus Seed Oil, Helianthus Annuus (Sunflower) Seed Oil, Citrus Aurantium Amara (Bitter Orange) Peel Oil, Alaria Esculenta Extract, Laminaria Ochroleuca Extract, Plankton Extract, Tocopherol, Linalool, Limonene, Farnesol, Geraniol.']",66.0,,,0,1,0,0,0,"['Vegan', 'Good for: Dullness/Uneven Texture', 'Clean + Planet Positive', 'Good for: Anti-Aging', 'Retinol', 'Good for: Acne/Blemishes']",Skincare,Moisturizers,Face Oils,0,,
P467123,That Big Screen Moisturizer with Broad Spectrum SPF 30,6335,JLo Beauty,5411,4.1435,467.0,1.7 oz / 50 mL,Size,1.7 oz / 50 mL,,"['Water, Glycerin, Caprylic/Capric Triglyceride, Cetearyl Alcohol, Glyceryl Stearate, PEG-100 Stearate, Dimethicone, Hydrolyzed Vegetable Protein, Nelumbo Nucifera Flower Extract, Withania Somnifera Root Extract, Himanthalia Elongata Extract, Glycyrrhiza Glabra (Licorice) Root Extract, Gigartina Stellata Extract, Hydrogenated Lecithin, Chondrus Crispus Extract, Camellia Sinensis Leaf Extract, Aspalathus Linearis Extract, Boswellia Serrata Extract, Honey Extract, Tocopheryl Acetate, Tocopherol, Ethyl Ferulate Trehalose, Disodium EDTA, Cetyl Palmitate, Bisabolol, Triethoxycaprylylsilane, Sorbitan Stearate, Polysorbate 80, Butylene Glycol, Sodium Hyaluronate, Isopentyldiol, Palmitoyl Tetrapeptide-10, Farnesol, Tetrapeptide-14, Caprylyl Glycol, Hexylene Glycol, Ethylhexylglycerin, Xanthan Gum, Citric Acid, Phenoxyethanol, Sodium Benzoate.']",55.0,,,0,0,0,0,0,"['Hyaluronic Acid', 'Hydrating', 'Best for Oily, Combo, Normal Skin', 'SPF', 'Cruelty-Free']",Skincare,Moisturizers,Moisturizers,0,,
P447604,De-Puffing Jade Eye Treatment Tool,6256,Mount Lai,8818,4.7368,19.0,,,,,,30.0,,,0,0,1,0,0,"['Good for: Loss of firmness', 'Good for: Dark Circles', 'Good for: Anti-Aging']",Skincare,Wellness,Facial Rollers,0,,
P440500,Super Collagen Mask,8017,Mario Badescu,9986,4.0,21.0,2 oz/ 56 g,Size,2 oz/ 56 g,,"['Water, Kaolin, Talc, Propylene Glycol, Avena Sativa (Oat) Kernel Flour, Sorbitol, Zinc Oxide, Triticum Vulgare (Wheat) Starch, Collagen, Cellulose Gum, Carrageenan, Sodium Chloride, Fragrance, Methylparaben, Phenoxyethanol, CI 42090 (Blue 1), CI 19140 (Yellow 5)']",18.0,,,0,0,0,0,0,,Skincare,Masks,Face Masks,0,,
P471046,Turmeric Glow Brightening Moisturizer,6207,KORA Organics,17005,4.4985,1017.0,1.69 oz/ 50 mL,Size,1.69 oz/ 50 mL,,"['Aloe Barbadensis (Aloe Vera) Leaf Juice, Glycerin, Coconut Alkanes, Cetearyl Alcohol, Persea Gratissima (Avocado) Oil, Rosa Canina (Rosehip) Seed Oil, Balanites Roxburghii Seed Oil, Water/Aqua/Eau, Lactobacillus Ferment, Cetearyl Olivate, Helianthus Annuus (Sunflower) Seed Oil, Sorbitan Olivate, Butyrospermum Parkii (Shea) Butter, Hippophae Rhamnoides (Seabuckthorn) Fruit Oil, Passiflora Edulis (Maracuja) Seed Oil, Caprylic/Capric Triglyceride, Oryza Sativa (Rice) Extract, Lactobacillus, Ascorbyl Glucoside, Coco-Caprylate/Caprate, Lactobacillus/Arundinaria Gigantea Leaf Ferment Filtrate, Astrocaryum Murumuru Seed Butter, Gossypium Herbaceum (Cotton) Seed Oil, Saccharomyces Lysate Extract, Bidens Pilosa Extract, Calendula Officinalis Flower Extract, Cocos Nucifera (Coconut) Fruit Extract, Potassium Sorbate, Lavandula Angustifolia (Lavender) Oil, Linum Usitatissimum (Linseed) Seed Oil, Lactic Acid, Phospholipids, Citrus Limon (Lemon) Peel Oil, Hydrolyzed Sodium Hyaluronate, Mentha Piperita (Peppermint Indian) Leaf Oil, Sclerotium Gum, Potassium Hydroxide, Curcuma Longa (Turmeric) Root Extract, Glycyrrhiza Glabra (Licorice) Root Extract, Morinda Citrifolia Fruit Extract, Yeast (Faex) Powder, Sodium Phytate, Cylindrotheca Fusiformis Extract, Leuconostoc/Radish Root Ferment Filtrate, Cananga Odorata Flower Oil, Juniperus Virginiana (Cedarwood) Oil, Leuconostoc Ferment Filtrate, Tocopherol , Bisabolol, Soybean Peroxidase, Superoxide Dismutase, Alcohol, Citral, Geraniol, Limonene, Linalool.']",62.0,,,0,0,0,0,1,"['Radiant Finish', 'Cream Formula', 'Hydrating', 'Clean at Sephora', 'Good for: Anti-Aging', 'allure 2021 Best of Beauty Award Winner']",Skincare,Moisturizers,Moisturizers,1,50.0,50.0
P482007,Dewy Glow Jam Cleanser with Jeju Cherry Blossom,6295,innisfree,9095,4.3095,42.0,5.29 oz/ 150 mL,Size,5.29 oz/ 150 mL,,"['Water/Aqua/Eau, Glycerin, Sodium Cocoyl Alaninate, Disodium Cocoamphodiacetate, Lauryl Hydroxysultaine, Betaine, 1,2-Hexanediol, Acrylates/C10-30 Alkyl Acrylate Crosspolymer, Xanthan Gum, Caprylyl Glycol, Sodium Chloride, Coco-Glucoside, Fragrance/Parfum, Sodium Cocoyl Isethionate, Sodium Phytate, Propanediol, Hexylene Glycol, Quillaja Saponaria Bark Extract, Prunus Yedoensis Leaf Extract, Cyanocobalamin.']",13.0,,,0,0,0,0,1,"['Without Parabens', 'Best for Dry, Combo, Normal Skin', 'Without Sulfates SLS & SLES', 'Without Phthalates', 'Hydrating', 'Good for: Dullness/Uneven Texture']",Skincare,Cleansers,Face Wash & Cleansers,0,,
P471009,Vinoperfect Brightening Glycolic Peel Mask,4171,Caudalie,19999,4.5365,192.0,,Size,,,"['Aqua/Water/Eau, Glycerin, Coco-Caprylate/Caprate, Sorbitan Stearate, Glyceryl Stearate SE, Cetearyl Alcohol, Triheptanoin, Sodium Acrylate/Sodium Acryloyldimethyl Taurate Copolymer, Cetyl Alcohol, Silica, Squalane, Vitis Vinifera (Grape) Seed Oil, Palmitoyl Grapevine Shoot Extract, C15-19 Alkane, Glycolic Acid, Bisabolol, Benzyl Alcohol, Sodium Hydroxide, Citric Acid, Caprylyl Glycol, Lactic Acid, Xanthan Gum, Polyglyceryl-6 Laurate, Arginine, Paeonia Lactiflora Root Extract, Tartaric Acid, Polyglycerin-6, Helianthus Annuus (Sunflower) Seed Oil, Tocopherol, Sorbitan Oleate, Glucose, Dehydroacetic Acid, Sorbitan Isostearate, Acer Saccharum (Sugar Maple) Extract, Carbomer, Sodium Phytate, Papain, 1,2-Hexanediol, Algin, Citrus Limon (Lemon) Peel Oil, Parfum (Fragrance).']",42.0,,,0,0,0,0,0,"['Vegan', 'Good for: Dullness/Uneven Texture', 'Clean + Planet Positive', 'AHA/Glycolic Acid', 'Good for: Dark spots']",Skincare,Masks,Face Masks,0,,
P504303,Strengthening Nighttime Ritual Set,6041,Tatcha,5528,4.875,8.0,,,,,"['Indigo Overnight Repair Cream:', 'Aqua/Water/Eau, Dimethicone, Diglycerin, Saccharomyces/Camellia Sinensis Leaf/Cladosiphon Okamuranus/Rice Ferment Filtrate*, Glycerin, Diphenylsiloxy Phenyl Trimethicone, Neopentyl Glycol Diethylhexanoate, Butylene Glycol, Diisostearyl Malate, Peg-10 Dimethicone, Propanediol, Disteardimonium Hectorite, Ophiopogon Japonicus Root Extract, Indigofera Tinctoria Leaf Extract, Ceramide Ng, Palmitic Acid, Linoleic Acid, Sodium Hyaluronate, Polygonum Tinctorium Leaf/Stem Extract, Cetyl Alcohol, Sucrose Stearate, Sucrose Palmitate, Maltodextrin, Sargassum Vulgare Extract, Saccharomyces Ferment Filtrate, Hydrolyzed Lagenaria Siceraria Fruit Juice, Salvia Miltiorrhiza Root Extract, Tocopherol, Lauryl Peg-9 Polydimethylsiloxyethyl Dimethicone, Magnesium Sulfate, Hydrogenated Lecithin, Phytosterols, Ethylhexylglycerin, Phenoxyethanol, Mica (Ci 77019), Tin Oxide (Ci 77861), Titanium Dioxide (Ci 77891) *Hadasei-3.', 'The Silk Peony Melting Cream:', 'Saccharomyces/Rice Ferment Filtrate, Aqua/Water/Eau, Glycerin, Propanediol, Squalane, Dimethicone, Behenyl Alcohol, Myristyl Myristate, Glyceryl Stearate Se, Cera Alba/Beeswax/Cire d’abeille, Inositol, Silica, Caprylic/Capric/Myristic/Stearic Triglyceride, Camellia Sinensis Leaf Extract, Cladosiphon Okamuranus Extract, Paeonia Albiflora Flower Extract, Hydrolyzed Silk, Sericin, Geranium Robertianum Extract, Chondrus Crispus Extract, Yeast Ferment Extract, Sargassum Vulgare Extract, Sodium Hyaluronate, Isostearic Acid, Sodium Stearoyl Glutamate, Sodium Polyacrylate Starch, Stearyl Alcohol, Sorbitan Isostearate, Polysorbate 60, Tocopheryl Acetate, Tocopherol, Hydroxyethyl Acrylate/Sodium Acryloyldimethyl Taurate Copolymer, Sodium Benzoate, Gluconolactone, Butylene Glycol, Ethylhexylglycerin, Parfum/Fragrance, Phenoxyethanol, Citral, Limonene, Linalool, Mica, Tin Oxide, Titanium Dioxide (Ci 77891).', 'The Essence:', 'Saccharomyces/Rice Ferment Filtrate, Propanediol, Camellia Sinensis Leaf Extract, Cladosiphon Okamuranus Extract, Ethylhexylglycerin, Phenoxyethanol.']",95.0,131.0,,1,1,0,0,1,"['Good for: Redness', 'Clean at Sephora', 'Good for: Dryness']",Skincare,Value & Gift Sets,,0,,
P504985,Abeille Royale Bestsellers Travel Set,1132,GUERLAIN,214,2.0,2.0,,,,,"['Abeille Royale Advanced Youth Watery Oil:', 'Aqua (Water), Glycerin, Polyglycerin-3, 1,2-Hexanediol, Alcohol, Polysorbate 20, Pentylene Glycol, Mel (Honey), Royal Jelly, Mannitol, Cellulose, Chlorphenesin, Parfum (Fragrance), Polyacrylate Crosspolymer-6, Propanediol, Trisodium Ethylenediamine Disuccinate, Sodium Citrate, Citric Acid, Biosaccharide Gum-2, Tocopheryl Acetate, Maltodextrin, Adenosine, Caprylic/Capric Triglyceride, Acrylates/Ammonium Methacrylate Copolymer, Synthetic Fluorphlogopite, Commiphora Mukul Resin Extract, Triethyl Citrate, CI 77891 (Titanium Dioxide), Sodium Benzoate, Biosaccharide Gum-1, Sodium Metabisulfite, CI 77492 (Iron Oxides), Potassium Sorbate, CI 77491 (Iron Oxides), Hydroxypropyl Methylcellulose, Tin Oxide.', 'Abeille Royale Anti-Aging Double R Advanced Serum:', 'Aqua (Water), Glycerin, Propanediol, Alcohol, Gluconolactone, Butylene Glycol, Pentylene Glycol, Caprylic/Capric Triglyceride, Squalane, Albizia Julibrissin Bark Extract, Mel (Honey), Diglycerin, Royal Jelly, Sodium Hydroxide, Polyacrylate Crosspolymer-6, Lauroyl Lysine, Coco-Caprylate/Caprate, Glyceryl Stearate, Limnanthes Alba (Meadowfoam) Seed Oil, Avena Sativa (Oat) Kernel Extract, Parfum (Fragrance), Glycolic Acid, Sorbitol, Mel Extract (Honey Extract), Chlorphenesin, Carbomer, Citric Acid, PPG-26-Buteth-26, Lactic Acid, Sodium Magnesium Silicate, Dimethicone, Xanthan Gum, Sodium Hyaluronate, Sodium Stearoyl Glutamate, PEG-40 Hydrogenated Castor Oil, Algin, Sodium Benzoate, Sodium Citrate, Hydrolyzed Soy Flour, Malva Sylvestris (Mallow) Extract, Trisodium Ethylenediamine Disuccinate, Hydroxyacetophenone, Adenosine, Rosmarinus Officinalis (Rosemary) Leaf Extract, Polyvinyl Alcohol, Biosaccharide Gum-2, Caprylyl Glycol, Caramel, Cellulose Gum, T-Butyl Alcohol, Potassium Sorbate, CI 77492 (Iron Oxides), Lactobacillus Ferment Lysate, Yeast Ferment Extract, Tocopherol, Silica, CI 77491 (Iron Oxides).', 'Abeille Royale Anti-Aging Fortifying Lotion Toner:', 'Aqua (Water), Propanediol, Glycerin, Butylene Glycol, Polyglycerin-3, Mel (Honey), Royal Jelly, Lecithin, Chlorphenesin, Dipotassium Glycyrrhizate, Polyacrylate Crosspolymer-6, 1,2-Hexanediol, Caprylyl Glycol, Trisodium Ethylenediamine Disuccinate, Parfum (Fragrance), Citric Acid, Tocopherol, Angelica Keiskei Extract, Helianthus Annuus (Sunflower) Seed Oil.']",195.0,252.0,,1,1,1,0,1,"['Radiant Finish', 'Good for: Dullness/Uneven Texture', 'Plumping', 'Clean at Sephora', 'Good for: Anti-Aging', 'Best for Dry, Combo, Normal Skin']",Skincare,Value & Gift Sets,,0,,
P423134,MultiVitamin Power Firm Eye Cream,6219,Dermalogica,8383,4.1724,203.0,0.5 oz/ 15 mL,Size,0.5 oz/ 15 mL,,"['Cyclopentasiloxane, Bis-Diglyceryl Polyacyladipate-2, Dimethicone Crosspolymer, Cetyl Ethylhexanoate, Polylactic Acid, Tocopheryl Acetate, Caprylic/Capric Triglyceride, Camellia Sinensis Leaf Extract, Chamomilla Recutita (Matricaria) Extract, Spilanthes Acmella Flower Extract, Corallina Officinalis Extract, Carthamus Tinctorius (Safflower) Seed Oil, Vitis Vinifera (Grape) Seed Oil, Ascorbic Acid, Glycyrrhetinic Acid, Boron Nitride, Retinyl Palmitate, Tocopherol, Hydrogenated Soybean Oil, Benzyl Alcohol, Flavor/Aroma.']",69.0,,,0,0,0,0,0,"['Good for: Dark Circles', 'Good for: Loss of firmness', 'Vitamin C', 'Without Sulfates SLS & SLES', 'Cruelty-Free', 'Vegan']",Skincare,Eye Care,Eye Creams & Treatments,0,,
P427421,Protini Polypeptide Firming Refillable Moisturizer,7083,Drunk Elephant,411372,3.962,6048.0,1.69 oz/ 50 mL,Size,1.69 oz/ 50 mL,,"['Water/Aqua/Eau, Dicaprylyl Carbonate, Glycerin, Cetearyl Alcohol, Cetearyl Olivate, Sorbitan Olivate, Sclerocarya Birrea Seed Oil, Bacillus/ Folic Acid Ferment Filtrate Extract, Nymphaea Alba Root Extract, sh-Oligopeptide-1, sh-Oligopeptide-2, sh-Polypeptide-1, sh-Polypeptide-9, sh-Polypeptide-11, Copper Palmitoyl Heptapeptide-14, Heptapeptide-15 Palmitate, Palmitoyl Tetrapeptide-7, Palmitoyl Tripeptide-1, Alanine, Arginine, Glycine, Histidine, Isoleucine, Phenylalanine, Proline, Serine, Threonine, Valine, Acetyl Glutamine, Coconut Alkanes, Coco-Caprylate/Caprate, Sodium Hyaluronate, Aspartic Acid, Linoleic Acid, Linolenic Acid, Lecithin, Butylene Glycol, Polyvinyl Alcohol, Sodium Lactate, Sodium PCA, PCA, Sorbitan Isostearate, Carbomer, Polysorbate 20, Polysorbate 60, Lactic Acid/Glycolic Acid Copolymer, Hydroxyethyl Acrylate/Sodium Acryloyldimethyl Taurate Copolymer, Xanthan Gum, Isomalt, 1,2-Hexanediol, Caprylyl Glycol, Chlorphenesin, Phenoxyethanol, Tocopherol, Sodium Benzoate, Phenylpropanol, Glyceryl Caprylate, Symphytum Officinale Callus Culture Extract.']",68.0,,,0,0,0,0,0,"['Refill Available', 'Good for: Dullness/Uneven Texture', 'Good for: Loss of firmness', 'Clean at Sephora', 'Good for: Anti-Aging', 'Good for: Dryness']",Skincare,Moisturizers,Moisturizers,3,98.0,22.0
P455924,The Eye Concentrate Cream,6201,La Mer,16236,4.0535,318.0,0.5 oz/ 15 mL,Size,0.5 oz/ 15 mL,,"['Algae (Seaweed) Extract, Water\\Aqua\\Eau, Dimethicone, Isododecane, Glycerin, Hydrogenated Polyisobutene, Trisiloxane, Caprylic/Capric/Myristic/Stearic Triglyceride, Vinyl Dimethicone/Methicone Silsesquioxane Crosspolymer, Caprylic/Capric Triglyceride, Sea Salt\\Maris Sal\\Sel Marin, Yeast Extract\\Faex\\Extrait De Levure, Helichrysum Arenarium (Everlasting) Extract, Sesamum Indicum (Sesame) Seed Oil, Medicago Sativa (Alfalfa) Seed Powder, Helianthus Annuus (Sunflower) Seedcake, Prunus Amygdalus Dulcis (Sweet Almond) Seed Meal, Eucalyptus Globulus (Eucalyptus) Leaf Oil, Sodium Gluconate, Copper Gluconate, Calcium Gluconate, Magnesium Gluconate, Zinc Gluconate, Tocopheryl Succinate, Niacin, Sesamum Indicum (Sesame) Seed Powder, Asparagopsis Armata Extract, Laminaria Digitata Extract, Molasses Extract\\Saccharum Officinarum\\Extrait De Melasse, Phytosphingosine, Ecklonia Cava Extract, Corallina Officinalis Extract, Sodium Hyaluronate, Sigesbeckia Orientalis (St. Paul Wort) Extract, Polygonum Fagopyrum Seed Extract, Brassica Campestris (Rapeseed) Seed Oil, Polyglyceryl-3 Diisostearate, Glycyrrhiza Glabra (Licorice) Root Extract, Ascophyllum Nodosum Extract, Citrus Aurantifolia (Lime) Peel Extract, Cucumis Sativus (Cucumber) Fruit Extract, Acetyl Hexapeptide-8, Althaea Officinalis (Marshmallow) Root Extract, Oryza Sativa (Rice) Bran Extract, Tocopheryl Acetate, Saccharomyces Lysate Extract, Macadamia Integrifolia Seed Oil, Dipeptide-2, Glyceryl Triacetyl Ricinoleate, Palmitoyl Tetrapeptide-7, Caffeine, Tetraacetylphytosphingosine, Whey Protein\\Lactis Protein\\Proteine Du Petit-Lait, Acetyl Glucosamine, Triethylhexanoin, Sorbitol, Hordeum Vulgare (Barley) Extract\\Extrait D’orge, Glycine Soja (Soybean) Protein, Cholesterol, Hydrolyzed Yeast Protein, Isononyl Isononanoate, Propylene Glycol Dicaprate, Cetyl Peg/Ppg-10/1 Dimethicone, Caprylyl Glycol, Sucrose, Polysilicone-11, Dimethicone Crosspolymer, Dimethicone Crosspolymer-3, Silica, Nylon-12, Trimethylsiloxysilicate, Steareth-20, Calcium Chloride, Hesperidin Methyl Chalcone, Peg/Ppg-18/18 Dimethicone, Alumina, Triethoxycaprylylsilane, Hydrogenated Vegetable Oil, Alcohol Denat., Propanediol, Fragrance (Parfum), Bht, Phenoxyethanol, Potassium Sorbate, Chlorhexidine Digluconate, Sodium Benzoate, Mica, Titanium Dioxide (Ci 77891)']",260.0,,,0,0,0,0,0,"['Best for Dry, Combo, Normal Skin', 'Good for: Dark Circles', 'Without Sulfates SLS & SLES', 'Without Parabens', 'Without Phthalates']",Skincare,Eye Care,Eye Creams & Treatments,0,,
P467118,That Limitless Glow Sheet Mask,6335,JLo Beauty,11890,4.013,307.0,3 Masks,Size,3 Masks,,"['Water, Butylene Glycol, Galactomyces Ferment Filtrate, Squalane, Niacinamide, Propanediol,', 'Alpha-Glucan Oligosaccharide, Cannabis Sativa Seed Oil, Olea Europaea (Olive) Fruit Oil, Rice Ferment Filtrate (Sake), Olive Oil Glycereth-8 Esters, Pseudozyma Epicola/Olive Fruit Oil Ferment Filtrate, Hydrogenated Ethylhexyl Olivate, Acrylates/C10-30 Alkyl Acrylate Crosspolymer, Hydrogenated Olive Oil Unsaponifiables, Camellia Sinensis Leaf Extract, Aspalathus Linearis Extract, Olea Europaea (Olive) Leaf Extract, Honey Extract, Boswellia Serrata Extract, Biosaccharide Gum-1, Biosaccharide Gum-4, Algin, Hexylene Glycol, Ethylhexylglycerin, Caprylyl Glycol, Sodium Hyaluronate, Tetrapeptide-14, Xanthan Gum, Sodium Hydroxide, Isopentyldiol, Phenoxyethanol, Sodium Benzoate, Potassium Sorbate, Mica, Titanium Dioxide (CI 77891), Carmine (CI 75470), Tin Oxide.']",49.0,,,0,0,0,0,0,"['Good for: Loss of firmness', 'Good for: Anti-Aging', 'Niacinamide', 'Cruelty-Free']",Skincare,Masks,Sheet Masks,1,18.0,18.0
P482312,Facial Razor Set,3902,SEPHORA COLLECTION,31987,4.4146,41.0,,,,,,12.0,,,0,0,0,0,1,,Skincare,High Tech Tools,Hair Removal,0,,
P480177,Super Multi-Corrective Anti-Aging Eye Cream,6218,Kiehl's Since 1851,22539,4.5714,581.0,0.5 oz/ 15 mL,Size,0.5 oz/ 15 mL,,"['Aqua / Water, Dimethicone, Glycerin, Hydroxypropyl Tetrahydropyrantriol, Niacinamide, Alcohol Denat., Propylene Glycol, Silica, Propanediol, Polysilicone-11, Peg-10 Dimethicone, Di-C12-13 Alkyl Malate, Vaccinium Myrtillus Seed Oil, Dimethicone/Peg-10/15 Crosspolymer, Hydroxyethylpiperazine Ethane Sulfonic Acid, Bis-Peg/Ppg-16/16 Peg/Ppg-16/16 Dimethicone, Potassium Cetyl Phosphate, Carbomer, Ceteareth-20, Caffeine, Sodium Citrate, Sodium Hyaluronate, Sodium Hydroxide, Sodium Lactate, Palmitoyl Tetrapeptide-7, Palmitoyl Tripeptide-1, Adenosine, Ammonium Polyacryloyldimethyl Taurate, Boron Nitride, Dipropylene Glycol, Caprylic/Capric Triglyceride, Caprylyl Glycol, Trisodium Ethylenediamine Disuccinate, Polysorbate 20, Acrylates/C10-30 Alkyl Acrylate Crosspolymer, Butylene Glycol, Tocopherol, Pentaerythrityl Tetra-Di-T-Butyl Hydroxyhydrocinnamate, Chlorhexidine Digluconate, Chlorphenesin.']",60.0,,,0,0,0,0,0,"['Good for: Loss of firmness', 'Clean at Sephora', 'Good for: Dark Circles', 'Good for: Anti-Aging', 'Fragrance Free', 'Niacinamide']",Skincare,Eye Care,Eye Creams & Treatments,0,,
P427731,Capture Youth Glow Booster Age-Delay Illuminating Serum,1073,Dior,0,4.6667,15.0,1 oz/ 30 mL,Type,Glow Booster Age-Delay Illuminating Serum,,"['Aqua (Water), Dipropylene Glycol, Glycerin, Glycolic Acid, 3-O-Ethyl Ascorbic Acid, Ppg-26-Buteth-26, Tromethamine, Phenoxyethanol, Parfum (Fragrance), Peg-40 Hydrogenated Castor Oil, Sodium Citrate, Tetrasodium Edta, Terminalia Ferdinandiana Fruit Extract, Xanthan Gum, Adenosine, Sodium Tocopheryl Phosphate, Sodium Metabisulfite, Ci 15985 (Yellow 6), Iris Florentina Root Extract, Bht, Tocopherol.']",110.0,,,0,0,0,0,0,"['Good for: Dullness/Uneven Texture', 'Good for: Dark spots', 'Vitamin C', 'AHA/Glycolic Acid', 'Without Sulfates SLS & SLES', 'Without Parabens']",Skincare,Treatments,Face Serums,0,,
P452004,Rose Hibiscus Hydrating Mist,6117,Herbivore,13225,4.0588,68.0,4.0 oz/ 120 mL,Size,4.0 oz/ 120 mL,,"['Aloe Barbadensis Leaf Water, Aqua/Water/Eau, Rosa Damascena Flower Water, Leuconostoc/Radish Root Ferment Filtrate, Glycerin, Sodium Hyaluronate, Sodium Phytate, Cocos Nucifera (Coconut) Fruit Powder, Hibiscus Sabdariffa Flower Extract, Melia Azadirachta Leaf Extract, Melia Azadirachta Flower Extract, Coccinia Indica Fruit Extract']",36.0,,,0,0,0,0,0,"['Vegan', 'Clean + Planet Positive']",Skincare,Moisturizers,Mists & Essences,0,,
P505047,High Performance Face Serum with Vitamin C and Hyaluronic Acid,6753,MACRENE actives,254,4.9268,41.0,1 oz / 30 mL,Size,1 oz / 30 mL,,"['Water (Aqua), Hydrogenated Ethylhexyl Olivate, Glycerin, Squalane, Cetyl Alcohol, Helianthus Annuus (Sunflower) Seed Oil Unsaponifiables, Sorbitan Stearate, Dipalmitoyl Hydroxyproline, Hydrogenated Olive Oil Unsaponifiables, Jojoba Esters, Hydrolyzed Hyaluronic Acid, Camellia Sinensis (Green Tea) Leaf Extract, Punica Granatum (Pomegranate) Extract, Chrysanthemum Parthenium (Feverfew) Extract, Ilex Paraguariensis (Yerba Mate Tea) Leaf Extract, Coffea Robusta (Green Coffee) Seed Extract , Theobroma Cacao (Cocoa) Seed Butter, Tremella Fuciformis Sporocarp (Silver Ear Mushroom) Extract, Citrullus Lanatus (Watermelon) Fruit Extract, Kappaphycus Alvarezii (Red Algae) Extract, Scenedesmus Rubescens (Microalgae) Extract, Resveratrol, Bisabolol, Tocopherol, Tetrahexyldecyl Ascorbate, Disodium Acetyl Glucosamine Phosphate, Citrulline, Sodium Lactate, Arginine, Aspartic Acid, Palmitic Acid, PCA, Glycine, Alanine, Serine, Valine, Proline, Threonine, Isoleucine, Histidine, Phenylalanine, Sodium PCA, Hydrogenated Lecithin, Hydroxypropylmethylcellulose Stearoxyether, Sodium Phytate, Sodium Benzoate, Sodium Methyl Stearoyl Taurate, PotassiumSorbate, Ethylhexylglycerin, Alcohol, Oryza Sativa (Rice) Bran Extract, Rosmarinus Officinalis (Rosemary) Leaf Extract, Helianthus Annuus (Sunflower) Seed Extract, Phenoxyethanol, Leontopodium Alpinum (Edelweiss) Flower/Leaf Extract, Helianthus Annuus (Sunflower) Seed Oil, Sodium Stearoyl Glutamate, Xanthan Gum, Caffeine, Sodium Hydroxide, Citric Acid.']",195.0,,,0,1,1,0,1,"['Good for: Dullness/Uneven Texture', 'Good for: Loss of firmness', 'Vitamin C', 'Clean at Sephora', 'Good for: Anti-Aging', 'Cruelty-Free']",Skincare,Treatments,Face Serums,0,,
P427732,Capture Youth Plump Filler Age-Delay Plumping Serum,1073,Dior,0,4.0,13.0,1 oz/ 30 mL,Type,Plump Filler Age-Delay Plumping Serum,,"['Aqua (Water), Glycerin, Dimethicone, Phenoxyethanol, Sodium Hyaluronate, Butylene Glycol, Dimethicone/Vinyl Dimethicone Crosspolymer, Acrylates/C10-30 Alkyl Acrylate Crosspolymer, Caprylyl Glycol, Hyaluronic Acid, Parfum (Fragrance), Peg-60 Hydrogenated Castor Oil, Alpinia Galanga Leaf Extract, Xanthan Gum, Sodium Hydroxide, Disodium Edta, Adenosine, Sodium Dilauramidoglutamide Lysine, Sodium Tocopheryl Phosphate, Caprylic/Capric Triglyceride, Iris Florentina Root Extract, Bht, Tocopherol.']",110.0,,,0,0,0,0,0,"['Good for: Loss of firmness', 'Good for: Anti-Aging', 'Hyaluronic Acid', 'Without Sulfates SLS & SLES', 'Without Parabens', 'Without Phthalates']",Skincare,Treatments,Face Serums,0,,
P467969,Personal Microderm Elite Pro,6114,PMD,5350,4.6667,60.0,,,,,,299.0,,,0,0,1,0,0,"['Good for: Dullness/Uneven Texture', 'Good for: Loss of firmness', 'Good for: Pores', 'Good for: Anti-Aging', 'Good for: Dark spots']",Skincare,High Tech Tools,Anti-Aging,0,,
P500482,The Clean Dream Team Set,7020,Tata Harper,1395,4.0,3.0,,,,,"['Regenerating Cleanser:', 'Hordeum Vulgare Leaf Juice*, Cetearyl Alcohol, Cetearyl Olivate, Helianthus Annuus (Sunflower) Seed Oil*, Leuconostoc Ferment Filtrate, Propanediol, Prunus Armeniaca (Apricot) Seed Powder, Citrus Paradisi (Grapefruit) Oil, Sorbitan Olivate, Lactobacillus/Punica Granatum Fruit Ferment Extract, Lactobacillus Ferment, Sambucus Nigra Fruit Extract, Salix Alba (Willow) Bark Extract, Arnica Montana (Arnica) Extract*, Borago Officinalis (Borage) Leaf Extract*, Calendula Officinalis (Calendula) Flower Extract*, Medicago Sativa (Alfalfa) Extract*, Spiraea Ulmaria (Meadowsweet) Extract*, Olea Europaea (Olive) Oil*, Coco-Glucoside, Cetearyl Glucoside, Kaolin (White Clay), Sclerotium Gum, Citrus Aurantium (Bergamot) Peel Oil, Cetyl Palmitate, Sorbitan Palmitate, Aqua/Water/Eau, Sodium Phytate, CI 77491 (Red Iron Oxide), Alcohol, Limonene, Citral, Linalool.', 'Resurfacing Mask:', 'Hordeum Vulgare Leaf Juice*, Salix Alba (Willow) Bark Extract, Sclerotium Gum, Lactobacillus Ferment, Leuconostoc Ferment Filtrate, Maltooligosyl Glucoside, Hydrogenated Starch Hydrolysate, Lactobacillus/Punica Granatum Fruit Ferment Extract, Beta Vulgaris/Beet Root Extract/Extrait de Racine de Betterave, Arnica Montana (Arnica) Extract*, Borago Officinalis (Borage) Leaf Extract*, Calendula Officinalis (Calendula) Flower Extract*, Medicago Sativa (Alfalfa) Extract*, Spiraea Ulmaria (Meadowsweet) Extract*, Sambucus Nigra Fruit Extract, Kaolin (White Clay), Rosa Damascena (Rose) Flower Oil, Olea Europaea (Olive) Oil*, Sodium Phytate, Citrus Aurantium (Bergamot) Peel Oil, Aqua/Water/Eau, Hydrolyzed Corn Starch, Cymbopogon Flexuosus (Lemongrass) Oil, CI 77491 (Red Iron Oxide), Alcohol, Citral, Citronellol, Limonene.', 'Resurfacing Serum:', 'Hordeum Vulgare Leaf Juice*, Propanediol, Aqua/Water/Eau, Heptyl Undecylenate, Lauryl Laurate, Glycerin, Cetearyl Alcohol, Lactobacillus Ferment, Leuconostoc Ferment Filtrate, Theobroma Grandiflorum Seed Butter*, Glyceryl Behenate, Vaccinium Myrtillus Fruit/Leaf Extract, Saccharum Officinarum (Sugar Cane) Extract, Acer Saccharum (Sugar Maple) Extract, Citrus Aurantium Dulcis (Orange) Fruit Extract, Citrus Limon (Lemon) Fruit Extract, Salix Alba (Willow) Bark Extract, Citrus Aurantium Dulcis (Orange) Flower Extract, Punica Granatum Extract, Sodium Hyaluronate, Caryodendron Orinocense Seed Oil, Daucus Carota Sativa Seed Oil, Saccharide Isomerate, Terminalia Ferdinandiana Fruit Extract, Algae Extract, Centella Asiatica Extract, Helianthus Annuus (Sunflower) Seed Oil, Arnica Montana (Arnica) Extract*, Borago Officinalis (Borage) Leaf Extract*, Calendula Officinalis (Calendula) Flower Extract*, Medicago Sativa (Alfalfa) Extract*, Spiraea Ulmaria (Meadowsweet) Extract*, Olea Europaea (Olive) Oil*, Sambucus Nigra Fruit Extract, Glyceryl Stearate, Potassium Palmitoyl Hydrolyzed Wheat Protein, Xanthan Gum, Citrus Paradisi (Grapefruit) Oil, Citrus Aurantium (Neroli) Oil, Pelargonium Graveolens (Geranium) Oil, Santalum Spicatum (Sandalwood) Wood Oil, Boswellia Carterii Oil*, Sodium Phytate, Leuconostoc/Radish Root Ferment Filtrate, Jasminum Grandiflorum (Jasmine) CO2 Extract, Rosmarinus Officinalis (Rosemary) Leaf Extract, Citric Acid, Sodium Citrate, Alcohol, Tocopherol, Limonene, Linalool, Citronellol, Geraniol, Farnesol, Citral, Benzyl Benzoate.', 'Water-Lock Moisturizer:', 'Hordeum Vulgare Leaf Juice*, Octyldodecanol, C10-18 Triglycerides, Glycerin, Aqua/Water/Eau, Cetearyl Alcohol, Shea Butter Ethyl Esters, Diglycerin, Sclerotium Gum, Punica Granatum Extract, Citrus Aurantium Dulcis (Orange) Flower Extract, Sodium Hyaluronate, Saccharide Isomerate, Beta Vulgaris/Beet Root Extract/Extrait de Racine de Betterave, Arnica Montana (Arnica) Extract*, Borago Officinalis (Borage) Leaf Extract*, Calendula Officinalis (Calendula) Flower Extract*, Medicago Sativa (Alfalfa) Extract*, Spiraea Ulmaria (Meadowsweet) Extract*, Sambucus Nigra Fruit Extract, Olea Europaea (Olive) Oil*, Magnolia Officinalis Bark Extract, Citrus Sinensis (Orange) Peel Oil*, Arachidyl Alcohol, Glyceryl Caprylate, Sodium Phytate, Hydrolyzed Corn Starch, Glyceryl Undecylenate, Cetearyl Glucoside, Behenyl Alcohol, Sodium Levulinate, Sodium Anisate, Arachidyl Glucoside, Citric Acid, Sodium Citrate, L (+) Lactic Acid, Phenethyl Alcohol, Alcohol, Limonene, Citral, Citronellol, Linalool.']",75.0,125.0,,0,0,0,0,1,"['Good for: Dullness/Uneven Texture', 'Clean + Planet Positive', 'AHA/Glycolic Acid', 'Good for: Dryness', 'Salicylic Acid', 'Cruelty-Free']",Skincare,Value & Gift Sets,,0,,
P268700,Hydro-Dynamic Ultimate Moisture,4164,Murad,17680,4.3565,446.0,1.7 oz/ 50 mL,,,,"['Water, C12-15 Alkyl Benzoate, Caprylic/Capric Triglyceride, Glycerin, Sunflower Seed Oil, Butylene Glycol, Glyceryl Stearate, Glyceryl Behenate/Eiosadioate, Dicaprylyl Carbonate, Shea Butter, Cetearyl Alcohol, Myristyl Myristate, Cetyl Alcohol, Ethoxydiglycol, Phenyl Trimethicone, Stearic Acid, Oat Kernel Extract, Saccharomyces Cerevisiae Extract, Laminaria Digitata Extract, Yeast Amino Acids, Betaine, Inositol, Taurine, Trehalose, Soybean Sterols, Corn Starch, Olive Fruit Oil, Avocado Oil, Sodium Hyaluronate, Dipotassium Glycyrrhizate, Tetrahexyldecyl Ascorbate, Tocopheryl Acetate, Linoleic Acid, Phospholipids, Polysorbate 60, Acrylamide/Sodium Acryloyldimethyltaurate Copolymer, Isohexadecane, Glyceryl Polymethacrylate, Panthenol, Jojoba Alcohol, Potassium Jojobate, Polysorbate 80, Urea, Glucosamine HCI, PEG-8, Bisabolol, Sorbitan Oleate, Cetearyl Methicone, Dimethicone, Palmitoyl Oligopeptide, Retinyl Palmitate, Allantoin, Xanthan Gum, Disodium EDTA, BHT, Ethylhexylglycerin, Chlorphenesin, Phenoxyethanol.']",83.0,,,0,0,0,0,0,"['Hyaluronic Acid', 'Without Phthalates', 'Good for: Dryness', 'Without Parabens', 'Best for Dry, Combo, Normal Skin']",Skincare,Moisturizers,Moisturizers,0,,
P501190,Vitamin C Lactic Dewy Deep Cream,5668,Dr. Dennis Gross Skincare,10107,4.8008,251.0,2 oz / 60 mL,Size,2 oz / 60 mL,,"['Water/Aqua/Eau, Glycerin, Butylene Glycol, Camellia Japonica Seed Oil, Oryza Sativa (Rice) Bran Oil, Dimethicone, Sucrose, Pentylene Glycol, Helianthus Annuus (Sunflower) Seed Oil, Hydroxyethyl Acrylate/Sodium Acryloyldimethyl Taurate Copolymer, 3-O-Ethyl Ascorbic Acid, Lactic Acid, Niacinamide, Dipotassium Glycyrrhizate, Squalane, Ceramide NP, Saccharide Isomerate, Superoxide Dismutase, Ubiquinone, Undaria Pinnatifida Extract, Aloe Barbadensis Leaf Juice, Adenosine, Collagen Amino Acids, Hydroxyproline, Acetyl Hexapeptide-8, Leuconostoc/Radish Root Ferment Filtrate, Glycolic Acid, Carnitine, Glycine, Carnitine HCl, Lactobacillus Ferment, 1,2-Hexanediol, Caprylyl Glycol, Caprylic/Capric Triglyceride, Hydrogenated Lecithin, Lecithin, Maltodextrin, Hydroxyethylcellulose, Polysorbate 60, Carbomer, Ammonium Hydroxide, Potassium Hydroxide, Sodium Phytate, Camellia Sinensis Leaf Extract, Cucumis Sativus (Cucumber) Fruit Extract, Triethyl Citrate, Lavandula Angustifolia (Lavender) Flower/Leaf/Stem Extract, Elettaria Cardamomum Seed Extract, Pyrus Malus (Apple) Fruit Extract, Rubus Idaeus (Raspberry) Fruit Extract, Cananga Odorata Flower Extract, Citrus Aurantium Bergamia (Bergamot) Fruit Extract, Citrus Aurantium Amara (Bitter Orange) Flower Extract, Coffea Arabica (Coffee) Seed Extract, Cucumis Melo (Melon) Fruit Extract, Cupressus Sempervirens Leaf/Stem Extract, Fucus Vesiculosus Extract, Jasminum Officinale (Jasmine) Flower Extract, Rose Extract, Rosmarinus Officinalis (Rosemary) Leaf Extract, Salvia Officinalis (Sage) Leaf Extract, Santalum Album (Sandalwood) Wood Extract, Phenoxyethanol, Potassium Sorbate.']",75.0,,,0,0,0,0,0,"['Good for: Dullness/Uneven Texture', 'Lactic Acid', 'Vitamin C', 'Clean at Sephora', 'Good for: Anti-Aging', 'Good for: Dryness']",Skincare,Moisturizers,Moisturizers,0,,
P468684,Milky Mushroom Gentle Cleansing Oil Makeup Remover,6207,KORA Organics,8251,4.4597,459.0,5.0 oz/ 150 mL,Size,5.0 oz/ 150 mL,,"['Aloe Barbadensis (Aloe Vera) Leaf Juice, Helianthus Annuus (Sunflower) Seed Oil, Water/Aqua/Eau, Sorbitan Oleate Decylglucoside Crosspolymer, Olive Oil Polyglyceryl-6 Esters, Orbignya Oleifera Seed Oil, Polyglyceryl-6 Pentaoleate, Glycerin, Pyrus Malus (Apple) Seed Oil, Potassium Sorbate, Sodium Levulinate, Lactic Acid, Sodium Chloride, Saccharide Isomerate, Pelargonium Graveolens (Geranium) Flower Oil, Tremella Fuciformis Sporocarp (Silver Ear/Snow Mushroom) Extract, Sodium Phytate, Rosa Centifolia (Rose Moroccan) Flower Oil, Macadamia Ternifolia (Macadamia Nut) Seed Oil, Olea Europaea (Olive) Fruit Oil, Rosa Canina (Rosehip) Fruit Oil, Simmondsia Chinensis (Jojoba) Seed Oil, Ocimum Basilicum (Basil) Oil, Citric Acid, Sodium Citrate, Calendula Officinalis Flower Extract, Alcohol, Morinda Citrifolia Fruit Extract, Citronellol, Geraniol.']",44.0,,,0,0,1,0,0,"['Vegan', 'Plumping', 'Clean + Planet Positive', 'Hydrating', 'Good for: Dryness', 'Cruelty-Free']",Skincare,Cleansers,Face Wash & Cleansers,0,,
P504861,Gentle Eye Gel Waterproof Eye & Lip Makeup Remover,4028,MAKE UP FOR EVER,1031,,,4.2 oz / 125 ml,Size,4.2 oz / 125 ml,,"['Water, Isononyl Isononanoate, Pentylene Glycol, Butylene Glycol, Glycerin, Caprylic/Capric Triglyceride, Centaurea Cyanus Flower Water, Cucumis Sativus (Cucumber) Fruit Extract, Ammonium Acryloyldimethyltaurate/Vp Copolymer, Acrylates/C10-30 Alkyl Acrylate Crosspolymer, Ppg-26-Buteth-26, Hydroxyacetophenone, Peg-40 Hydrogenated Castor Oil, Sodium Dehydroacetate, Sodium Hydroxide, Sodium Benzoate, Potassium Sorbate.']",29.0,,,0,1,0,0,1,"['Fragrance Free', 'Alcohol Free']",Skincare,Cleansers,Makeup Removers,1,15.0,15.0
P469200,The Good C Vitamin C Serum,6302,Dr. Barbara Sturm,3108,3.5,24.0,1 oz/ 30 mL,Size,1 oz/ 30 mL,,"['Aqua/Water/Eau, Aloe Barbadensis Leaf Juice, Glycerin, Tetrahexyldecyl Ascorbate,', 'Lactobacillus/Portulaca Oleracea Ferment Extract, Dicaprylyl Carbonate, Prunus Armeniaca (Apricot) Kernel Oil, Ascorbyl Glucoside, Olea Europaea (Olive) Leaf Extract, Sodium Hyaluronate, Terminalia Ferdinandiana Fruit Extract, Ascorbic Acid, Citric Acid, Leuconostoc/Radish Root Ferment Filtrate, Helianthus Annuus (Sunflower) Seed Oil, Zinc PCA, Phenoxyethanol, Cetearyl Alcohol, Hydrogenated Vegetable Glycerides, Potassium Cetyl Phosphate, Xanthan Gum, Hydrogenated Palm Glycerides, Sodium Sulfite, Ethylhexylglycerin, Sclerotium Gum, Tocopherol.']",145.0,,,0,0,0,0,0,"['Good for: Dullness/Uneven Texture', 'Good for: Dark Circles', 'Fragrance Free', 'Cruelty-Free', 'Vegan']",Skincare,Treatments,Face Serums,0,,
P479327,Plum Plump Hyaluronic Acid Moisturizer,6189,Glow Recipe,146036,4.4624,1449.0,1.7 oz/ 50 mL,Size,1.7 oz/ 50 mL,,"['Water/Aqua/Eau, Propanediol, Glycerin, C13-15 Alkane, Caprylic/Capric Triglyceride, C9-12 Alkane, Prunus Domestica Seed Oil*, Pentylene Glycol, Squalane, Terminalia Ferdinandiana Seed Oil*, Hyaluronic Acid, Sodium Acetylated Hyaluronate, Sodium Hyaluronate, Davidsonia Jerseyana Fruit Extract*, Terminalia Ferdinandiana Fruit Powder*, Podocarpus Elatus Fruit Extract*, Polyglutamic Acid, Pleiogynium Timoriense Fruit Extract*, Sodium Hyaluronate Crosspolymer, Hydrolyzed Sodium Hyaluronate, Epilobium Fleischeri (Alpine Willowherb) Flower/Leaf/Stem Extract, Niacinamide, Acrylates/C10-30 Alkyl Acrylate Crosspolymer, Xylitylglucoside, Isononyl Isononanoate, Caprylyl Glycol, Anhydroxylitol, Cetearyl Alcohol, Glyceryl Stearate, Arginine, Ethylhexylglycerin, Sodium Chloride, Xylitol, Stearic Acid, Tremella Fuciformis Polysaccharide, Sodium Lauroyl Glutamate, Eclipta Prostrata Extract, Glucose, Potassium Phosphate, Butylene Glycol, Melia Azadirachta Leaf Extract, Hydroxypropylcellulose, Alaria Esculenta Extract, Sodium Phosphate, Potassium Chloride, Melia Azadirachta Flower Extract, Corallina Officinalis Extract, 1,2-Hexanediol, Moringa Oleifera Seed Oil, Coccinia Indica Fruit Extract, Citric Acid, Potassium Sorbate, Solanum Melongena (Eggplant) Fruit Extract, Aloe Barbadensis Flower Extract, Gluconolactone, Simmondsia Chinensis (Jojoba) Seed Oil, Curcuma Longa (Turmeric) Root Extract, Ocimum Basilicum (Basil) Flower/Leaf Extract, Ocimum Sanctum Leaf Extract, Silica, Sodium Hydroxide, Sodium Benzoate, Phenoxyethanol, Fragrance/Parfum**.']",39.0,,,0,0,0,0,1,"['Refill Available', 'Hyaluronic Acid', 'Good for: Dullness/Uneven Texture', 'Best for Dry Skin', 'Clean + Planet Positive', 'Hydrating']",Skincare,Moisturizers,Moisturizers,2,33.0,21.0
P453253,Vegan Milk Moisturizer,6134,MILK MAKEUP,35156,4.2213,1672.0,1.7 oz/ 48 mL,Size,1.7 oz/ 48 mL,,"['Water/Aqua/Eau, Cetyl Alcohol, Squalane, Caprylic/Capric Triglyceride, Stearic Acid, Butylene Glycol, Stearyl Alcohol, Polyglyceryl-2 Diisostearate, Vitis Vinifera (Grape) Seed Oil, Butyrospermum Parkii (Shea) Butter, Glyceryl Stearate, Glycerin, Isocetyl Stearate, Myristyl Myristate, Pentylene Glycol, Simmondsia Chinensis (Jojoba) Seed Oil, Helianthus Annuus (Sunflower) Seed Oil, Argania Spinosa Kernel Oil, Adansonia Digitata Seed Oil, Citrullus Lanatus (Watermelon) Seed Oil , Aloe Barbadensis Leaf Juice, Avena Sativa (Oat) Kernel Extract, Ficus Carica (Fig) Fruit Extract, Adansonia Digitata Fruit Extract, Rosmarinus Officinalis (Rosemary) Leaf Extract, Sodium Hyaluronate, Phospholipids, PEG-60 Hydrogenated Castor Oil, Polyglyceryl-10 Dioleate, Polyglyceryl-10 Oleate, Ceteth-20, Capryloyl Glycerin/Sebacic Acid Copolymer, Diheptyl Succinate, Ethylhexylglycerin, Potassium Stearate, Tocopheryl Acetate, Glyceryl Caprylate, Glyceryl Undecylenate, Polysorbate 60, Propylene Glycol Dicaprylate/Dicaprate, Sorbitan Isostearate, Xanthan Gum, Trisodium Dicarboxymethyl Alaninate, Hydroxyethyl Acrylate/Sodium Acryloyldimethyl Taurate Copolymer, Carbomer, Propanediol, Sodium Chloride, Sodium Glycolate, Citric Acid, Sodium Hydroxide, Sodium Benzoate, Potassium Sorbate, Phenoxyethanol.']",38.0,,,0,0,0,0,1,"['Vegan', 'Hydrating', 'Clean at Sephora', 'Fragrance Free']",Skincare,Moisturizers,Moisturizers,0,,
P483699,Restorative Niacinamide Night Cream,6488,The Outset,5533,4.6225,151.0,1.7 oz / 50 mL,Size,1.7 oz / 50 mL,,"['Water (Aqua, Eau), Caprylic/Capric Triglyceride, Cetyl Palmitate, Propanediol, Hydrogenated Sunflower Seed Oil Polyglyceryl-3 Esters, Glycerin, Helianthus Annuus (Sunflower) Seed Oil, Myristyl Myristate, Dicaprylyl Carbonate, Hydrogenated Ethylhexyl Olivate, Hydrogenated Sunflower Seed Oil Glyceryl Esters, Oenothera Biennis (Evening Primrose) Oil, Pentylene Glycol, Vitis Vinifera (Grape) Seed Oil, Hydrogenated Vegetable Oil, Persea Gratissima (Avocado) Oil, Niacinamide, Cassia Angustifolia Seed Polysaccharide, Bakuchiol, Chamomilla Recutita (Matricaria) Flower Extract, Citrus Aurantium Dulcis (Orange) Fruit Extract, Citrus Limon (Lemon) Fruit Extract, Saccharum Officinarum (Sugarcane) Extract/Saccharum Officinarum/Extrait de canne a sucre, Acer Saccharum (Sugar Maple) Extract, Vaccinium Myrtillus Fruit/Leaf Extract, Glycyrrhiza Glabra (Licorice) Root Extract, Glycine Soja (Soybean) Oil, Hydrogenated Olive Oil Unsaponifiables, Hydrolyzed Jojoba Esters, Jojoba Esters, Sodium Hyaluronate, Phenoxyethanol, Cetearyl Alcohol, Microcrystalline Cellulose, Capryloyl Glycerin/Sebacic Acid Copolymer, Sodium Stearoyl Lactylate, Acacia Senegal Gum, Diheptyl Succinate, Xanthan Gum, Cellulose Gum, Saccharide Isomerate, Panthenol, Caprylyl Glycol, Tocopherol, Tocopheryl Acetate, Dextran, Trifluoroacetyl Tripeptide-2, Citric Acid, Sodium Citrate, Sodium Phytate.']",54.0,,,0,0,0,0,1,"['Vegan', 'Good for: Dullness/Uneven Texture', 'Clean + Planet Positive', 'Fragrance Free', 'Hypoallergenic', 'Cruelty-Free']",Skincare,Moisturizers,Moisturizers,0,,
P433461,Rose Sugar Scrub,1741,Lancôme,7764,3.8049,41.0,3.34 oz/ 100 mL,Size,3.34 oz/ 100 mL,,"['Glycerin,', 'Propylene Glycol,', 'Sucrose,', 'Mel / Honey,', 'Ci 14700 / Red 4,', 'Ci 17200 / Red 33,', 'Sodium Hyaluronate,', 'Argania Spinosa Shell Powder,', 'Peg-30 Dipolyhydroxystearate,', 'Arginine,', 'Triethanolamine,', 'Trideceth-6,', 'Salicylic Acid,', 'Panthenol,', 'Propanediol,', 'Rosa Damascena Flower Water,', 'Citric Acid,', 'Prunus Amygdalus Dulcis Oil / Sweet Almond Oil,', 'Fragrance.']",34.0,,17.0,0,0,0,1,0,,Skincare,Cleansers,Face Wash & Cleansers,0,,
P476733,Mineral Mattescreen Sunscreen SPF 40 PA+++,5987,Supergoop!,22699,4.0153,131.0,1.5 oz/ 45 mL,Size,1.5 oz/ 45 mL,,"['Dimethicone, Dimethicone Crosspolymer, Caprylic/Capric Triglyceride, Methyl Dihydroabietate, Polyhydroxystearic Acid, C9-12 Alkane, Glycerin, Iron Oxides (CI 77492), Ethylhexylglycerin, Water (Aqua), Coco-Caprylate/Caprate, Silica, Stearic Acid, Iron Oxides (CI  77491), Iron Oxides (CI  77499), Hedychium Coronarium Root Extract, Lactobacillus/Arundinaria Gigantea Leaf Ferment Filtrate, Leuconostoc/Radish Root Ferment Filtrate, Titanium Dioxide (CI  77891), Titanium Dioxide 1.33%, Zinc Oxide 17.42%']",38.0,,,0,0,0,0,0,"['Vegan', 'Good for: Pores', 'Clean at Sephora', 'Matte Finish', 'Oil Free', 'Reef Safe SPF']",Skincare,Sunscreen,Face Sunscreen,1,22.0,22.0
P442742,Peptide 21 Amino Acid Exfoliating Peel Pads,3728,Peter Thomas Roth,16263,4.6453,547.0,60 Pads,Size,60 Pads,,"['Water, Butylene Glycol, Sodium Lactate, Phytic Acid, Ppg-5-Ceteth-20, Rosa Centifolia Flower Water, Hamamelis Virginiana (Witch Hazel) Water, Salicylic Acid, Threonine, Glutamic Acid, Serine, Aspartic Acid, Arginine, Alanine, Proline, Valine, Histidine, Glycine, Lysine, Chamomilla Recutita (Matricaria) Flower Extract, Camellia Sinensis Leaf Extract, Ascorbic Acid, Retinyl Palmitate, Tocopheryl Acetate, Aloe Barbadensis Leaf Juice, Borago Officinalis Seed Oil, Symphytum Officinale Leaf Extract, Citrus Limon (Lemon) Peel Extract, Citrus Aurantifolia (Lime) Peel Extract, Citrus Aurantium Dulcis (Orange) Fruit Extract, Citrus Tangerina (Tangerine) Peel Extract, Mentha Piperita (Peppermint) Extract, Salvia Officinalis (Sage) Leaf Extract, Zingiber Officinale (Ginger) Root Extract, Phenoxyethanol, Sodium Hydroxide, Aminobutyric Acid, Potassium Sorbate, Sodium Benzoate, Caprylic/- Capric Triglyceride, Peg-8 Dimethicone, Leucine, Sodium Ascorbyl Phosphate, Limonene, Benzoic Acid, Tyrosine, Phenylalanine, Isoleucine, Citric Acid, Octyldodecanol, Silica, Sodium Propoxyhydroxypropyl Thiosulfate Silica.']",55.0,,,0,0,0,0,0,,Skincare,Treatments,Facial Peels,0,,
P500626,Melting Cleansing Balm Cleanse + Balance,3902,SEPHORA COLLECTION,15903,4.0131,153.0,4.22 oz / 125 mL,Size,4.22 oz / 125 mL,,"['Helianthus Annuus (Sunflower) Seed Oil, Glycerin, Hydrogenated Castor Oil, Polyglyceryl-3 Caprate, Tribehenin, Aqua (Water), Coco-Caprylate/Caprate, Behenyl Alcohol, Polyglyceryl-4 Caprate, Caprylyl Glycol, Cocamidopropyl Betaine, Polyglyceryl-3 Stearate, Maris Aqua (Sea Water), Tocopherol, Sodium Chloride, Hydrolyzed Algin, Sodium Benzoate, Phenethyl Alcohol, Laminaria Digitata Extract, Chlorella Vulgaris Extract, Saccharide Isomerate, Citric Acid, CI 42090 (Blue 1).']",12.0,,,0,0,0,0,1,"['Clean + Planet Positive', 'Fragrance Free', 'Best for Dry, Combo, Normal Skin']",Skincare,Cleansers,Face Wash & Cleansers,0,,
P481335,Brightening Saffron Serum - Radiant Rani,6475,RANAVAT,7269,4.7824,216.0,1 oz/ 30 mL,Size,1 oz/ 30 mL,,"['Sesame Oil (Sesamum Indicum), Rice Bran Oil (Oryza Sativa), Caprylic/Capric Triglyceride, Manjishta (Rubia Cordifolia), Saffron ( Crocus Sativus), Lodh Tree Bark (Symplocos Racemosa), Nutgrass (Cyperus Rotundus), Vetiver (Vetiveria Zizanoides), Licorice Root (Glycyrrhiza Glabra), Bay Leaf (Cinnamomum Tamala), Himalayan cherry (Prunus Cerasoides), Lotus seed (Nelumbo Nucifera), Pushkarmool (Inula Racemosa), Turmeric(Curcuma Longa), Indian Barberry (Berberis Aristata), Cobra Saffron (Mesua Ferrea), Flame Of The Forest (Butea Menosperma), Priyangu (Callicarpa Macrophylla), Banyan (Ficus Bengalensis), Mustard (Brassica Campestris), Tocopherol, Rose Essential Oil (Rosa Damascena).']",135.0,,,0,0,0,0,0,"['Vegan', 'Good for: Dullness/Uneven Texture', 'Good for: Loss of firmness', 'Clean at Sephora', 'Good for: Anti-Aging', 'Good for: Dark spots']",Skincare,Treatments,Face Serums,1,35.0,35.0
P375354,Capture Totale Intensive Night Restorative Crème,1073,Dior,4799,4.4545,44.0,2.1 oz/ 60 mL,,,,"['Aqua (Water), Glycerin, Decyl Oleate, Hydrogenated Palm Kernel Glycerides, Dimethicone, Mangifera Indica (Mango) Seed Butter, Butylene Glycol, Cetyl Alcohol, Pentylene Glycol, Hydrogenated Coco-Glycerides, Hydrogenated Polyisobutene, Aluminum Starch Octenylsuccinate, Decyloxazolidinone, Diglycerin, Glyceryl Stearate, Myreth-3 Myristate, Peg-75 Stearate, Citrus Madurensis Fruit Extract, Alcohol, Polyglycerin-3, Phenoxyethanol, Dimethiconol, Stearyl Alcohol, Parfum (Fragrance), Hydrogenated Palm Glycerides, Acrylates/C10-30 Alkyl Acrylate Crosspolymer, Ceteth-20, Steareth-20, Disodium Edta, Tocopheryl Acetate, Xanthan Gum, Sodium Hydroxide, Secale Cereale (Rye) Seed Extract, Faex (Yeast Extract), Decyl Glucoside, Malva Sylvestris (Mallow) Extract, Dimethylmethoxy Chromanol, Adenosine, Sorbitol, Butylphenyl Methylpropional, Hydrolyzed Soy Protein, Sodium Metabisulfite, Sodium Tocopheryl Phosphate, Limonene, Algin, Caprylyl Glycol, Hexylene Glycol, Bht, Aframomum Angustifolium Seed Extract, Polyvinyl Alcohol, Geraniol, Hydrolyzed Rice Protein, Citronellol, Alpha-Isomethyl Ionone, Oenothera Biennis (Evening Primrose) Root Extract, Vitis Vinifera (Grape) Seed Extract, Cellulose Gum, Ethylhexylglycerin, Kluyveromyces Extract, Sodium Benzoate, Polygonum Bistorta Root Extract, Tocopherol, Citric Acid, Potassium Sorbate, Hydrogenated Palm Glycerides Citrate.']",175.0,,,0,0,0,0,0,"['Good for: Anti-Aging', 'Good for: Dark spots', 'Good for: Loss of firmness', 'Without Parabens']",Skincare,Moisturizers,Moisturizers,0,,
P417241,The Renewal Oil,6201,La Mer,14920,4.4256,195.0,1 oz/ 30 mL,Size,1 oz/ 30 mL,,"['Limnanthes Alba (Meadowfoam) Seed Oil, Dimethicone, Caprylic/Capric Triglyceride, Water, Trisiloxane, Prunus Amygdalus Dulcis (Sweet Almond) Oil, Simmondsia Chinensis (Jojoba) Seed Oil, Polydecene, Hydrogenated Polydecene, Butylene Glycol, Propanediol, Glycerin, Algae (Seaweed) Extract, Brassica Campestris (Rapeseed) Seed Oil, Helianthus Annuus (Sunflower) Seed Oil, Sesamum Indicum (Sesame) Seed Oil, Eucalyptus Globulus (Eucalyptus) Leaf Oil, Camelina Sativa Seed Oil, Oxycoccus Palustris (Cranberry) Seed Oil, Olea Europaea (Olive) Fruit Oil, Hippophae Rhamnoides Oil, Medicago Sativa (Alfalfa) Seed Powder, Helianthus Annuus (Sunflower) Seedcake, Prunus Amygdalus Dulcis (Sweet Almond) Seed Meal, Sodium Gluconate, Copper Gluconate, Calcium Gluconate, Magnesium Gluconate, Zinc Gluconate, Tocopheryl Succinate, Niacin, Sesamum Indicum (Sesame) Seed Powder, Laminaria Ochroleuca Extract, Laminaria Saccharina Extract, Hydrolyzed Algin, Sea Salt/Maris Sal/Sel Marin, Chlorella Vulgaris Extract, Salicornia Herbacea Extract, Sigesbeckia Orientalis (St. Paul Wort) Extract, Laminaria Digitata Extract, Rosmarinus Officinalis (Rosemary) Leaf Extract, Magnolia Officinalis Bark Extract, Yeast Extract/Faex/Extrait De Levure, Crithmum Maritimum Extract, Commiphora Mukul Resin Extract, Citrus Aurantifolia (Lime) Peel Extract, Molasses Extract/Saccharum Officinarum/Extrait De Melasse, Sucrose, Acetyl Hexapeptide-8, Acetyl Glucosamine, Caffeine, Tocopheryl Acetate, Phenyl Trimethicone, Sodium Chloride, Tetrahexyldecyl Ascorbate, Alcohol Denat., Fragrance, Hexyl Cinnamal, Linalool, Amyl Cinnamal, Geraniol, Limonene, Citral, Benzyl Benzoate, Coumarin, Citronellol, Bht, Phenoxyethanol, Yellow 5 (Ci 19140), Yellow 6 (Ci 15985) <ILN41590>.']",270.0,,,0,0,0,0,0,"['Best for Dry, Combo, Normal Skin', 'Good for: Dullness/Uneven Texture', 'Without Sulfates SLS & SLES', 'Without Parabens', 'Without Phthalates']",Skincare,Moisturizers,Face Oils,1,145.0,145.0
P444615,Witch Hazel & Rosewater Toner,8017,Mario Badescu,12154,4.0882,34.0,8 oz/ 236 mL,Size,8 oz/ 236 mL,,"['Aqua (Water, Eau),Aloe Barbadensis Leaf Juice,Glycerin,Hamamelis Virginiana (Witch Hazel) Water,Polysorbate 20,Rosa Damascena Flower Water,Rosa Hybrid Flower Extract,Hamamelis Virginiana (Witch Hazel) Leaf Extract,Rosa Damascena Flower Oil,Pentylene Glycol,Chlorphenesin,Caprylyl Glycol,Parfum (Fragrance),Potassium Sorbate,Sodium Benzoate,Sodium Chloride,Citric Acid,Phenoxyethanol,Propylene Glycol,Benzoic Acid,Geraniol,Citronellol,CI 19140 (Yellow 5),CI 17200 (Red 33).']",14.0,,,0,0,0,0,0,"['Without Parabens', 'Without Sulfates SLS & SLES', 'Cruelty-Free', 'Vegan']",Skincare,Cleansers,Toners,0,,
P469448,Purifying Gentle Foaming Cleanser with Salicylic Acid,2082,Clarins,1195,2.5294,17.0,4.2 oz/ 125 mL,Size,4.2 oz/ 125 mL,,"['Aqua/Water/Eau, Sodium Cocoyl Isethionate, Glycerin, Sodium Lauroyl Sarcosinate, Squalane, Propanediol, Glycol Distearate, Coconut Acid, Glyceryl Behenate, Disodium Cocoyl Glutamate, C14-22 Alcohols, Polyacrylate Crosspolymer-6, Sodium Isethionate, Parfum/Fragrance, Mannitol, Butylene Glycol, Sodium Citrate, Sodium Cocoyl Glutamate, Cellulose, Chlorphenesin, Citric Acid, C12-20 Alkyl Glucoside, Disodium Edta, Ci 77007/Ultramarines, Sodium Salicylate, Maltodextrin, Moringa Oleifera Seed Extract, Spiraea Ulmaria Extract, Melissa Officinalis Leaf Extract*, T-Butyl Alcohol, Saponaria Officinalis Leaf Extract, Acrylates/Ammonium Methacrylate Copolymer, Triethyl Citrate, Gentiana Lutea Extract*, Hydroxypropyl Methylcellulose, Sodium Benzoate , Potassium Sorbate.']",30.0,,,0,0,1,0,0,"['Without Parabens', 'Best for Dry, Combo, Normal Skin', 'Without Silicones', 'Without Sulfates SLS & SLES']",Skincare,Cleansers,Face Wash & Cleansers,0,,
P461537,The Rice Wash Skin-Softening Cleanser,6041,Tatcha,190401,4.5018,2449.0,4.0 oz/ 120 mL,Size,4.0 oz/ 120 mL,,"['Aqua/Water/Eau, Microcrystalline Cellulose, Propanediol, Sodium Cocoyl Glutamate, Glycerin, Acrylates Copolymer, Sodium Caproyl Methyltaurate, Coco-Betaine, Parfum/Fragrance, Saccharomyces/Camellia Sinensis Leaf/Cladosiphon Okamuranus/Rice Ferment Filtrate*, Oryza Sativa (Rice) Powder, Chondrus Crispus Extract, Sodium Hyaluronate, Betaphycus Gelatinum Extract, Lauryl Glucoside, Potassium Hydroxide, Polyquaternium-39, Disodium Edta, Phenoxyethanol, Ethylhexylglycerin, Sodium Benzoate, Sodium Carbonate, Alcohol.']",40.0,,,0,0,0,0,1,"['Clean at Sephora', 'Hydrating', 'Hyaluronic Acid', 'Good for: Dryness', 'Best for Dry, Combo, Normal Skin']",Skincare,Cleansers,Face Wash & Cleansers,2,58.0,18.0
P501029,Retinol Fast-Release Wrinkle Reducing Night Serum,6218,Kiehl's Since 1851,8391,4.5163,614.0,1 oz  / 30 mL,Size,1 oz  / 30 mL,,"['Serum:', 'Aqua / Water, Glycerin, Propanediol, Butylene Glycol, Glycereth-26, Panthenol, 1,2-Hexanediol, Polyglycerin-3, C12-14 Pareth-12, Phenoxyethanol, Caprylyl Glycol, Ammonium Acryloyldimethyltaurate/Vp Copolymer, Betaine, Xanthan Gum, Ethylhexylglycerin, Adenosine, Carbomer, Glyceryl Acrylate/Acrylic Acid Copolymer, Tromethamine, Glycereth-25 Pca Isostearate, T-Butyl Alcohol, Tocopherol.', 'Retinol Powder:', 'Cellulose Acetate Butyrate, Tricaprylin, Retinol, Pentaerythrityl Tetra-Di-T-Butyl Hydroxyhydrocinnamate, Silica Silylate, Silica, Magnesium Stearate.']",85.0,,,0,0,0,0,0,"['Without Mineral Oil', 'Clean at Sephora', 'Good for: Anti-Aging', 'Fragrance Free', 'Without Parabens', 'Without Silicones']",Skincare,Treatments,Face Serums,0,,
P469524,RESIST Super-Light Daily Wrinkle Defense SPF 30,6341,Paula's Choice,19795,4.2556,133.0,2 oz/ 60 mL,Size,2 oz/ 60 mL,,"['Zinc Oxide 13%, Water (Aqua), Cyclopentasiloxane, PEG-12 Dimethicone, PEG/PPG-18/18 Dimethicone, Lauroyl Lysine, Sodium Chloride, Trihydroxystearin, Dimethicone Crosspolymer, Resveratrol, Quercetin, Epigallocatechin Gallate, Tocopheryl Acetate, Tetrahexyldecyl Ascorbate, Adenosine, Bisabolol, Salix Alba (Willow) Bark Extract, Punica Granatum (Pomegranate) Extract, Haematococcus Pluvialis Extract, Hydrolyzed Corn Starch, Polysorbate 80, Hydrated Silica, Triethoxycaprylylsilane, C12-15 Alkyl Benzoate, Isopropyl Titanium Triisostearate, Caprylyl Glycol, Hexylene Glycol, Ethylhexylglycerin, Iron Oxide (CI77491, CI 77492, CI 77499), Phenoxyethanol.']",37.0,,,0,0,0,0,0,"['Good for: Anti-Aging', 'Matte Finish', 'Fragrance Free', 'Best for Oily, Combo, Normal Skin', 'SPF', 'Cruelty-Free']",Skincare,Sunscreen,Face Sunscreen,0,,
P504614,Brighten Up 3% TXA Dark Spot Toner with Azelaic Acid,8001,Farmacy,432,,,4 oz / 120 mL,Size,4 oz / 120 mL,,"['Water/Aqua/Eau, Gluconolactone, Pentylene Glycol, Isopentyldiol, Tranexamic Acid, Betaine, Propanediol, Azelaic Acid, Ascorbic Acid, Citrus Aurantium Amara (Bitter Orange) Fruit Extract, Citrus Aurantium Sinensis Peel Extract, Citrus Reticulata (Tangerine) Fruit Extract, Glycerin, Allantoin, Polyglycerin-6, Inulin, Fructose, Glucose, Xanthan Gum, Cellulose Gum, Lactic Acid, Citric Acid, Sodium Phytate, Cellulose.']",34.0,,,0,1,0,1,1,"['Good for: Dullness/Uneven Texture', 'Clean + Planet Positive', 'Hydrating', 'Without Parabens', 'Good for: Dark spots', 'Cruelty-Free']",Skincare,Cleansers,Toners,0,,
P454315,Milk Cleanse Gentle Foaming Cleanser,6226,Moon Juice,2902,4.4043,47.0,4.0 oz/ 120 mL,Size,4.0 oz/ 120 mL,,"['Water/Aqua/Edu, Coco Betaine, Coco Glucoside, Betaine, Bentonite, Lactobacillus, Glycerin, Coconut Alcohol, Citric Acid, Cocos Nucifera (Coconut) Fruit Extract, Aloe Barbadensis Leaf Juice, Polyglyceryl-10 Oleate, Oryza Sativa (Rice) Bran Oil, Tocopherol, Tocotrienols, Ganoderma Lucidum (Mushroom) Extract, Xanthan Gum, Tremella Fuciformis Sporocarp Extract, Citrus Aurantium Bergamia (Bergamot) Peel Oil, Geraniol, Mentha Piperita (Peppermint) Flower/Leaf/Stem, Phenethyl Alcohol, Rosa Damascena Extract, Salvia Sclarea (Clary) Oil, Triethyl Citrate, Vetiveria Zizanoides Root Oil, Lonicera Caprifolium (Honeysuckle) Flower Extract, Lonicera Japonica (Honeysuckle) Flower Extract.']",32.0,,,0,0,0,0,1,"['Best for Dry Skin', 'Clean at Sephora']",Skincare,Cleansers,Face Wash & Cleansers,0,,
P455898,Pycnogenol 5%,6234,The Ordinary,55894,4.5243,206.0,0.5 oz/ 15 mL,Size,0.5 oz/ 15 mL,,"['Propanediol, Pinus Pinaster Bark Extract.']",11.1,,,0,0,1,0,0,"['Vegan', 'Good for: Loss of firmness', 'Good for: Dryness', 'Fragrance Free', 'Without Parabens', 'Without Sulfates SLS & SLES']",Skincare,Treatments,Face Serums,0,,
P481712,Party Recharge Cryo Me Crazy Under-eye Masks,6235,INC.redible,10008,4.5556,18.0,4.47 oz,,,,"['Aqua (Water), Glycerin, Methylpropanediol Chondrus Crispus Extract, Sodium Hyaluronate Crosspolymer. Hydrolyzed Glycosaminoglycans, Sodium Hyaluronate, Hydrolyzed Hyaluronic Acid, Hyaluronic Acid, Ceratonia Siliqua (Carob) Gum, Cellulosé Gum, Allantoin, Xanthan Gum, Potassium Chloride, Peg-60 Hydrogenated Castor Oil Nìacinamide, Glyceryl Caprylate, Menthyl Lactate, Synthetic Fluorphlogopite, Sucrose, Disodium Edta, Tocopheryl acetate, Hydroxyacetophenone, 1,2 Hexanediol Parfum (Fragrance), Ci 77891 (Titanium Dioxide), Cì', '42090 (Blue 1).']",20.0,,,0,0,1,1,0,"['Vegan', 'Cruelty-Free']",Skincare,Eye Care,Eye Masks,0,,
P503657,Premier Cru Skin Barrier Rich Moisturizer with Bio-Ceramides,4171,Caudalie,12606,4.5665,173.0,1.6 oz / 50 mL,Size,1.6 oz / 50 mL,,"['Aqua/Water/Eau, Glycerin, Caprylic/Capric Triglyceride, Vitis Vinifera (Grape) Seed Oil, Hydrogenated Ethylhexyl Olivate, Butyrospermum Parkii (Shea) Butter Extract, Cetearyl Alcohol, Butylene Glycol, Cetearyl Glucoside, Propanediol, Palmitoyl Grapevine Shoot Extract, Palmitoyl Grape Seed Extract, Hydrogenated Olive Oil Unsaponifiables, Pentaerythrityl Distearate, Potassium Cetyl Phosphate, Carbomer, Caprylyl Glycol, Ceramide Np, Xanthan Gum, Ci 77891 (Titanium Dioxide), Hydrolyzed Hyaluronic Acid, Magnolia Grandiflora Bark Extract, Potassium Sorbate, Tocopherol, Helianthus Annuus (Sunflower) Seed Oil, Adenosine, Sodium Hydroxide, Sodium Phytate, Geraniol, Linalool, Ci 77491 (Iron Oxides), Paeonia Lactiflora Root Extract, Ci 77492 (Iron Oxides), Sodium Citrate, Parfum (Fragrance), Citronellol.(315/011)']",129.0,,,0,1,0,0,0,"['Vegan', 'Refill Available', 'Good for: Dullness/Uneven Texture', 'Clean + Planet Positive', 'Good for: Anti-Aging', 'Good for: Dark spots']",Skincare,Moisturizers,Moisturizers,1,109.0,109.0
P232907,Anti Bac Acne Clearing Lotion,5946,Kate Somerville,28025,4.4599,611.0,1.7 oz,Size,1.7 oz,,"['Benzoyl Peroxide 5%, Water/Aqua/Eau, PPG-2 Myristyl Ether Propionate, Argania Spinosa Kernel Extract, PEG-40 Sterate, Serenoa Serrulata Fruit Extract, Sesamum Indicum (Sesame) Seed Extract, Alcohol Denat., Sorbitan Stearate, Hydrogenated Methyl Abeitate, Methyl Methacrylate Crosspolymer, Carbomer, Glyceryl Stearate, Cetyl Alcohol, Tetrasodium EDTA, Hydrogenated Lecithin, Cholesterol, Ceramide NS, Ceramide NP, Oleic Acid, Palmitic Acid, Sodium Ascorbate, Sodium Hydroxide, EDTA, Ethyhexylglycerin, Phenoxyethanol. -Five Percent Benzoyl Peroxide: Helps diminish the look of blemishes.', 'Benzoyl Peroxide 5%, Water/Aqua/Eau, PPG-2 Myristyl Ether Propionate, Argania Spinosa Kernel Extract, PEG-40 Sterate, Serenoa Serrulata Fruit Extract, Sesamum Indicum (Sesame) Seed Extract, Alcohol Denat., Sorbitan Stearate, Hydrogenated Methyl Abeitate, Methyl Methacrylate Crosspolymer, Carbomer, Glyceryl Stearate, Cetyl Alcohol, Tetrasodium EDTA, Hydrogenated Lecithin, Cholesterol, Ceramide NS, Ceramide NP, Oleic Acid, Palmitic Acid, Sodium Ascorbate, Sodium Hydroxide, EDTA, Ethyhexylglycerin, Phenoxyethanol.']",56.0,,,0,0,0,0,0,"['Best for Oily, Combo, Normal Skin', 'Good for: Acne/Blemishes', 'Cruelty-Free']",Skincare,Treatments,Face Serums,0,,
P500238,Mini Collagen Superfusion Firming & Plumping Facial Oil,6236,Charlotte Tilbury,13165,4.7143,7.0,.27 oz / 8 mL,Size,.27 oz / 8 mL,,"['Persea Gratissima (Avocado) Oil, Olea Europaea (Olive) Fruit Oil, Orbignya Oleifera Seed Oil, Caprylic/Capric Triglyceride, Silica Dimethyl Silylate, Helianthus Annuus (Sunflower) Seed Oil, Cocoyl Hydrolyzed Collagen, Oenothera Biennis (Evening Primrose) Oil, Rubus Idaeus (Raspberry) Seed Oil, Vaccinium Myrtillus Seed Oil, Theobroma Cacao (Cocoa) Extract, Lavandula Angustifolia (Lavender) Oil, Lupinus Albus Seed Extract, Tocopherol, Citrus Aurantium Amara (Bitter Orange) Flower Oil, Eucalyptus Globulus Leaf Oil, Magnolia Officinalis Bark Extract, Rosa Damascena Flower Extract, Rosa Damascena Flower Oil, Linalool, Limonene, Geraniol, Citronellol, Farnesol.']",30.0,,,0,0,0,0,0,"['Good for: Loss of firmness', 'Plumping', 'Collagen', 'Without Parabens', 'Gluten Free', 'Cruelty-Free']",Skincare,Mini Size,,0,,
P424986,THE BUTTER Illuminating Tanning Butter,6225,TAN-LUXE,17319,4.3425,181.0,6.76 oz/ 200 mL,Size,6.76 oz/ 200 mL,,"['Water, Dihydroxyacetone, Ethylhexyl Stearate, Prunus Amygdalus Dulcis (Sweet Almond) Oil, Glycerin, Isopropyl Palmitate, Polysorbate 60, Avena Sativa (Oat) Kernel Oil, Coco-Caprylate/Caprate, Rubus Idaeus (Raspberry) Seed Oil, Theobroma Cacao (Cocoa) Seed Butter, Dimethicone, Helianthus Annuus (Sunflower) Seed Oil, Glyceryl Stearate, Cetyl Alcohol, PEG-100 Stearate, Hydroxyethyl Acrylate/Sodium Acryloyldimethyl Taurate Copolymer, Synthetic Fluorphlogopite, Phenoxyethanol, Parfum (Fragrance), Butyrospermum Parkii (Shea) Butter, Benzoic Acid, Tocopheryl Acetate, Xantham Gum, Dehydroacetic Acid, Disodium EDTA, Sorbitan Isostearate, Limonene, Geraniol, Hexyl Cinnamal, Tin Oxide, Alpha-Isomethyl Ionone, Benzyl Salicylate, Butylphenyl Methylpropional, Caramel, Citric Acid, CI 77891 (Titanium Dioxide).']",38.0,,,0,0,0,0,0,"['Radiant Finish', 'Good for: Dullness/Uneven Texture', 'Good for: Loss of firmness', 'Hydrating', 'Without Parabens', 'Cruelty-Free']",Skincare,Self Tanners,For Body,0,,
P471064,Max Matte Shine Control Sunscreen Broad Spectrum SPF 45,3728,Peter Thomas Roth,2240,2.4865,37.0,1.7 oz/ 50 mL,,,,"['Avobenzone 3%, Homosalate 9%, Octisalate 5%, Octocrylene 10%, Water, Silica, Butylene Glycol, Octyldodecyl Neopentanoate, Argania Spinosa Kernel Oil, Tocopheryl Acetate, Glyceryl Stearate, Styrene/Acrylates Copolymer, Dimethicone, Yeast Extract, PEG-100 Stearate, Cetyl Alcohol, Stearic Acid, Phenoxyethanol, Saccharide Isomerate, Persea Gratissima (Avocado) Oil, Diethylhexyl Syringylidenemalonate, Pentylene Glycol, Hydrolyzed Wheat Protein/PVP Crosspolymer, Sodium Hyaluronate, Sclerotium Gum, Bisabolol, Octyldodecanol, Sodium Phytate, Caprylic/Capric Triglyceride, Potassium Sorbate, Sodium Benzoate, Ethylhexylglycerin, Disodium EDTA, Ceramide NP, Citric Acid, Sodium Citrate, Ammonium Hydroxide, Ceteareth-25, Glycerin, Behenic Acid, Cholesterol, Ceramide NS, Ceramide EOS, Ceramide EOP, Ceramide AP, Caprooyl Phytosphingosine, Caprooyl Sphingosine, Tocopherol, Ascorbyl Palmitate.']",38.0,,,0,0,0,0,0,"['Hyaluronic Acid', 'Good for: Pores', 'Good for: Acne/Blemishes', 'Best for Oily, Combo, Normal Skin', 'SPF', 'Without Sulfates SLS & SLES']",Skincare,Sunscreen,Face Sunscreen,0,,
P431848,Cold Plunge Pore Mask,5674,OLEHENRIKSEN,102859,4.5335,1522.0,3 oz/ 90 mL,Size,3 oz/ 90 mL,,"['Water, Kaolin, Glycerin, Disodium Lauryl Sulfosuccinate, Bentonite, Cetearyl Alcohol, Lactic Acid, Lauramidopropyl Betaine, Sodium C14-16 Olefin Sulfonate, Menthoxypropanediol, Persea Gratissima (Avocado) Oil, Phenoxyethanol, Potassium Hydroxide, Salicylic Acid, Mentha Piperita (Peppermint) Oil, Sodium Chloride, Ethylhexylglycerin, Propanediol, Sodium Phytate, Xanthan Gum, Epilobium Fleischeri Extract, Saussurea Involucrata Extract, Citric Acid, Potassium Sorbate, Macrocystis Pyrifera (Kelp) Extract*, Eucalyptus Globulus Leaf Extract*, Chondrus Crispus (Carrageenan) Extract*, Camellia Sinensis Leaf Extract*, Tocopherol, Chromium Hydroxide Green (Ci 77289), Titanium Dioxide (Ci 77891).']",41.0,,,0,0,0,0,1,"['Salicylic Acid', 'Lactic Acid', 'Good for: Pores', 'Good for: Dullness/Uneven Texture', 'Without Parabens', 'Vegan']",Skincare,Masks,Face Masks,0,,
P385432,Acne Solutions Clinical Clearing Gel,1254,CLINIQUE,59548,4.2234,1079.0,1 oz/ 30 mL,Size,1 oz/ 30 mL,,"['Alcohol Denat., Water, Acrylates/C10-30 Alkyl Acrylate Crosspolymer, Hamamelis Virginiana (Witch Hazel), Laminaria Saccharina Extract, Sea Whip Extract, Butylene Glycol, Benzalkonium Chloride.']",32.0,,,0,0,0,0,0,"['Good for: Acne/Blemishes', 'Salicylic Acid', 'Oil Free', 'Gluten Free', 'Fragrance Free']",Skincare,Treatments,Blemish & Acne Treatments,1,21.0,21.0
P482540,Correct & Protect Broad Spectrum SPF 45| PA++++,4164,Murad,5581,4.7366,467.0,1 oz/ 30 mL,Size,1 oz/ 30 mL,,"['Zinc Oxide 17.0%, Isododecane, Water (Aqua), Dimethicone, Propanediol, Caprylic/Capric Triglyceride, Polyglyceryl-6 Polyricinoleate, Polymethylsilsesquioxane/Trimethylsiloxysilicate, C12-15 Alkyl Benzoate, Coco-Caprylate/Caprate, Ethylhexyl Palmitate, Polymethylsilsesquioxane, Glycerin, Tapioca Starch, Polyglyceryl-10 Dioleate, Polyhydroxystearic Acid, Fructooligosaccharides, Simmondsia Chinensis (Jojoba) Seed Oil, Lecithin, Butyrospermum Parkii (Shea) Butter, Beta Vulgaris (Beet) Root Extract, Hedychium Coronarium Root Extract, Solanum Lycopersicum (Tomato) Fruit Extract, Niacinamide, Squalane, Urea, Yeast Amino Acids, Trehalose, Taurine, Inositol, Betaine, Tocopheryl Acetate, Ascorbic Acid, Retinyl Palmitate, Potassium Lactate, Ethylhexylglycerin, Lactic Acid, Leuconostoc/Radish Root Ferment Filtrate, Polysilicone-11, Disteardimonium Hectorite, Caprylyl/Capryl Glucoside, Decyl Glucoside, Propylene Carbonate, Caprylyl Glycol, Hexylene Glycol, Triethoxycaprylylsilane, Chlorphenesin, Phenoxyethanol, Iron Oxides (CI 77492).']",69.0,,,0,0,0,0,0,"['Without Parabens', 'Best for Dry, Combo, Normal Skin', 'SPF', 'Good for: Dark spots', 'Gluten Free', 'Cruelty-Free']",Skincare,Sunscreen,Face Sunscreen,0,,
P448710,pores no more Pore Purifying Cleanser,4372,Dr. Brandt Skincare,5136,4.2537,67.0,3.5 oz/ 105 mL,Size,3.5 oz/ 105 mL,,"['Water, Disodium C12-14 Pareth-3 Sulfosuccinate, Cocamidopropyl Betaine, Sodium Lauryl Sulfoacetate, Phenoxyethanol, Sodium Sulfate, Sodium Chloride, Peg-150 Pentaerythrityl Tetrastearate, Glycol Stearate, Hydroxypropyl Guar, Peg-6 Caprylic/Capric Glycerides, Laureth-10, Ethylhexylglycerin, Rosmarinus Officinalis (Rosemary) Leaf Oil, Citric Acid, Disodium Edta, Glycerin, Stearamide Amp, Melaleuca Alternifolia (Tea Tree) Leaf Oil, Linalyl Acetate, Salicylic Acid, Salix Alba (Willow) Bark Extract, Geranium Maculatum Extract.']",38.0,,,0,0,0,0,0,"['Best for Oily, Combo, Normal Skin', 'Good for: Pores', 'Salicylic Acid', 'Hypoallergenic', 'Without Phthalates', 'Without Parabens']",Skincare,Cleansers,Face Wash & Cleansers,0,,
P500894,Fat Water Hydrating Milky Toner Essence with Hyaluronic Acid + Tamarind,6352,Fenty Skin,24560,4.6554,296.0,5 oz / 150 mL,Size,5 oz / 150 mL,,"['Aqua/Water/Eau, Propanediol, Glycerin, Squalane, Glyceryl Stearate, Niacinamide, Panthenol, Cocos Nucifera (Coconut) Oil, Pyrus Malus (Apple) Fruit Extract, Hyaluronic Acid, Tamarindus Indica Seed Polysaccharide, Sodium PCA, Magnesium PCA, Zinc PCA, Manganese PCA, Citrullus Lanatus (Watermelon) Seed Oil, Adansonia Digitata Seed Oil, Malpighia Punicifolia (Acerola) Fruit Extract, Camellia Sinensis Leaf Extract, Tocopherol, Ethylhexylglycerin, Hydroxyethylcellulose, Caprylyl Glycol, Hexylene Glycol, Potassium Cetyl Phosphate, Tetrasodium Glutamate Diacetate, Potassium Sorbate, Sodium Hydroxide, Disodium Phosphate, Sodium Benzotriazolyl Butylphenol Sulfonate, Polyacrylate Crosspolymer-6, Polysorbate 60, Sodium Glycolate, Sodium Formate, Sodium Phosphate, Phenoxyethanol, Parfum/Fragrance, Hexyl Cinnamal, Limonene, Linalool, Benzyl Salicylate, Yellow 6 (CI 15985), Red 4 (CI 14700).']",34.0,,,0,0,0,0,1,"['Good for: Pores', 'Clean at Sephora', 'Good for: Dryness', 'Good for: Dark spots', 'Black Owned at Sephora', 'Niacinamide']",Skincare,Moisturizers,Mists & Essences,0,,
P502395,Concentrated Ginseng Renewing Serum,6307,Sulwhasoo,1645,4.6972,142.0,1.69 oz / 50 mL,Size,1.69 oz / 50 mL,,"['Water/Aqua/Eau, Butylene Glycol, Glycerin, Cetyl Ethylhexanoate, Methyl Gluceth-20, Behenyl Alcohol, Betaine, 1,2-Hexanediol, Niacinamide, Methoxy PEG-114/Polyepsilon Caprolactone, Carbomer, Tromethamine, Phenyl Trimethicone, Caprylyl Methicone, Jojoba Esters, Fragrance/Parfum, Hydrolyzed Ginseng Saponins (Enzyme-Treated Red Ginseng Saponins), Glyceryl Caprylate, Phenoxyethanol, Arachidyl Alcohol, Ethylhexylglycerin, Disodium EDTA, Dextrin, Theobroma Cacao (Cocoa) Extract, Arachidyl Glucoside, Linalool, Panax Ginseng Seed Oil, Glycine Soja (Soybean) Oil, Panax Ginseng Root Extract, Sodium Chloride, Panax Ginseng Leaf/Stem Extract, Limonene, Honey/Mel/Miel, Rehmannia Glutinosa Root Extract, Panax Ginseng Flower Extract, Paeonia Lactiflora Root Extract, Lilium Candidum Bulb Extract, Polygonatum Odoratum Rhizome Extract, Retinol, Nelumbo Nucifera Flower Extract, Hydrogenated Lecithin, Alcohol, Glucose, Tocopherol, Caprylyl Glycol, BHT, Pentaerythrityl Tetra-Di-T-Butyl Hydroxyhydrocinnamate, Phytosphingosine, Sodium Polyaspartate, Sodium Hyaluronate, Acetyl Heptapeptide-4, Sodium Methyl Stearoyl Taurate, Acetyl Hexapeptide-8, Sodium Hydroxide, Acetyl Octapeptide-3.']",210.0,,,0,0,0,0,1,"['Good for: Loss of firmness', 'Hydrating', 'Good for: Anti-Aging', 'Without Phthalates', 'Good for: Dryness', 'Without Parabens']",Skincare,Treatments,Face Serums,2,125.0,65.0
P413326,Camellia Gold Spun Lip Balm,6041,Tatcha,46733,4.2806,670.0,0.21 oz/ 6 g,Size,0.21 oz/ 6 g,,"['Squalane (Olive Origin), Dimer Dilinoleyl Dimer Dilinoleate, Dextrin Palmitate, Fragrance (Natural), Dextrin Palmitate/Ethylhexanoate, Polyglyceryl-10 Pentaisostearate, Oryza Sativa (Rice) Germ Oil, Camellia Japonica Seed Oil, Water, Stearyl Glycyrrhetinate (Licorice Extract), Oryzanol (Rice Bran Oil Extract), Hydrogenated Lecithin (Soy Origin), Inositol (Rice Extract), Camellia Sinensis (Green Tea) Leaf Extract, Alcohol, Glycerin, Algae Extract, Gold.']",30.0,,,0,0,0,0,1,"['Good for: Anti-Aging', 'Good for: Dryness', 'Cruelty-Free', 'Vegan', 'Clean at Sephora']",Skincare,Lip Balms & Treatments,,0,,
P481168,Mini The Dewy Skin Cream Plumping & Hydrating Moisturizer,6041,Tatcha,0,,,0.34 oz/ 10 mL,Size,0.34 oz/ 10 mL,,"['Aqua/Water/Eau, Saccharomyces/Rice Ferment Filtrate, Glycerin, Propanediol, Dimethicone, Squalane, Diisostearyl Malate, Behenyl Alcohol, Myristyl Myristate, Dipentaerythrityl Hexahydroxystearate, Bis-Diglyceryl Polyacyladipate-2, Tridecyl Trimellitate, Inositol, Sorbitan Tristearate, Beheneth-20, Camellia Sinensis Leaf Extract, Cladosiphon Okamuranus Extract, Chondrus Crispus Extract, Betaphycus Gelatinum Extract, Oryza Sativa (Rice) Bran Extract, Panax Ginseng Root Extract, Origanum Majorana Leaf Extract, Thymus Serpyllum Extract, Malva Sylvestris (Mallow) Flower Extract, Sodium Hyaluronate, Gold, Sericin, Phytosteryl Macadamiate, Tocopherol, Hydroxyethyl Acrylate/Sodium Acryloyldimethyl Taurate Copolymer, Sorbitan Isostearate, Polysorbate 60, Butylene Glycol, Dimethicone/Vinyl Dimethicone Crosspolymer, Sodium Benzoate, Gluconolactone, Ethylhexylglycerin, Parfum/Fragrance, Alcohol, Phenoxyethanol, Citral, Limonene, Linalool, Mica, Tin Oxide, Titanium Dioxide (Ci 77891), Violet 2 (Ci 60725)']",22.0,,,0,0,1,0,1,"['Hyaluronic Acid', 'Community Favorite', 'Plumping', 'Hydrating', 'Clean at Sephora', 'Good for: Dryness']",Skincare,Moisturizers,Moisturizers,0,,
P457002,SuperBeauty Daily Antioxidant SkinSupplement,6226,Moon Juice,6806,4.8696,69.0,60 Capsules,Size,60 Capsules,,"['Nu-Mag Certified Organic Rice Extract, Rice (Oryza sativa cera) Flour, Organic Rice Hulls, Organic Gum Arabic, Organic Sunflower Oil.']",60.0,,,0,0,0,1,0,"['Good for: Loss of firmness', 'Vitamin C']",Skincare,Wellness,Beauty Supplements,1,60.0,60.0
P483679,Truth Barrier Booster Orange Ferment Vitamin C Essence,5674,OLEHENRIKSEN,24293,4.814,602.0,4 oz / 120 mL,Size,4 oz / 120 mL,,"['Aqua/water/eau, Lactobacillus Ferment, 3-o-ethyl Ascorbic Acid, Niacinamide, Hyaluronic Acid, Sodium Hyaluronate, Panthenol, Sodium Polyglutamate, Tocopherol, Glycerin, Citrus Aurantium Dulcis (Orange) Peel Extract, Citrus Aurantium Dulcis (Orange) Callus Culture Extract, Citrus Sinensis (Orange) Fruit Extract, Citrus Aurantium Dulcis (Orange) Fruit Extract, Citrus Aurantium Dulcis (Orange) Oil, Hippophae Rhamnoides Extract, Lycium Barbarum Fruit Extract, Rosa Canina Fruit Extract, Citrus Limon (Lemon) Fruit Extract, Gluconolactone, Lithothamnion Calcareum Extract, Helianthus Annuus (Sunflower) Seed Oil, Chondrus Crispus (Carrageenan) Extract, Leuconostoc/radish Root Ferment Filtrate, Citric Acid, Sodium Riboflavin Phosphate, Sodium Tocopheryl Phosphate, Sodium Citrate, Potassium Hydroxide, Xanthan Gum, Sodium Benzoate, Calcium Gluconate, Triethylhexanoin, Polyglyceryl-3 Laurate, Acrylates/c10-30 Alkyl Acrylate Crosspolymer, Pentaerythrityl Tetra-di-t-butyl Hydroxyhydrocinnamate, Phenoxyethanol, Chlorphenesin, Triethyl Citrate, Limonene, Linalool, Citral.']",48.0,,,0,0,0,0,1,"['Vitamin C', 'Clean at Sephora']",Skincare,Moisturizers,Mists & Essences,0,,
P503890,Green Tea Hyaluronic Acid Hydrating Toner,6295,innisfree,8957,4.5714,14.0,5.41 oz / 160 mL,Size,5.41 oz / 160 mL,,"['Water/Aqua/ Eau, Butylene Glycol, Propanediol, Glycerin, 1,2-Hexanediol, Trehalose, Panthenol, Polyglycerin-3, Ppg-13-Decyltetradeceth-24, Caprylic/Capric Triglyceride, Lactobacillus Ferment Lysate, Xanthan Gum, Ethylhexylglycerin, Fragrance/Parfum, Disodium Edta, Cellulose Gum, Camellia Sinensis Leaf Extract, Squalane, Camellia Sinensis Seed Oil, Lactic Acid, Linalool, Limonene, Sodium Hyaluronate, Hydrolyzed Hyaluronic Acid, Sodium Hyaluronate Crosspolymer, Hyaluronic Acid, Acrylates/Stearyl Methacrylate Copolymer, Tremella Fuciformis Sporocarp Extract, Sodium Acetylated Hyaluronate, Tocopherol, Ceramide Np.']",22.0,,,0,0,0,0,0,"['Hyaluronic Acid', 'Best for Oily Skin', 'Hydrating', 'Good for: Dryness', 'Without Parabens', 'Best for Dry, Combo, Normal Skin']",Skincare,Cleansers,Toners,0,,
P459140,Self-Tanning Water Refill,8008,Isle of Paradise,12579,3.619,42.0,6.76 oz/ 200 mL Refill,Color,Light,,"['Light:', 'Aqua (Water), Propylene Glycol, Dihydroxyacetone, Glycerin, Ethoxydiglycol, PEG-40 Hydrogenated Castor Oil, Erythrulose, Glycereth-26, Tropaeolum Majus Flower/Leaf/Stem Extract, Aloe Barbadensis Extract, Citrus Grandis (Grapefruit) Peel Oil, Cocos Nucifera (Coconut) Oil, Eucalyptus Globulus Leaf Oil, Mentha Piperita (Peppermint) Oil, Persea Gratissima (Avocado) Oil, Salvia Hispanica Seed Oil, Salvia Officinalis (Sage) Oil, Panthenol, Sodium Benzotriazolyl Butylphenol Sulfonate, Tris (Tetramethylhydroxypiperidinol) Citrate, Ethylhexylglycerin, Propanediol, Methoxyphenyl t-Butylphenyl Propanediol, Ascorbic Acid, Agastache Mexicana Flower/Leaf/Stem Extract, Parfum (Fragrance), Sodium Metabisulfite,Phenoxyethanol, Triethylene Glycol, CI 16035 (FD&C Red No.40), CI 19140 (FD&C Yellow No.5).', 'Medium:', 'Aqua (Water), Propylene Glycol, Dihydroxyacetone, Glycerin, Ethoxydiglycol, PEG-40 Hydrogenated Castor Oil, Erythrulose, Glycereth-26, Agastache Mexicana Flower/Leaf/Stem Extract, Aloe Barbadensis Extract, Citrus Grandis (Grapefruit) Peel Oil, Cocos Nucifera (Coconut) Oil, Eucalyptus Globulus Leaf Oil, Mentha Piperita (Peppermint) Oil, Persea Gratissima (Avocado) Oil, Salvia Hispanica Seed Oil, Salvia Officinalis (Sage) Oil, Methoxyphenyl t-Butylphenyl Propanediol, Tropaeolum Majus Flower/Leaf/Stem Extract, Panthenol, Ascorbic Acid, Ethylhexylglycerin, Propanediol, Sodium Benzotriazolyl Butylphenol Sulfonate, Tris (Tetramethylhydroxypiperidinol) Citrate, Parfum (Fragrance), Sodium Metabisulfite, Phenoxyethanol, Triethylene Glycol, CI 19140 (FD&C Yellow No.5), CI 42090 (FD&C Blue No.1), CI 16035 (FD&C Red No.40).', 'Dark:', 'Aqua (Water), Dihydroxyacetone, Propylene Glycol, Glycerin, PEG-40 Hydrogenated Castor Oil, Ethoxydiglycol, Erythrulose, Glycereth-26, Methoxyphenyl t-Butylphenyl Propanediol, Aloe Barbadensis Extract, Citrus Grandis (Grapefruit) Peel Oil, Cocos Nucifera (Coconut) Oil, Eucalyptus Globulus Leaf Oil, Mentha Piperita (Peppermint) Oil, Persea Gratissima (Avocado) Oil, Salvia Hispanica Seed Oil, Salvia Officinalis (Sage) Oil, Tropaeolum Majus Flower/Leaf/Stem Extract , Agastache Mexicana Flower/Leaf/Stem Extract, Ethylhexylglycerin, Panthenol, Ascorbic Acid, Sodium Benzotriazolyl Butylphenol Sulfonate, Tris (Tetramethylhydroxypiperidinol) Citrate, Propanediol, Parfum (Fragrance), Sodium Metabisulfite, Phenoxyethanol, Triethylene Glycol, CI 16035 (FD&C Red No.40), CI 42090 (FD&C Blue No.1).']",24.0,,,0,0,0,1,1,"['Refill Available', 'Liquid Formula', 'Clean at Sephora']",Skincare,Self Tanners,For Face,2,24.0,24.0
P440981,Age Adapting CBD Serum,6274,Flora + Bast,13007,4.6158,177.0,1 oz/ 30 mL,Size,1 oz/ 30 mL,,"['Fractionated Coconut Oil, Cannabis Sativa Extract, Cannabis Sativa Seed Oil.']",77.0,,,0,0,1,0,1,"['CBD', 'Hydrating']",Skincare,Treatments,Face Serums,1,38.5,38.5
P399622,Luminous Deep Hydration Lifting Mask,6041,Tatcha,27298,4.4074,81.0,4 x 0.68 oz/ 20 mL masks,Size,4 x 0.68 oz/ 20 mL masks,,"['Water, Glycerin, Propanediol, Methyl Gluceth-¬‐20,', 'Alcohol,Camellia Sinensis (Green Tea) Leaf Extract, Inositol', '(Rice Extract), Algae Extract, Sericin (Silk Extract), Panax', 'Ginseng Root Extract, Royal Jelly Extract, Chondrus Crispus (Red', 'Algae) Extract,Thymus Serpillum (Thyme) Extract, Ppg-¬‐6-¬‐', 'Decyltetradeceth-¬‐ 20,Ethylhexylglycerin, Polyglyceryl-¬‐', '10eicosanedioate/Tetradecanedioate, Polyglyceryl-¬‐10', 'Isostearate, Xanthan Gum, Sodium Hyaluronate, Fragrance', '(Natural), Phenoxyethanol.']",95.0,,,0,0,0,0,0,"['Clean at Sephora', 'Good for: Dryness', 'Good for: Dullness/Uneven Texture', 'Good for: Loss of firmness']",Skincare,Masks,Sheet Masks,0,,
P448546,Darker Skin Tones Enzyme Cleanser,6302,Dr. Barbara Sturm,3148,4.7778,9.0,2.6 oz/ 75 g,Size,2.6 oz/ 75 g,,"['Sodium Lauroyl Glutamate, Talc, Cellulose, Maltodextrin, Water (Aqua), Xanthan Gum, Ascorbic Acid, Subtilisin, Lipase.']",75.0,,,0,0,0,0,0,"['Without Sulfates SLS & SLES', 'Cruelty-Free', 'Vegan', 'Clean at Sephora']",Skincare,Cleansers,Face Wash & Cleansers,0,,
P504636,Mini Watermelon Glow Niacinamide Dew Drops,6189,Glow Recipe,18565,4.0,13.0,0.5 oz / 15 mL,Size,0.5 oz / 15 mL,,"['Aqua/Water/Eau, Propanediol, Glycereth-26, Glycerin, Niacinamide, 2,3-Butanediol, 1,2-Hexanediol, Cetyl Ethylhexanoate, Citrullus Lanatus Fruit Extract, Sodium Hyaluronate, Eclipta Prostrata Extract, Melia Azadirachta Leaf Extract, Polyglyceryl-3 Methylglucose Distearate, Tromethamine, Glyceryl Stearate, Carbomer, Acrylates/C10-30 Alkyl Acrylate Crosspolymer, Ethylhexylglycerin, Xanthan Gum, Polyquaternium-51, Moringa Oleifera Seed Oil, Fragrance/Parfum, Benzyl Benzoate.']",20.0,,,0,1,0,0,1,"['Vegan', 'Community Favorite', 'High Shine Finish', 'Clean + Planet Positive', 'Niacinamide', 'Cruelty-Free']",Skincare,Treatments,Face Serums,0,,
P469526,Water-Infusing Electrolyte Moisturizer,6341,Paula's Choice,8396,3.7273,44.0,1.7 oz/ 50 mL,Size,1.7 oz/ 50 mL,,"['Water (Aqua,) Glycerin, Dimethicone, Butylene Glycol, Propanediol, Stearic Acid, Glyceryl Stearate, Isohexadecane, Potassium PCA, Magnesium PCA, Calcium PCA, Ethylhexyl Olivate, Polyglyceryl-4 Olivate, Pyrus Malus (Apple) Fruit Extract, Laminaria Saccharina (Brown Algae) Extract, Actinidia Chinensis (Kiwi) Fruit Extract, Coffea Arabica (Coffee) Seed Extract, Biotin/Folic Acid/Cyanocobalamin/Niacinamide/Pantothenic Acid/Pyridoxine/Riboflavin/Thiamine/Yeast Polypeptides, Garcinia Mangostana (Mangosteen) Peel Extract, Prunus Serotina (Wild Cherry) Fruit Extract, Squalane, Ceramide EOP, Ceramide AP, Ceramide NP, Pisum Sativum (Pea) Extract, Phytosphingosine, Cholesterol, Acetyl Hexapeptide-37, Oryza Sativa (Rice) Bran Extract, Tocopherol, Creatine, Bisabolol, Sorbitol, Inositol, Xylitol, Caprylic/Capric Triglyceride, Sodium Levulinate, Behenyl Behenate, Tribehenin, Sodium Lauroyl Lactylate, Xanthan Gum, Sodium Acrylates Copolymer Acrylates/C10-30 Alkyl Acrylate Crosspolymer, Carbomer, Sodium Hydroxide,Tetrasodium EDTA, Phenoxyethanol, Ethylhexylglycerin.']",37.0,,,0,0,0,0,0,"['Good for: Dark Circles', 'Good for: Dullness/Uneven Texture', 'Good for: Dryness', 'Oil Free', 'Cruelty-Free', 'Fragrance Free']",Skincare,Moisturizers,Moisturizers,0,,
P456194,Extra-Firming + Smoothing Neck & Décolleté Moisturizer,2082,Clarins,8236,4.6528,193.0,2.0 oz/ 75 mL,Size,2.0 oz/ 75 mL,,"['Aqua/Water/Eau, Coco-Caprylate/Caprate, Cocoglycerides, Polyglyceryl-6 Distearate, Glycerin, Cocos Nucifera (Coconut) Oil, Jojoba Esters, 1,2 Hexanediol, Beheneth-25, Butyrospermum Parkii (Shea) Butter, Helianthus Annuus (Sunflower) Seed Oil Unsaponifiables, Polyglycerin-3, Sodium Polyacrylate, Parfum/Fragrance, Glyceryl Caprylate, Xylitylglucoside,  Sodium Acrylates Copolymer, Anigozanthos Flavidus Extract, Anhydroxylitol, Cetyl Alcohol, Polyglyceryl-3 Beeswax,  Ethylhexylglycerin,  Hydrolyzed Jojoba Esters, Tocopheryl Acetate,  Lecithin,  Xylitol, Avena Sativa (Oat) Kernel Extract, Disodium EDTA, Caprylic/Capric Triglyceride, Acacia Decurrens Flower Wax, Helianthus Annuus (Sunflower) Seed Wax, Butylene Glycol,  Betaine, Sorbitol,  Glucose,  Marrubium Vulgare Extract,  Helianthus Annuus (Sunflower) Extract, Kalanchoe Pinnata Leaf Extract, Balanites Roxburghii Seed Oil, Mitracarpus Scaber Extract, Sodium Benzoate, Phenethyl Alcohol, Phenoxyethanol, Steareth-20, Citric Acid, Furcellaria Lumbricalis Extract, Potassium Sorbate, Ci 15985/Yellow 6, Lapsana Communis Flower/Leaf/Stem Extract, Maris Sal/Sea Salt/Sel Marin.']",96.0,,,0,0,0,0,0,,Skincare,Moisturizers,Decollete & Neck Creams,0,,
P453816,Mini Take The Day Off Cleansing Balm Makeup Remover,1254,CLINIQUE,37388,4.5294,4375.0,1 oz/ 30 mL,Size,1 oz/ 30 mL,,"['Ethylhexyl Palmitate, Carthamus Tinctorius (Safflower) Seed Oil, Caprylic/Capric Triglyceride, Sorbeth-30 Tetraoleate, Polyethylene, Peg-5 Glyceryl Triisostearate, Water, Tocopherol, Phenoxyethanol.']",14.0,,,0,0,0,0,0,"['Vegan', 'Community Favorite', 'Fragrance Free', 'allure 2021: Clean Beauty Winner', 'Best for Dry, Combo, Normal Skin', 'Without Sulfates SLS & SLES']",Skincare,Mini Size,,0,,
P477714,Black Obsidian Face and Body Gua Sha,3902,SEPHORA COLLECTION,15323,4.0,40.0,,,,,,14.0,,7.0,0,0,0,1,1,"['Good for: Loss of firmness', 'Good for: Anti-Aging']",Skincare,High Tech Tools,Anti-Aging,0,,
P504637,Equilibrium Resurfacing Retinoid Treatment,5879,Hourglass,278,4.8898,118.0,1 oz / 30 mL,Size,1 oz / 30 mL,,"['Water/Aqua, Isopropyl Myristate, Butylene Glycol, Caprylic/Capric Triglyceride, Glycerin, Niacinamide, Pentylene Glycol, Acrylates/C10-30 Alkyl Acrylate Crosspolymer, Cetyl Alcohol, Polysorbate 20, Hexylresorcinol, Phenoxyethanol, Retinyl Propionate, Dilauryl Thiodipropionate, Disodium Edta, Pentaerythrityl Tetra-Di-T-Butyl Hydroxyhydrocinnamate, Potassium Hydroxide, Palmitic Acid, Phospholipids, Lecithin, Bht.']",110.0,,,0,1,0,0,0,"['Vegan', 'Retinol', 'Alcohol Free', 'Cruelty-Free']",Skincare,Treatments,Face Serums,0,,
P406656,Repairwear Laser Focus Line Smoothing Cream Broad Spectrum SPF 15 for Combination Oily to Oily Skin,1254,CLINIQUE,690,3.6667,3.0,1.7 oz/ 50 mL,Size,1.7 oz/ 50 mL,,"['Octinoxate 7.5%, Titanium Dioxide 1.5%Water, Cetyl Ethylhexanoate, Butylene Glycol, Octyldodecyl Neopentanoate, Peg-100 Stearate, Glyceryl Stearate, Glycerin, Hydrogenated Lecithin, Polyethylene, Pentylene Glycol, Silica, Citrus Reticulata (Tangerine) Peel Extract, Saccharomyces Lysate Extract, Polygonum Cuspidatum Root Extract, Algae Extract, Triticum Vulgare (Wheat) Bran Extract, Coffea Robusta Seed Extract, Astrocaryum Murumuru Seed Butter, Padina Pavonica Thallus Extract, Betula Alba (Birch) Bark Extract, Creatine, Adenosine Phosphate, Laurdimonium Hydroxypropyl Hydrolyzed Soy Protein, Linoleic Acid, Hydrolyzed Rice Extract, Hydroxyproline, Olea Europaea (Olive) Fruit Extract, Sigesbeckia Orientalis (St. Paul Wort) Extract, Coleus Barbatus Extract, Acetyl Hexapeptide-8, Sodium Dna, Caffeine, Cholesterol, Ethylhexyl Stearate, Sorbitol, Ethylhexyl Palmitate, Decarboxy Carnosine Hcl, Phytosphingosine, Propylene Glycol Dicaprate, Disodium Nadh, Caprylyl Glycol, Acrylates Copolymer, Trehalose, Sodium Rna, Cetyl Alcohol, Dipalmitoyl Hydroxyproline, Proline, Aminopropyl Ascorbyl Phosphate, Behenyl Alcohol, Methicone, Hexylene Glycol, Xanthan Gum, Sodium Hyaluronate, Potassium Hydroxide, Potassium Sulfate, Glycine, Potassium Sorbate, Aluminum Hydroxide, Lecithin, Carbomer, Disodium Edta, Phenoxyethanol <ILN41741>.']",53.0,,,0,0,0,1,0,,Skincare,Moisturizers,Moisturizers,0,,
P471566,Mini Lemonade Smoothing Scrub,5674,OLEHENRIKSEN,13714,4.1923,52.0,1 oz / 30 mL,Size,1 oz / 30 mL,,"['Aqua/Water/Eau, Glycerin, Glycolic Acid, Sucrose, Hydrated Silica, Polyglyceryl-10 Dipalmitate, Propanediol, Lactic Acid, Sodium Cocoyl Isethionate, Polyacrylate Crosspolymer-6, Sodium Hydroxide, Sodium Lactate, Acrylamide/Sodium Acryloyldimethyltaurate Copolymer, Citrus Limon (Lemon) Peel Powder, Citrus Limon (Lemon) Fruit Extract, Ocimum Sanctum Leaf Extract, Chamomilla Recutita (Matricaria) Flower Extract, Glycyrrhiza Glabra (Licorice) Root Extract, Saccharum Officinarum (Sugarcane) Extract/Extrait De Canne a Sucre, Citrus Aurantifolia (Lime) Peel Extract, Santalum Album (Sandalwood) Extract, Citrus Limon (Lemon) Peel Oil, Citrus Aurantium Bergamia (Bergamot) Peel Oil, Leuconostoc/Radish Root Ferment Filtrate, Coconut Acid, Sodium Riboflavin Phosphate, Dimethylhydroxy Furanone, Isohexadecane, Polysorbate 80, Sodium Isethionate, Sorbitan Oleate, Triethyl Citrate, Vanillin, Pentaerythrityl Tetra-Di-T-Butyl Hydroxyhydrocinnamate, Caprylyl Glycol, Phenoxyethanol, Limonene, Linalool, Citral.']",18.0,,,0,0,0,0,1,"['Good for: Dullness/Uneven Texture', 'Clean at Sephora', 'AHA/Glycolic Acid']",Skincare,Mini Size,,0,,
P501030,Radian-C Brightening Treatment Essence,6125,LANEIGE,10478,4.6995,203.0,,Size,,,"['Water/Aqua/Eau, Alcohol Denat., Malpighia Emarginata (Acerola) Fruit Extract, Propanediol, Butylene Glycol, Euterpe Oleracea Fruit Extract, 3-O-Ethyl Ascorbic Acid, 1,2-Hexanediol, Peg-60 Hydrogenated Castor Oil, Bis-Peg-18 Methyl Ether Dimethyl Silane, Caffeine, Ethylhexylglycerin, Disodium Edta, Fragrance/Parfum, Sodium Magne Sium Silicate, Limonene, Glutathione, Tocopherol.']",39.0,,,0,0,0,0,1,"['Good for: Dullness/Uneven Texture', 'Best for Dry Skin', 'Vitamin C', 'Hydrating', 'Good for: Dryness', 'Best for Dry, Combo, Normal Skin']",Skincare,Moisturizers,Mists & Essences,0,,
P420158,Vitamin C Glow Moisturizer,4348,fresh,36763,4.2411,419.0,1.6 oz/ 50 mL,Size,1.6 oz/ 50 mL,,"['Water, Glycerin, Pentylene Glycol, Ethylhexyl Isononanoate, Caprylic/Capric Triglyceride, Jojoba Esters, Glyceryl Stearate, Caprylyl Methicone, Polyglycerin-3, Propanediol, Glucosyl Hesperidin, Vaccinium Myrtillus Fruit Extract, Saccharum Officinarum (Sugar Cane) Extract, Citrus Medica Limonum (Lemon) Fruit Extract, Citrus Aurantium Dulcis (Orange) Fruit Extract, Acer Saccharum (Sugar Maple) Extract, Tocopheryl Acetate, Ascorbyl Tetraisopalmitate, Panthenol, Tocopherol, Magnesium Aspartate, Zinc Gluconate, Copper Gluconate, Ethylhexyl Palmitate, Stearyl Alcohol, Ceteth-20, Sodium Polyacrylate, Stearic Acid, Steareth-21, Steareth-25, Caprylyl Glycol, Tromethamine, Acrylates/C10-30 Alkyl Acrylate Crosspolymer, Fragrance, Tetrasodium EDTA, Xanthan Gum, Sodium Hyaluronate, Butylene Glycol, Caramel, BHT, Phenoxyethanol, Limonene, Linalool, Citral, Benzyl Salicylate.']",48.0,,,0,0,0,0,0,"['Clean at Sephora', 'Best for Dry, Combo, Normal Skin']",Skincare,Moisturizers,Moisturizers,0,,
P501474,The Youth Vault: 13-Piece Vegan Skincare + Apparel Set,6169,Youth To The People,8989,4.875,8.0,,,,,"['Superfood Antioxidant Cleanser:', 'Water/Aqua/Eau, Cocamidopropyl Hydroxysultaine, Sodium Cocoyl Glutamate, Sorbeth-230 Tetraoleate, Polysorbate 20, Sodium Chloride, Aloe Barbadensis Leaf (Aloe Vera) Juice Powder, Brassica Oleracea Acephala (Kale) Leaf Extract, Spinacia Oleracea (Spinach) Leaf Extract, Camellia Sinensis (Green Tea) Leaf Extract, Medicago Sativa (Alfalfa) Extract, Chamomilla Recutita (Matricaria) Flower Extract, Tetrahexyldecyl Ascorbate (Vitamin C), Glycerin, Panthenol (Vitamin B5), Tocopheryl Acetate (Vitamin E), Decyl Glucoside, Sorbitan Laurate, Tetrasodium Glutamate Diacetate, Gluconolactone, Ethylhexylglycerin, Maltodextrin, Citric Acid, Phenoxyethanol, Potassium Sorbate, Sodium Benzoate, Gardenia Jasminoides (Jasmine) Fruit Extract, Fragrance/Parfum, Sodium Hydroxide, Sodium Glycolate, Sodium Formate, Hexyl Cinnamal, Linalool, Limonene, Chlorophyllin-Copper Complex (CI 75810).', 'Triple Peptide + Cactus Oasis Serum:', 'Water/Aqua/Eau, Butylene Glycol, Glycerin, Pentylene Glycol, Opuntia Ficus-Indica Stem (Prickly Pear Cactus) Extract, Palmitoyl Tripeptide-1, Palmitoyl Tetrapeptide-7, Palmitoyl Tripeptide-28, Sodium Hyaluronate, Hydrolyzed Sodium Hyaluronate, Sodium Hyaluronate Crosspolymer, Sodium Acetylated Hyaluronate, Synthetic Sapphire, Citrullus Lanatus (Watermelon) Fruit Extract, Lens Esculenta (Lentil) Fruit Extract, Pyrus Malus (Apple) Fruit Extract, Nephelium Lappaceum Peel (Rambutan) Extract, Sodium Pca, Glutathione, Malachite Extract, Citric Acid, Hydroxypropyl Methylcellulose, Tetrasodium Glutamate Diacetate, Polyglutamic Acid, 1,2-Hexandiol, Caprylyl Glycol, Sodium Lactate, Carbomer, Propanediol, Polysorbate 20, Hydroxyethylcellulose, Xanthan Gum, Phenoxyethanol, Ethylhexylglycerin, Sodium Benzoate, Potassium Sorbate, Disodium Phosphate, Polysorbate 60, Benzyl Alcohol, Sodium Hydroxide, Glyceryl Caprylate, Sodium Formate, Sodium Glycolate, Sodium Phosphate, Benzoic Acid.', 'Superfood Air-Whip Moisture Cream:', 'Water/Aqua/Eau, Helianthus Annuus (Sunflower) Seed Oil, Glyceryl Stearate, Cetyl Alcohol, Glycerin, Lecithin, Butylene Glycol, Panthenol (Vitamin B5), Sodium Hyaluronate Crosspolymer, Tocopheryl Acetate (Vitamin E), Phenoxyethanol, Ascorbic Acid (Vitamin C), Hydroxyethylcellulose, Brassica Oleracea Capitata (Kale) Leaf Extract, Camellia Sinensis (Green Tea) Leaf Extract, Chamomilla Recutita (Matricaria) Flower Extract, Medicago Sativa (Alfalfa) Leaf Extract, Spinacia Oleracea (Spinach) Leaf Extract, Hyaluronic Acid, Potassium Sorbate, Pentylene Glycol, Aloe Barbadensis (Aloe Vera) Leaf Extract, Ethylhexylglycerin, Tocopherol, Sodium Acetate, Isopropyl Alcohol, Propylene Glycol, Cellulose, Sodium Hydroxymethylglycinate, Sodium Benzoate, Benzyl Benzoate, Natural Fragrance/Parfum, Citronellol, Hexyl Cinnamal, Limonene, Linalool, Chlorophyll (CI 75810).', 'Polypeptide-121 Future Cream:', 'Water/Aqua/Eau, Dicaprylyl Carbonate, Hydrolyzed Hyaluronic Acid, Trimethylolpropane Tricaprylate/Tricaprate, Tridecyl Trimellitate, Propanediol, Sh-Polypeptide-121, Polyglyceryl-3 Methylglucose Distearate, Panthenol, Niacinamide, Proline, Tocopheryl Acetate, Aloe Barbadensis Leaf Juice, Hydrolyzed Cannabis Sativa (Hemp) Seed Extract, Hydrolyzed Rice Protein, Hydrolyzed Pea Protein, Salvia Hispanica (Chia) Seed Extract, Acetyl Tetrapeptide-11, Acetyl Tetrapeptide-9, Acetyl Tetrapeptide-2, Hibiscus Sabdariffa Fruit Extract, Ammonium Acryloyldimethyltaurate/Beheneth-25 Methacrylate Crosspolymer, Hydrolyzed Linseed Seed, Castor Oil/IPDI Copolymer, Ceramide AP, Ceramide NP, Cetearyl Alcohol, Cetearyl Glucoside, Glycerin, Hydrolyzed Sodium Hyaluronate, Coco-Caprylate/Caprate, Dilinoleic Acid/Propanediol/Pdi Crosspolymer, Benzyl Alcohol, Zingiber Officinale (Ginger) Root Extract, Bisabolol, Caprylyl Glycol, Carbomer, Dimethyl Isosorbide, Dipropylene Glycol, Erythritol, Ethylhexylglycerin, Glucose, 1,2-Hexanediol, Trisodium Ethylenediamine Disuccinate, Glyceryl Monostearate, Phytospingosine, Polyacrylate Crosspolymer-6, Polysorbate 20, Caprylhydroxamic Acid, Potassium Sorbate, Glycine, Hydroxyacetophenone, Sodium Benzoate, T-Buty Alcohol, Citric Acid, Sodium Citrate, Sodium Lactate, Triheptanoin, Xanthan Gum.', 'Superberry Hydrate + Glow Dream Mask:', 'Water/Aqua/Eau, Glycerin, Helianthus Annuus (Sunflower) Seed Oil, Isopropyl Myristate, Glyceryl Stearate, Betaine, Cetyl Alcohol, Stearic Acid, Tetrahexyldecyl Ascorbate (Vitamin C), Opuntia Tuna (Prickly Pear) Flower/Stem Extract, Euterpe Oleracea (Acaì) Fruit Extract, Lycium Barbarum (Goji) Fruit Extract, Aristotelia Chilensis (Maqui) Fruit Extract, Moringa Oleifera Leaf Extract, Glyceryl Stearate Citrate, Tocopheryl Acetate (Vitamin E), Glyceryl Laurate, Squalane, Carbomer, Hyaluronic Acid, Allantoin, Panthenol (Vitamin B5), Ethylhexylglycerin, Xanthan Gum, Phenoxyethanol, Riboflavin (Vitamin B2), Triethyl Citrate, Citrus Aurantium Dulcis Peel Oil, Gamma-Undecalactone, Gamma-Decalactone, Tocopherol, Limonene.', 'Retinal + Niacinamide Youth Serum:', 'Water/Aqua/Eau, Butylene Glycol, Triethylhexanoin, Niacinamide, Squalane, Cyclodextrin, Glycerin, Hydrogenated Lecithin, Polyglyceryl-10 Myristate, Grifola Frondosa Fruiting Body Extract, Rubus Chamaemorus (Cloudberry) Seed Oil, Arginine, Retinal, Withania Somnifera (Ashwagandha) Root Extract, Helianthus Annuus (Sunflower) Seed Oil, Hordeum Vulgare Extract, Ganoderma Lucidum (Reishi Mushroom) Stem Extract, Sodium Hyaluronate Crosspolymer, Cucumis Sativus (Cucumber) Seed Oil, Lonicera Japonica (Honeysuckle) Flower Extract, Ceramide NP, Ceramide AP, Phytosphingosine, Cholesterol, Letinus Edodes Mycelium Extract, Lonicera Caprifolium (Honeysuckle) Flower Extract, Butyrospermum Parkii (Shea) Oil, Ceramide EOP, Sodium Lauroyl Lactylate, Acrylates/C10-30 Alkyl Acrylate Crosspolymer, Capryloyl Glycerin/Sebacic Acid Copolymer, Xanthan Gum, Tocopherol, Carbomer, Hydrolyzed Glycosaminoglycans, Sodium Hyaluronate, Hyaluronic Acid, Pentylene Glycol, Hydrolyzed Sodium Hyaluronate, Diheptyl Succinate, Phenoxyethanol, Ethylhexylglycerin, Phytosterols, Propanediol, Benzyl Glycol, Raspberry Ketone.', 'Adaptogen Deep Moisture Cream:', 'Aqua/Water/Eau, Helianthus Annuus (Sunflower) Seed Oil, Ethylhexyl Palmitate, Propanediol, Glyceryl Stearate, Stearic Acid, Glycerin, Aloe Barbadensis Leaf Juice, Glyceryl Laurate, Squalane, Pentapeptide-59, Withania Somnifera (Ashwagandha) Leaf Extract, Ganoderma Lucidum (Reishi Mushroom) Extract, Ocimum Tenuiflorum (Holy Basil) Extract, Simmondsia Chinensis (Jojoba) Seed Oil, Prunus Amygdalus (Sweet Almond) Dulcis Oil, Butyrospermum Parkii (Shea) Butter, Borago Officinalis Seed Oil, Hydrogenated Lecithin, Rhodiola Rosea Extract, Phenethyl Alcohol, Xanthan Gum, Carbomer, Ethylhexylglycerin, Panthenol, Tocopherol, Maltodextrin, Phenoxyethanol, Potassium Sorbate, Allantoin, Caramel.', 'Mandelic Acid + Superfood Unity Exfoliant:', 'Water/Aqua/Eau (Aqua), Helianthus Annuus (Sunflower) Seed Oil, Stearic Acid, Glycerin, Glyceryl Stearate, Cetyl Alcohol, Ascorbic Acid (Vitamin C), Lecithin, Panthenol (Vitamin B5), Sodium Hyaluronate Crosspolymer, Tocopheryl Acetate (Vitamin E), Phenoxyethanol, Hydroxyethylcellulose, Potassium Sorbate, Aloe Barbadensis (Aloe) Leaf Extract*, Brassica Oleracea Capitata (Kale) Leaf Extract*, Camellia Sinensis (Green Tea) Leaf Extract*, Chamomilla Recutita (Matricaria) Flower Extract*, Medicago Sativa (Alfalfa) Leaf Extract*, Spinacia Oleracea (Spinach) Leaf Extract*, Natural Fragrance, Pentylene Glycol, Ethylhexylglycerin, Magnesium Chloride, Palmitoyl Dipeptide-5 Diaminobutyroyl Hydroxythreonine, Palmitoyl Tripeptide-5, Tetradecyl Aminobutyroylvalylaminobutyric Urea Trifluoroacetate, Benzyl Benzoate, Citronellol, Hexyl Cinnamal, Limonene, Linalool.', 'Superclay Purify + Clear Power Mask:', 'Aqua/Water/Eau, Kaolin, Stearyl Alcohol,Propanediol,Glycerin, Glyceryl Stearate, Niacinamide, Oryza Sativa (Rice) Starch, Bentonite (Volcanic Clay), Cetyl Alcohol, Magnesium Aluminum Silicate, Montmorillonite (French Green Clay), Illite, Calcite, Salicylic Acid, Salix Purpurea (Red Willow) Bark Extract, Saccharomyces/Xylinum/Black Tea Ferment, Allantoin, Carthamus Tinctorius (Safflower) Seed Oil, Phycocyanin (Blue Green Algae), Aloe Barbadensis Leaf Juice, Glyceryl Acrylate/Acrylic Acid Copolymer, Cetearyl Olivate, Sorbitan Olivate, Triticum Aestivum (Wheatgrass) Leaf Extract, Lactic Acid, Sorbitan Stearate, Caprylhydroxamic Acid, Charcoal Powder, Sodium Citrate, 1,2-Hexanediol, Phenoxyethanol, Quartz, Silica, Sodium Benzoate, Potassium Sorbate, Maltodextrin, Gardenia Florida Fruit Extract', 'Dream Eye Cream:', 'Water/Aqua/Eau, Dicaprylyl Carbonate, Butyrospermum Parkii (Shea) Butter, Cetearyl Alcohol, Glycerin, Squalane, Glyceryl Stearate, Avena Sativa (Oat) Bran Extract, Citrus Aurantium Dulcis (Orange) Peel Extract, Moringa Oleifera Seed Oil, Opuntia Ficus-Indica (Prickly Pear) Seed Oil*, Lycium Barbarum (Goji) Callus Culture Extract, Gardenia Jasminoides (Gardenia) Fruit Extract, Sodium Stearoyl Glutamate, Carbomer, Cetearyl Glucoside, Isomalt, Sodium Benzoate, Tetrahexyldecyl Ascorbate (Vitamin C), Tocopheryl Acetate, Tetrasodium Glutamate Diacetate, Betaine, Ceramide NP, Phospholipids, Sodium Hyaluronate, Maltodextrin, Sodium Hydroxide, Phenoxyethanol, Glucose, Lecithin, Tocopherol, Sodium Glycolate, Sodium Formate, Ethylhexylglycerin, Citric Acid.', 'Yerba Mate Resurfacing Energy Facial:', 'Water/Aqua/Eau, Bambusa Arundinacea (Bamboo) Stem Extract, Diatomaceous Earth, Carthamus Tinctorius (Safflower) Seed Oil, Propanediol, Aloe Barbadensis (Aloe Vera) Leaf Juice, Cetyl Alcohol, Glyceryl Stearate Se, Glycerin, Lactic Acid, Sodium Acrylate/Sodium Acryloyldimethyl Taurate Copolymer, Niacinamide, C15-19 Alkane, Ilex Paraguariensis (Yerba Mate) Leaf Extract, Ilex Guayusa (Guayusa) Leaf Extract, Potassium Sorbate, Polyglyceryl-6 Laurate, Tocopherol, Ethylhexylglycerin, Bromelain (Pineapple), Sodium Phytate, Papain (Papaya), Polyglycerin-6, Zingiber Officinale (Ginger) Root Oil, Passiflora Edulis (Passion Fruit) Extract, Xanthan Gum, Curcuma Longa (Turmeric) Root Powder, Hylocereus Undatus (Dragon Fruit) Fruit Extract, Sorbitan Oleate, Helianthus Annus (Sunflower) Seed Oil, Sorbitan Isostearate, Phenoxyethanol, Sodium Benzoate.']",340.0,420.0,320.0,1,0,1,0,1,"['Clean at Sephora', 'Hydrating', 'Good for: Anti-Aging', 'Retinol', 'AHA/Glycolic Acid', 'Good for: Acne/Blemishes']",Skincare,Value & Gift Sets,,0,,
P448565,Clinique Smart Clinical MD Multi-Dimensional Age Transformer Duo Resculpt + Revolumize,1254,CLINIQUE,1968,3.0,11.0,1.7 oz/ 50 mL,Size,1.7 oz/ 50 mL,,"['Resculpt:', 'Water\Aqua\Eau, Glycerin, Caprylyl Methicone, Butylene Glycol, Alcohol Denat., Dimethicone, Isododecane, Peg-10 Dimethicone, Dipropylene Glycol, Prunus Amygdalus Dulcis (Sweet Almond) Seed Extract, Cucumis Melo (Melon) Fruit Extract, Persea Gratissima (Avocado) Oil, Saccharomyces Lysate Extract, Acetyl Glucosamine, Porphyridium Cruentum Extract, Dipeptide Diaminobutyroyl Benzylamide Diacetate, Acetyl Hexapeptide-8, Palmitoyl Tetrapeptide-7, Acetyl Octapeptide-3, Cholesterol, Decarboxy Carnosine Hcl, Acetyl Carnitine Hcl, Caffeine, Creatine, Sigesbeckia Orientalis (St. Paul Wort) Extract, Palmitoyl Tripeptide-1, Polygonum Cuspidatum Root Extract, Centella Asiatica (Hydrocotyl) Extract, Glycine Soja (Soybean) Protein, Ergothioneine, Propylene Glycol Dicaprylate, Peg-150, Lauryl Peg-9 Polydimethylsiloxyethyl Dimethicone, Jojoba Esters, Whey Protein\Lactis Protein\Protéine Du Petit-Lait, Adenosine Phosphate, Tocopheryl Acetate, Lactic Acid, Yeast Extract\Faex\Extrait De Levure, Linoleic Acid, Sodium Hyaluronate, Phytantriol, Glycine Soja (Soybean) Seed Extract, Disteardimonium Hectorite, Propylene Carbonate, Menthanediol, Hydroxypropyl Methylcellulose, Pullulan, Polyquaternium-51, Sodium Hydroxide, Calcium Chloride, Carbomer, Sea Whip Extract, Polysorbate 20, Caprylyl Glycol, Tetrahexyldecyl Ascorbate, Citric Acid, Potassium Sulfate, Sodium Hexametaphosphate, Sodium Citrate, Potassium Sorbate, Sodium Benzoate, Phenoxyethanol.', 'Revolumize:', 'Water\Aqua\Eau, Butylene Glycol, Butyrospermum Parkii (Shea Butter), Cetearyl Alcohol, Hydrogenated Polyisobutene, Phenyl Trimethicone, Sucrose, Glycerin, Polyglyceryl-3 Beeswax, Cetyl Esters, Isostearyl Neopentanoate, Peg-100 Stearate, Hdi/Trimethylol Hexyllactone Crosspolymer, Cetearyl Glucoside, Acetyl Glucosamine, Sigesbeckia Orientalis (St. Paul Wort) Extract, Yeast Extract\Faex\Extrait De Levure, Methyl Glucose Sesquistearate, Centaurium Erythraea (Centaury) Extract, Micrococcus Lysate, Polysilicone-11, Acetyl Octapeptide-3, Acetyl Hexapeptide-8, Ergothioneine, Biotin, Whey Protein\Lactis Protein\Protéine Du Petit-Lait, Ursolic Acid, Dipeptide Diaminobutyroyl Benzylamide Diacetate, Glycine Soja (Soybean) Protein, Tocopheryl Acetate, Camellia Sinensis Leaf Extract, Isoleucine, Saccharomyces Ferment Filtrate, Leucine, Soy Amino Acids, Carbomer, Polymethyl Methacrylate, Hydroxyethyl Urea, Caffeine, Caprylyl Glycol, Pyrus Malus (Apple) Fruit Extract, Polybutene, Hydrolyzed Soy Protein, Dimethicone, Sodium Hyaluronate, Linoleic Acid, Stearic Acid, Aminomethyl Propanol, Adenosine Phosphate, Acetyl Carnitine Hcl, Creatine, Menthanediol, Lecithin, Aminopropyl Ascorbyl Phosphate, Silica, 1,2-Hexanediol, Calcium Chloride, Hydroxyethylcellulose, Sodium Citrate, Citric Acid, Disodium Edta, Potassium Sorbate, Bht, Sodium Benzoate, Sodium Dehydroacetate, Phenoxyethanol, Ext. Violet 2 (Ci 60730), Red 33 (Ci 17200).']",74.0,,,0,0,0,0,0,,Skincare,Moisturizers,Moisturizers,0,,
P443834,Rosehip Nourishing Night Oil,6285,The INKEY List,34950,4.1029,175.0,1 oz/ 30 mL,Size,1 oz/ 30 mL,,['Rosa Canina Fruit Oil.'],11.99,,,0,0,0,0,1,"['Good for: Dullness/Uneven Texture', 'allure 2019 Best of Beauty Award Winner', 'Clean at Sephora', 'Good for: Acne/Blemishes', 'Good for: Dark spots', 'Cruelty-Free']",Skincare,Moisturizers,Face Oils,0,,
P476731,Mini Gentle Cleansing Foam Hydrating Makeup Remover,6307,Sulwhasoo,12981,4.5596,277.0,50 mL,Size,50 mL,,"['Water / Aqua / Eau, Potassium Cocoyl Glycinate, Disodium Cocoamphodiacetate, Cocamidopropyl Betaine, Acrylates/Beheneth-25 Methacrylate Copolymer, Peg-200 Hydrogenated Glyceryl Palmate, Sodium Chloride, Pentylene Glycol, 1,2-Hexanediol, Sodium Methyl Cocoyl Taurate, Caprylyl/Capryl Glucoside, Peg-7 Glyceryl Cocoate, Fragrance / Parfum, Isostearic Acid, Potassium Hydroxide, Butylene Glycol, Limonene, Disodium Edta, Ethylhexylglycerin, Sodium Benzoate, Tetrasodium Edta, Coix Lacryma-Jobi Ma-Yuen Seed Extract, Citrus Unshiu Peel Extract, Castanea Crenata (Chestnut) Shell Extract, Linalool, Spirodela Polyrhiza Extract, Dioscorea Japonica Root Extract, Dextrin, Theobroma Cacao (Cocoa) Extract, Rubus Idaeus (Raspberry) Fruit Extract, Ulmus Davidiana Root Extract, Salicornia Herbacea E.']",12.0,,,0,0,0,0,1,"['Hydrating', 'Good for: Dryness', 'Hypoallergenic', 'Without Parabens', 'Best for Dry, Combo, Normal Skin', 'Without Sulfates SLS & SLES']",Skincare,Mini Size,,0,,
P500718,Smart Clinical Repair Wrinkle Correcting Cream,1254,CLINIQUE,1237,4.178,1899.0,1.7 oz / 50 mL,Size,1.7 oz / 50 mL,,"['Water/Aqua/Eau, Glycerin, Isostearyl Neopentanoate, Butylene Glycol, Glyceryl Stearate, PEG-100 Stearate, Dimethicone, Cetearyl Alcohol, Acetyl Hexapeptide-8, Acetyl Octapeptide-3, Aminopropyl Ascorbyl Phosphate, Palmitoyl Tetrapeptide-7, Algae Extract, Sodium Hyaluronate, Palmitoyl Hexapeptide-12, Sigesbeckia Orientalis (St. Paul Wort) Extract, Whey Protein/Lactis Protein/Protéine Du Petit-Lait, Dipeptide Diaminobutyroyl Benzylamide Diacetate, Acetyl Glucosamine, Caffeine, Palmitoyl Tripeptide-1, Glycine Soja (Soybean) Seed Extract, Cetearyl Glucoside, Tocopheryl Acetate, Isohexadecane, Petrolatum, Caprylyl Glycol, Glycereth-26, Acrylates/C10-30 Alkyl Acrylate Crosspolymer, Tromethamine, Glyceryl Polymethacrylate, PEG-8, Polysorbate 20, Hexylene Glycol, Polysorbate 80, Carbomer, Acrylamide/Sodium Acryloyldimethyltaurate Copolymer, Sorbitan Oleate, Cetyl Alcohol, Sodium Citrate, Disodium EDTA, Phenoxyethanol, Potassium Sorbate, Sodium Benzoate.']",68.0,,,0,0,0,0,0,"['Hyaluronic Acid', 'Hydrating', 'Good for: Anti-Aging', 'Fragrance Free', 'Oil Free', 'Without Parabens']",Skincare,Moisturizers,Moisturizers,1,22.0,22.0
P504429,Hydrating Serum,3902,SEPHORA COLLECTION,3242,4.8445,238.0,1 oz / 30 mL,Size,1 oz / 30 mL,,"['Aqua (Water), Triethyl Citrate, Diglycerin, Pentylene Glycol, Methylpropanediol, Glycerin, Hydrolyzed Sodium Hyaluronate, Sodium Hyaluronate, Maltodextrin, Xanthan Gum, Sodium Benzoate, Sodium Phytate, Citric Acid, Polyglutamic Acid, Sclerotium Gum, Erythritol.']",20.0,,,0,1,0,0,0,"['Hyaluronic Acid', 'Liquid Formula', 'Clean + Planet Positive', 'Fragrance Free', 'Good for: Dryness']",Skincare,Treatments,Face Serums,0,,
P448185,Cicapair Tiger Grass Calming Gel Cream,6014,Dr. Jart+,34356,4.4977,645.0,1.69 oz/ 50 mL,Size,1.69 oz/ 50 mL,,"['Water, Butylene Glycol, Glycerin, Niacinamide, Caprylyl Methicone, Pentylene Glycol, 1,2-Hexanediol, Eryngium Maritimum Callus Culture Filtrate, Cetearyl Olivate, Houttuynia Cordata Extract, Hydrogenated Polydecene, Ilex Aquifolium (Holly) Leaf Extract, Sorbitan Olivate, Dimethicone/Vinyl Dimethicone Crosspolymer, Streptococcus Thermophilus Ferment, Achillea Millefolium Oil, Ammonium Acryloyldimethyltaurate/VP Copolymer, Hydroxyacetophenone, Acrylates/C10-30 Alkyl Acrylate Crosspolymer, Carbomer, Tromethamine, Melia Azadirachta Leaf Extract, Melia Azadirachta Flower Extract, Adenosine, DNA, Lavandula Angustifolia (Lavender) Oil, Disodium EDTA, Silica, Coccinia Indica Fruit Extract, Citrus Aurantium Bergamia (Bergamot) Fruit Oil, Hydrolyzed Hibiscus Esculentus Extract, Lupinus Albus Seed Extract, Moringa Oleifera Seed Extract, Panthenol, Hedera Helix (Ivy) Extract, Amber Powder, Solanum Melongena (Eggplant) Fruit Extract, Ethylhexylglycerin, Curcuma Longa (Turmeric) Root Extract, Ocimum Sanctum Leaf Extract, Corallina Officinalis Extract, Moringa Oleifera Seed Oil, Madecassoside, Calcium Chloride, Asiatic Acid, Asiaticoside, Magnesium Sulfate, Madecassic Acid, Centella Asiatica Extract.']",49.0,,,0,0,0,0,1,"['Good for: Redness', 'Good for: Dryness', 'Best for Oily, Combo, Normal Skin']",Skincare,Moisturizers,Moisturizers,0,,
P451727,Mini Magic Night 15ml Travel Size,6236,Charlotte Tilbury,5165,2.875,8.0,0.5 oz/ 15 mL,Size,0.5 oz/ 15 mL,,"['Glycerin, Water, Ricinus Communis (Castor) Seed Oil, Caprylic/Capric Triglyceride, Sucrose Stearate, Ethylhexyl Stearate, Olus/Vegetable Oil/Huile Végétale, Dipentaerythrityl Hexacaprylate/Hexacaprate, Hydroxystearic/Linolenic/Oleic Polyglycerides, C20-40 Alcohols, Isodecyl Neopentanoate, Butylene Glycol, Phenoxyethanol, Microcrystalline Cellulose, Cera Alba/Beeswax/Cire d’abeille, Polysorbate 20, Ethylhexylglycerin, Chlorphenesin, Cellulose Gum, Fragrance, Titanium Dioxide, Xanthan Gum, Hydroxypropyl Cyclodextrin, Chondrus Crispus Extract, Squalane, Helianthus Annuus (Sunflower) Seed Oil, Hexyl Cinnamal, Benzyl Benzoate, Peg-8, Caramel, Tocopherol, Retinol, Linalool, Hydroxycitronellal, Cinnamyl Alcohol, Daphne Odora Callus Extract, Eugenol, Ascorbyl Palmitate, Nicotiana Sylvestris Leaf Cell Culture, Plumeria Rubra Flower Extract, Ubiquinone, Lecithin, Ascorbic Acid, Citric Acid, Ascorbyl Tetraisopalmitate, Benzoic Acid, Red 33 (Ci 17200), Yellow 6 (Ci 15985), Yellow 5 (Ci 19140).']",45.0,,,0,0,0,0,0,,Skincare,Moisturizers,Night Creams,0,,
P500112,N°41 Facial Sunscreen Mist with SPF 41,6500,HABIT,9474,4.4904,208.0,0.9 oz / 26.6 mL,Size,0.9 oz / 26.6 mL,,"['Avobenzone 2.8%, Homosalate 9.8%, Octisalate 4.9%, Octocrylene 9.5%, Alcohol Denat., Bisabolol, Butyloctyl Salicylate, Capryloyl Glycerin/Sebacic Acid Copolymer, Dicaprylyl Ether, Diheptyl Succinate, Diisooctyl Succinate, Ethyl Ferulat, Isononyl Isononanoate, Lavendula Angustifolia (Lavender) Oil, Pelargonium Graveolens Flower Oil, Rosmarinus Officinalis (Rosemary) Leaf Oil.']",30.0,,,0,0,1,0,1,"['Without Oxybenzone', 'Vegan', 'Clean at Sephora', 'Good for: Anti-Aging', 'SPF', 'Cruelty-Free']",Skincare,Sunscreen,Face Sunscreen,0,,
P461213,Honey Balm Niacinamide Moisturizer,6316,Wishful,25888,4.1887,657.0,1.94 oz/ 55 g,Size,1.94 oz/ 55 g,,"['Water/Aqua/Eau, Dimethicone, Dipropylene Glycol, Glycerin, Glycereth-26, Pca Dimethicone, Cetearyl Alcohol, Bis-Diglyceryl Polyacyladipate-2, Niacinamide, Glyceryl Stearate, Peg-100 Stearate, Biosaccharide Gum-4, Honey Extract/Mel/Extrait De Miel, Lavandula Angustifolia (Lavender) Oil, Curcuma Longa (Turmeric) Root Extract, Adenosine, Carthamus Tinctorius (Safflower) Seed Oil, Citrullus Lanatus (Watermelon) Fruit Extract, Leuconostoc/Radish Root Ferment Filtrate, Ceramide Np, Caprylic/Capric Triglyceride, Dipotassium Glycyrrhizate, Caprylyl Glycol, Hydrogenated Lecithin, Xanthan Gum, Polysorbate 60, Tocopheryl Acetate, Ammonium Acryloyldimethyltaurate/Vp Copolymer, Disodium Edta, Phenoxyethanol, Linalool, Geraniol, Limonene, Mica, Tin Oxide, Titanium Dioxide (Ci 77891).']",43.0,,,0,0,0,0,1,"['Best for Oily, Combo, Normal Skin', 'Good for: Dullness/Uneven Texture', 'Good for: Dark Circles', 'Niacinamide', 'Cruelty-Free', 'Clean at Sephora']",Skincare,Moisturizers,Moisturizers,0,,
P480174,Waves of Clarity Skincare Set,6117,Herbivore,5295,4.5,6.0,,,,,"['Pink Cloud Creamy Jelly Cleanser:', 'Aqua/Water/Eau, Rosa Damascena Flower Water, Decyl Glucoside, Glycerin, Sodium Lauroyl Lactylate, Squalane, Glyceryl Caprylate, Xanthan Gum, Glyceryl Stearate, Tremella Fuciformis Sporocarp Extract, Caprylhydroxamic Acid, Camellia Sinensis Leaf Extract, Aloe Barbadensis Leaf Juice, Citric Acid, Eclipta Prostrata Extract, Sodium Hyaluronate, Melia Azadirachta Leaf Extract, Moringa Oleifera Seed Oil, Cocos Nucifera (Coconut) Fruit Juice, Tapioca Starch.', 'Blue Tansy BHA Mask:', 'Aqua/Water/Eau, Aloe Barbadensis Leaf Juice, Glycerin, Carica Papaya (Papaya) Fruit Extract, Carica Papaya (Papaya) Leaf Extract, Ananas Sativus (Pineapple) Fruit Extract, Leuconostoc/Radish Root Ferment Filtrate, Salix Nigra (Willow) Bark Extract, Sodium Hyaluronate, Gluconolactone, Sodium Phytate, Melia Azadirachta Leaf Extract, Melia Azadirachta Flower Extract, Corallina Officinalis Extract, Coccinia Indica Fruit Extract, Solanum Melongena (Eggplant) Fruit Extract, Aloe Barbadensis Flower Extract, Ocimum Sanctum Leaf Extract, Ocimum Basilicum (Basil) Flower/Leaf Extract, Curcuma Longa (Turmeric) Root Extract, Tanacetum Annuum Flower Oil, Jasminum Sambac Floral Extract.', 'Aquarius Pore-Purifying Clarity Cream:', 'Aqua/Water/Eau, Caprylic/Capric Triglyceride, Cetearyl Alcohol, Glycerin, Squalane, Glyceryl Caprylate, Microcrystalline Cellulose, Propanediol, Salix Nigra (Willow) Bark Extract, Zinc PCA, Aloe Barbadensis Flower Extract, Camellia Sinensis Leaf Extract, Coccinia Indica Fruit Extract, Corallina Officinalis Extract, Curcuma Longa (Turmeric) Root Extract, Hamamelis Virginiana (Witch Hazel) Extract, Melia Azadirachta Flower Extract, Melia Azadirachta Leaf Extract, Ocimum Basilicum (Basil) Flower/Leaf Extract, Ocimum Sanctum Leaf Extract, Solanum Melongena (Eggplant) Fruit Extract, Tanacetum Annuum Flower Oil, Lactobacillus Ferment, Sodium Hyaluronate, Sodium PCA, Magnesium PCA, Sodium Stearoyl Glutamate, Cellulose Gum, Glyceryl Stearate Citrate, Caprylyl Glyceryl Ether, Caprylhydroxamic Acid.']",32.0,48.0,,0,0,0,0,1,"['Good for: Pores', 'Clean + Planet Positive', 'AHA/Glycolic Acid', 'Good for: Acne/Blemishes', 'Salicylic Acid', 'Best for Oily, Combo, Normal Skin']",Skincare,Value & Gift Sets,,0,,
P446820,Grapefruit Peeling Mask - Skin Perfection,3902,SEPHORA COLLECTION,0,3.4444,36.0,1.69oz/ 50 mL,Type,Grapefruit Peeling,,"['Water, Glycerin, Sodium Acrylates Copolymer, Phenoxyethanol, Lecithin, Xylitylglucoside, Anhydroxylitol, Prunus Armeniaca (Apricot) Seed Powder, 1,2-Hexanediol, Caprylyl Glycol, PEG-40 Hydrogenated Castor Oil, Xylitol, Fragrance, Citric Acid, Lactic Acid, Disodium EDTA, Diethylhexyl Syringylidenemalonate, Glucose, Sodium Hydroxide, Limonene, Citrus Grandis (Grapefruit) Fruit Extract, Caprylic/Capric Triglyceride, Sodium Benzoate, Potassium Sorbate, CI 19140 (Yellow 5), CI 16035 (Red 40).']",8.0,,,0,0,0,0,1,,Skincare,Masks,Face Masks,0,,
P455613,Line-Filling Eye Cream with Bakuchiol and Caffeine,6312,alpyn beauty,12740,4.3206,262.0,0.5 oz/ 14 mL,Size,0.5 oz/ 14 mL,,"['Water, Sodium Hyaluronate, Cetearyl Alcohol, Squalane, Coconut Alkanes, Glycerin, Pyrus Malus (Apple) Fruit Extract, Coco-Caprylate/Caprate, Mica, Titanium Dioxide, Bakuchiol, Centella Asiatica Meristem Cell Culture, Xanthan Gum, Euphrasia Officinalis Extract, Cetearyl Glucoside, Sorbitan Stearate, Dehydroacetic Acid, Benzyl Alcohol, Linoleic Acid, Cetyl Hydroxyethylcellulose, Caffeine, Tripeptide-29, Potassium Sorbate, Hydrolyzed Sodium Hyaluronate, Kappaphycus Alvarezii Extract, Caesalpinia Spinosa Fruit Extract, Tocopherol, Tin Oxide, Caesalpinia Sappan Bark Extract, Glycyrrhiza Glabra (Licorice) Root Extract, Helianthus Annuus (Sunflower) Seed Oil, Arctostaphylos Uva Ursi (Bearberry) Leaf Extract, Ascorbic Acid (Vitamin C), Ceramide NG, Simmondsia Chinensis (Jojoba) Seed Oil, Salvia Officinalis (Sage) Leaf Extract, Arnica Montana (Arnica) Flower Extract, Barago Officinalis (Borage) Flower Extract, Calendula Officinalis (Calendula) Flower Extract, Chamomilla Recutita (Matricaria) Flower Extract.']",62.0,,,0,0,0,0,0,"['Best for Dry Skin', 'Clean + Planet Positive', 'Vitamin C', 'Good for: Dark Circles', 'Good for: Anti-Aging', 'Cruelty-Free']",Skincare,Eye Care,Eye Creams & Treatments,0,,
P482742,Urban Environment Fresh-Moisture Sunscreen Broad-Spectrum SPF 42,5337,Shiseido,8629,4.6311,1190.0,1.8 oz/ 50 mL,Size,1.8 oz/ 50 mL,,"['Avobenzone 2.3%, Homosalate 10.0%, Octisalate 5.0%, Octocrylene 5.0%, Water,Butylene Glycol,Glycerin,Caprylyl Methicone,Silica,Dipropylene Glycol,Glyceryl Diisostearate,Sd Alcohol 40-B,Peg/Ppg-14/7 Dimethyl Ether,Beheneth-20,Behenyl Alcohol,C30-45 Alkyl Methicone,Trehalose,Ammonium Acryloyldimethyltaurate/Beheneth-25 Methacrylate Crosspolymer,Xanthan Gum,Ascorbyl Tetraisopalmitate,Dipotassium Glycyrrhizate,Sodium Hyaluronate,Sanguisorba Officinalis Root Extract,Camellia Sinensis Leaf Extract,Garcinia Mangostana Bark Extract,Perilla Ocymoides Leaf Extract,Spirulina Platensis Extract,C30-45 Olefin,Bis-Peg-18 Methyl Ether Dimethyl Silane,Stearyl Alcohol,Disodium Edta,Potassium Hydroxide,Bht,Tocopherol,Carbomer,Alcohol,Sodium Metabisulfite,Synthetic Fluorphlogopite,Sodium Citrate,Phenoxyethanol,Fragrance,Mica,Titanium Dioxide.']",38.0,,,0,0,0,0,0,"['Without Oxybenzone', 'Hyaluronic Acid', 'Good for: Anti-Aging', 'Good for: Dryness', 'SPF', 'Best for Dry, Combo, Normal Skin']",Skincare,Sunscreen,Face Sunscreen,0,,
P470024,Protini Powerpeptide Resurfacing Serum with Lactic Acid,7083,Drunk Elephant,51763,4.3619,713.0,1.0 oz/ 30 mL,Size,1.0 oz/ 30 mL,,"['Water/Aqua/Eau, Glycerin, Lactic Acid, Dicaprylyl Carbonate, Squalane, Sodium Hydroxide, Glycine Max (Soybean) Seed Extract, Sclerocarya Birrea Seed Oil, Camellia Sinesis Seed Oil, Sodium PCA, Caprylic/Capric Triglyceride, Borago Officinalis Seed Oil, Tremella Fuciformis Polysaccharide, Tocotrienols, Sh-Oligopeptide-1, Sh-Oligopeptide-2, Sh-Polypeptide-1, Sh-Polypeptide-9, Sh-Polypeptide-11, Copper Palmitoyl Heptapeptide-14, Heptapeptide-15 Palmitate, Palmitoyl Tetrapeptide-7, Palmitoyl Tripeptide-1, Palmitoyl Tripeptide-38, Palmitoyl Hexapeptide-12, Tripeptide-1, Pyrus Malus (Apple) Fruit Extract, Propanediol, Sodium Hyaluronate, Panthenol, Sodium Hyaluronate Crosspolymer, Sodium Lactate, PCA, Alanine, Arginine, Glycine, Histidine, Isoleucine, Phenylalanine, Proline, Serine, Threonine, Valine, Adenosine, Nymphaea Alba Root Extract, Bacillus/Folic Acid Ferment Filtrate Extract, Symphytum Officinale Callus Culture Extract, Dextran, Oryza Sativa (Rice) Bran Oil, Linoleic Acid, Linolenic Acid, Butylene Glycol, Acetyl Glutamine, Coconut Alkanes, Coco-Caprylate/Caprate, Pentylene Glycol, Isomalt, Lecithin, Xanthan Gum, Aspartic Acid, Phytosphingosine, Phospholipids, Glycine Soja (Soybean) Sterols, Tocopherol, Citric Acid, Lactic Acid/Glycolic Acid Copolymer, Polyvinyl Alcohol, Phenoxyethanol, Sodium Benzoate, Hydroxypropyl Cyclodextrin, Polysorbate 20, Caprylyl Glycol, Phenylpropanol, Chlorphenesin, Carbomer, Glyceryl Caprylate, Ethylhexylglycerin.']",82.0,,,0,0,0,0,0,"['Good for: Dullness/Uneven Texture', 'Good for: Loss of firmness', 'Lactic Acid', 'Clean at Sephora', 'Good for: Anti-Aging', 'allure 2021 Best of Beauty Award Winner']",Skincare,Treatments,Face Serums,0,,
P468821,Ultra Repair Firming Collagen Cream with Peptides and Niacinamide,5972,First Aid Beauty,60505,4.5356,534.0,1.7 oz/ 50 mL,Size,1.7 oz/ 50 mL,,"['Aqua/Water/Eau, Stearic Acid, Glycerin, Niacinamide, C12-15 Alkyl Benzoate, Caprylic/Capric Triglyceride, Glyceryl Stearate SE, Glyceryl Stearate, Dimethicone, Cetearyl Alcohol, Panthenol, Colloidal Oatmeal, Soluble Collagen, Pentapeptide-34 Trifluoroacetate, Squalane, Chrysanthemum Parthenium (Feverfew) Extract, Glycyrrhiza Glabra (Licorice) Root Extract, Camellia Sinensis Leaf Extract, Ceramide NP, Diamond Powder, Butyrospermum Parkii (Shea) Butter Extract, , Allantoin, Caprylyl Glycol, Polymethylsilsesquioxane, Propanediol, Xanthan Gum, Phenoxyethanol, Sodium Hydroxide, Disodium EDTA, Sodium Benzoate, Tetrasodium EDTA.']",44.0,,,0,0,0,0,0,"['Good for: Dark Circles', 'Good for: Anti-Aging', 'Collagen', 'Niacinamide', 'Cruelty-Free', 'Clean at Sephora']",Skincare,Moisturizers,Moisturizers,0,,
P457439,Clarifying Lotion,3902,SEPHORA COLLECTION,5748,3.6207,29.0,0.50 oz/ 15 mL,,,,"['Aqua (Water), Alcohol Denat., CI 77947 (Zinc Oxide), Isopropyl Alcohol, Glycerin, Vaccinium Myrtillus Fruit Extract, Saccharum Officinarum (Sugar Cane) Extract, Salicylic Acid, Citrus Aurantium Dulcis (Orange) Fruit Extract, Citrus Limon (Lemon) Fruit Extract, CI 77288 (Chromium Oxide Greens), Sodium Hydroxide, Acer Saccharum (Sugar Maple) Extract.']",16.0,,,0,0,0,0,1,"['Vegan', 'Clean + Planet Positive']",Skincare,Treatments,Blemish & Acne Treatments,0,,
P479734,Smart Clinical Repair Wrinkle Correcting Eye Cream,1254,CLINIQUE,3109,4.24,2017.0,0.5 oz/ 15 mL,Size,0.5 oz/ 15 mL,,"['Water/Aqua/Eau, Tridecyl Trimellitate, Glycerin, Neopentyl Glycol Diethylhexanoate, Polyglyceryl-6 Distearate, Glyceryl Behenate, Mangifera Indica (Mango) Seed Butter, Propanediol, Butyrospermum Parkii (Shea) Butter, Cetearyl Wheat Straw Glycosides, Hypnea Musciformis (Algae) Extract, Gelidiella Acerosa Extract, Polygonum Cuspidatum Root Extract, Laminaria Digitata Extract, Saccharomyces Lysate Extract, Camellia Sinensis Leaf Extract, Sigesbeckia Orientalis (St. Paul Wort) Extract, Whey Protein/Lactis Protein/Protéine Du Petit-Lait, Prunus Amygdalus Dulcis (Sweet Almond) Seed Extract, Acetyl Hexapeptide-8, Acetyl Octapeptide-3, Palmitoyl Tripeptide-1, Palmitoyl Tetrapeptide-7, Palmitoyl Hexapeptide-12, Phytosteryl/Isostearyl/Cetyl/Stearyl/Behenyl Dimer Dilinoleate, Lactobacillus Ferment, Sodium Hyaluronate, Tocopheryl Acetate, Butylene Glycol, Cetearyl Alcohol, Caffeine, Tetrahexyldecyl Ascorbate, Sucrose, Acetyl Glucosamine, Dipotassium Glycyrrhizate, Arachidyl Glucoside, Jojoba Esters, Tridecyl Stearate, Dipentaerythrityl Hexacaprylate/Hexacaprate, Molasses Extract/Saccharum Officinarum/Extrait De Mélasse, Trehalose, Ethylhexylglycerin, Cholesterol, Bisabolol, Peg-8, Beeswax/Cera Alba/Cire d’abeille, Glyceryl Acrylate/Acrylic Acid Copolymer, Glycine Soja (Soybean) Seed Extract, Caprylyl Glycol, Tocopherol, Nylon-12, Potassium Cetyl Phosphate, Glyceryl Polymethacrylate, Acrylates/C10-30 Alkyl Acrylate Crosspolymer, Ammonium Acryloyldimethyltaurate/Vp Copolymer, Arachidyl Alcohol, Cetyl Alcohol, Polyglyceryl-3 Beeswax, Behenyl Alcohol, Glyceryl Stearate, Stearic Acid, Carbomer, Polysorbate 20, Sodium Hydroxide, Bht, Disodium Edta, Sodium Citrate, Potassium Sorbate, Sodium Benzoate, Phenoxyethanol <ILN49540>.']",57.0,,,0,0,0,0,0,"['Good for: Anti-Aging', 'Hyaluronic Acid', 'Fragrance Free', 'Without Parabens', 'Cream Formula', 'Hydrating']",Skincare,Eye Care,Eye Creams & Treatments,0,,
P422905,Moisturizing Eye Bomb with Squalane,7075,belif,101158,4.4641,2965.0,,,,,"['Water, Dipropylene Glycol, Butylene Glycol, Glycerin, Squalane, Cyclopentasiloxane, Caprylyl Trimethicone, Dimethicone, HDI/TriMethylol Hexyllactone Crosspolymer, Sucrose Polystearate, 1,2-Hexanediol, PCA Dimethicone, Panthenol, Triethylhexanoin, Cellulose, Ceramide NP, Centella Asiatica Leaf Extract, Avena Sativa (Oat) Kernel Extract*, Calendula Officinalis Flower Extract*, Nepeta Cataria Extract*, Rubus Idaeus (Raspberry) Leaf Extract*, Baptisia Tinctoria Root Extract*, Stellaria Media (Chickweed) Extract*, Alchemilla Vulgaris Leaf Extract**, Viola Tricolor Extract**, Rosa Damascena Flower Extract**, Spiraea Ulmaria Flower Extract**, Althaea Officinalis Root Extract**, Achillea Millefolium Flower Extract, Symphytum Officinale Leaf Extract, Trifolium Pratense (Clover) Flower Extract, Menyanthes Trifoliata Leaf Extract, Salix Alba (Willow) Bark Extract, Dimethicone/Vinyl Dimethicone Crosspolymer, Silica, Hydrogenated Polyisobutene, Glyceryl Stearate, PEG-100 Stearate, Hydrogenated Lecithin, PEG-10 Rapeseed Sterol, Glycereth-20, C14-22 Alcohols, C12-20 Alkyl Gucoside, Hydroxyethyl Acrylate/Sodium Acryloyldimethyl Taurate Copolymwer, Polysorbate 60, Hydroxyproline, Carbomer, Tromethamine, Trisodium EDTA, Citrus Aurantium Dulcis (Orange) Peel Oil+, Rosamarinus Officinalis (Rosemary) Leaf Oil+, Pelargonium Graveolens Flower OIl+, Citral, Citrannellol, Limonene, Geraniol, Linalool.']",48.0,,,0,0,0,0,0,,Skincare,Eye Care,Eye Creams & Treatments,0,,
P469522,RESIST Youth-Extending Daily Hydrating Fluid SPF 50,6341,Paula's Choice,43866,4.2691,405.0,2 oz/ 60 mL,Size,2 oz/ 60 mL,,"['Avobenzone 2%, Octinoxate 7.5%, Octisalate 5%, Octocrylene 2%, Water (Aqua), Glycerin, Silica, Dimethicone, Tocopherol, Chamomilla Recutita (Matricaria) Flower Extract, Vitis Vinifera (Grape) Seed Extract, Camellia Sinensis (Green Tea) Leaf Extract, Camellia Oleifera (Green Tea) Leaf Extract, Peucedanum Graveolens (Dill) Extract, Sambucus Nigra (Black Elderberry) Fruit Extract, Avena Sativa (Oat) Bran Extract, Punica Granatum (Pomegranate) Extract, Lycium Barbarum (Goji) Fruit Extract, Hydrogenated Lecithin, Titanium Dioxide, Dimethicone/Vinyl Dimethicone Crosspolymer, Diethylhexyl Syringylidenemalonate, Hydroxyethyl Acrylate/Sodium Acryloyldimethyl Taurate Copolymer, Xanthan Gum, Sodium Carbomer, Benzyl Alcohol, Sodium Benzoate, Potassium Sorbate, Phenoxyethanol.']",37.0,,,0,0,0,0,0,"['Good for: Anti-Aging', 'Matte Finish', 'Oil Free', 'Best for Oily, Combo, Normal Skin', 'SPF']",Skincare,Sunscreen,Face Sunscreen,1,12.0,12.0
P505265,Eudermine Activating Essence,5337,Shiseido,386,,,4.9 oz / 145 mL,Size,4.9 oz / 145 mL,,"['Water(Aqua/Eau),Alcohol,Dipropylene Glycol,Butylene Glycol,Glycerin,Diglycerin,Peg/Ppg-14/7 Dimethyl Ether,Potassium Methoxysalicylate,Lactobacillus/Rice Ferment,Peg-60 Hydrogenated Castor Oil,Diphenylsiloxy Phenyl Trimethicone,2-O-Ethyl Ascorbic Acid,Erythritol,Dipotassium Glycyrrhizate,Xanthan Gum,Sodium Polyacrylate,Citrus Junos Fruit Extract,Sodium Acetylated Hyaluronate,Sodium Hyaluronate,Hamamelis Virginiana (Witch Hazel) Leaf Extract,Carbomer,Polyglyceryl-2 Diisostearate,Potassium Hydroxide,Disodium Edta,Isostearyl Alcohol,Isostearic Acid,Sodium Citrate,Citric Acid,Linalool,Geraniol,Hexyl Cinnamal,Citronellol,Sodium Metabisulfite,Alpha-Isomethyl Ionone,Limonene,Phenoxyethanol,Fragrance (Parfum),Red 33 (Ci 17200),Yellow 5 (Ci 19140).']",90.0,,,0,1,0,0,0,"['Good for: Dullness/Uneven Texture', 'Hyaluronic Acid', 'Good for: Pores', 'Vitamin C', 'Good for: Dryness', 'Good for: Dark spots']",Skincare,Moisturizers,Mists & Essences,1,77.0,77.0
P479645,Targeted Wrinkle Corrector,4164,Murad,10901,4.7252,484.0,,Size,,,"['Water/Aqua/Eau, Polysilicone-11, Squalane, Propanediol, Cetyl Alcohol, Sodium Acrylates Crosspolymer-2, Potassium Cetyl Phosphate, Polyglyceryl-3 Laurate, Urea, Yeast Amino Acids, Trehalose, Inositol, Taurine, Betaine, Laureth-12, Chlorphenesin, Barium Sulfate, Sodium Acetylated Hyaluronate, Sodium Carbonate, Disodium EDTA, Glyceryl Oleate, Ethylhexylglycerin, Acetyl Hexapeptide-8, Potassium Sorbate, Sodium Benzoate, Phenoxyethanol, Tocopherol.']",79.0,,39.5,0,0,0,1,0,"['Hyaluronic Acid', 'Best for Dry Skin', 'Good for: Anti-Aging', 'Without Parabens', 'Gluten Free', 'Cruelty-Free']",Skincare,Treatments,Face Serums,0,,
P500248,Collagen Superfusion Firming & Plumping Facial Oil,6236,Charlotte Tilbury,12680,4.5833,12.0,1 oz / 30 mL,Size,1 oz / 30 mL,,"['Persea Gratissima (Avocado) Oil, Olea Europaea (Olive) Fruit Oil, Orbignya Oleifera Seed Oil, Caprylic/Capric Triglyceride, Silica Dimethyl Silylate, Helianthus Annuus (Sunflower) Seed Oil, Cocoyl Hydrolyzed Collagen, Oenothera Biennis (Evening Primrose) Oil, Rubus Idaeus (Raspberry) Seed Oil, Vaccinium Myrtillus Seed Oil, Theobroma Cacao (Cocoa) Extract, Lavandula Angustifolia (Lavender) Oil, Lupinus Albus Seed Extract, Tocopherol, Citrus Aurantium Amara (Bitter Orange) Flower Oil, Eucalyptus Globulus Leaf Oil, Magnolia Officinalis Bark Extract, Rosa Damascena Flower Extract, Rosa Damascena Flower Oil, Linalool, Limonene, Geraniol, Citronellol, Farnesol.']",85.0,,,0,0,0,0,0,"['Good for: Loss of firmness', 'Plumping', 'Collagen', 'Without Parabens', 'Gluten Free', 'Cruelty-Free']",Skincare,Moisturizers,Face Oils,1,30.0,30.0
P504524,Milky Jelly Gentle Gel Face Cleanser,6751,Glossier,10558,4.0877,57.0,6 oz / 177 mL,Size,6 oz / 177 mL,,"['Water/Aqua/Eau, Rosa Damascena Flower Water, Glycerin, Propanediol, Isohexadecane, Acrylamide/Sodium Acryloyldimethyltaurate Copolymer, Sodium Hyaluronate, Panthenol, Allantoin, Symphytum Officinale Root Extract, Xylitylglucoside, Betaine, Anhydroxylitol, Xylitol, Ammonium Polyacryloyldimethyl Taurate, Ethylhexylglycerin, Polysorbate 80, Sorbitan Oleate, Benzoic Acid, Citric Acid, Sodium Hydroxide, Potassium Sorbate, Sodium Benzoate, Geraniol, Citronellol.']",19.0,,,0,1,0,0,1,"['Vegan', 'Hydrating', 'Clean at Sephora', 'Best for Dry, Combo, Normal Skin', 'Without Sulfates SLS & SLES', 'Cruelty-Free']",Skincare,Cleansers,Face Wash & Cleansers,0,,
P482676,10% Waterless Vitamin C Serum,8001,Farmacy,27859,4.4315,825.0,1 oz/ 30 mL,Size,1 oz/ 30 mL,,"['Propanediol, Pentylene Glycol, Ascorbic Acid, Betaine, Alpha-Arbutin, Ferulic Acid, Citrus Aurantium Amara (Bitter Orange) Fruit Extract, Citrus Reticulata (Tangerine) Fruit Extract, Citrus Aurantium Sinensis Peel Extract, Glycerin, Lactic Acid, Citric Acid.']",50.0,,,0,0,0,0,1,"['Good for: Dullness/Uneven Texture', 'Good for: Loss of firmness', 'Clean + Planet Positive', 'Vitamin C', 'Good for: Dark spots', 'Cruelty-Free']",Skincare,Treatments,Face Serums,0,,
P459116,Mini Cream Skin Toner & Moisturizer,6125,LANEIGE,17031,4.3077,52.0,1.6 oz/ 50 mL,Size,1.6 oz/ 50 mL,,"['Water, Butylene Glycol, Glycerin, Limnanthes Alba (Meadowfoam) Seed Oil, 1,2-Hexanediol, Polyglyceryl- 10 Stearate, Glyceryl Stearate Citrate, Sodium Stearoyl Glutamate, Inulin Lauryl Carbamate, Glyceryl Caprylate, Ethylhexylglycerin, Propanediol, Disodium Edta, Camellia Sinensis Leaf Extract, Tocopherol. C3']",15.0,,,0,0,0,1,1,,Skincare,Mini Size,,0,,
P467757,Total Cleansing Oil & Makeup Remover,2082,Clarins,1143,3.25,4.0,5.0 oz/ 150 mL,Size,5.0 oz/ 150 mL,,"['Helianthus Annuus (Sunflower) Seed Oil, C9-12 Alkane, Peg-20, Glyceryl Triisostearate, Prunus Armeniaca (Apricot) Kernel Oil, Aqua/Water/Eau, Propanediol, Parfum/Fragrance, Tocopherol, Melissa Officinalis Leaf Extract*, Sodium Citrate, Gentiana Lutea Extract*, Citric', 'Acid, Capsicum Annuum Fruit Extract, Maltodextrin, Moringa Oleifera Seed Extract, Rosmarinus Officinalis (Rosemary) Leaf Extract [V3545a].']",37.0,,,0,0,0,0,0,"['Without Mineral Oil', 'Without Parabens', 'Best for Dry, Combo, Normal Skin', 'Without Sulfates SLS & SLES']",Skincare,Cleansers,Face Wash & Cleansers,0,,
P457520,FIRMx Collagen Moisturizer,3728,Peter Thomas Roth,5148,3.3871,31.0,1.7 oz/ 50 mL,Size,1.7 oz/ 50 mL,,"['Vegetable Collagen, Water/Aqua/Eau, Dimethicone, Butylene Glycol, Polysilicone-11, Glycerin, Acrylamide/Sodium Acryloyldimethyltaurate Copolymer, Caffeine, Squalane, Hydrolyzed Collagen, Soluble Collagen, Collagen Amino Acids, Hydroxystearic Acid, Hydroxyproline, Palmitoyl Tripeptide-5, Palmitoyl Dipeptide-5 Diaminobutyroyl Hydroxythreonine, Sodium Hyaluronate, Phenoxyethanol, Isohexadecane, Ammonium Acrylolydimethyltaurate/VP Copolymer, Leuconostoc/Radish Root Ferment Filtrate, Sodium Citrate, Polysorbate 80, Citric Acid, Polysorbate 20, Decyl Glucoside, Sorbitan Oleate, Sodium Hydroxide, Disodium EDTA, Caprylyl Glycol, Hexylene Glycol, Potassium Sorbate, Sodium Benzoate, Ethylhexylglycerin, Tetradecyl Aminobutyroylvalylaminobutyric Urea Trifluoroacetate, Magnesium Chloride, Mica (CI 77019).']",88.0,,,0,0,0,0,0,"['Best for Normal Skin', 'Good for: Anti-Aging', 'Collagen', 'Without Sulfates SLS & SLES']",Skincare,Moisturizers,Moisturizers,0,,
P501169,Vitamin C Lactic 15% Firm & Bright Serum,5668,Dr. Dennis Gross Skincare,24244,4.556,232.0,1 oz / 30 mL,Size,1 oz / 30 mL,,"['Water/Aqua/Eau, Dipropylene Glycol, Ascorbic Acid, Dimethyl Isosorbide, Ricinoleth-40, Aminomethyl Propanol, Lactic Acid, Tocopherol, Glycyrrhiza Glabra (Licorice) Root Extract, Ferulic Acid, Morus Alba Fruit Extract, Sodium Hyaluronate, Glycolic Acid, Adenosine, Glycerin, Phenoxyethanol.']",85.0,,,0,0,0,0,0,"['Good for: Dullness/Uneven Texture', 'Good for: Loss of firmness', 'Lactic Acid', 'Vitamin C', 'Clean at Sephora', 'Good for: Dark spots']",Skincare,Treatments,Face Serums,0,,
P467112,Daily Microfoliant Exfoliator Refill Pack,6219,Dermalogica,8312,4.8824,17.0,2.6 oz/ 74 g Refill,Size,2.6 oz/ 74 g Refill,,"['Microcrystalline Cellulose, Magnesium Oxide, Sodium Cocoyl Isethionate, Colloidal Oatmeal, Disodium Lauryl Sulfosuccinate, Sodium Lauroyl Glutamate, Oryza Sativa (Rice) Bran Extract, Oryza Sativa (Rice) Starch, Hydrogenated Coconut Acid, Allantoin, Papain, Salicylic Acid, Ginkgo Biloba Leaf Extract, Camellia Sinensis Leaf Extract, Glycyrrhiza Glabra (Licorice) Root Extract, PCA, Populus Tremuloides Bark Extract, Cyclodextrin, Sodium Isethionate, Lauryl Methacrylate/Glycol Dimethacrylate Copolymer, Maltodextrin, Melaleuca, Alternifolia (Tea Tree) Leaf Oil, Citrus Paradisi (Grapefruit) Peel Oil, Sodium Dehydroacetate, Hydrolyzed Corn Starch Hydroxyethyl Ether, Water/Aqua/Eau, Limonene, Citric Acid.']",56.0,59.0,,0,0,0,0,0,"['Vegan', 'Refill Available', 'Good for: Dullness/Uneven Texture', 'allure 2019 Best of Beauty Award Winner', 'Salicylic Acid', 'Best for Oily, Combo, Normal Skin']",Skincare,Cleansers,Exfoliators,0,,
P456421,Black Pine 3D Eye-Lift Super Serum,5715,KORRES,4302,4.0063,158.0,0.51 oz/ 15 mL,Size,0.51 oz/ 15 mL,,"['Water, Glycerin, Ethylene/Acrylic Acid Copolymer, Acrylates/C10-30 Alkyl Acrylate Crosspolymer, Albizia Julibrissin Bark Extract, Avena Sativa (Oat) Kernel Extract, Benzyl Alcohol, Butylene Glycol, Ci 77891/Titanium Dioxide, Citric Acid, Copper Lysinate /Prolinate, Darutoside, Epigallocatechin Gallate, Epigallocatechin Gallatyl Glucoside, Glyceryl Stearate Citrate, Hexapeptide-11, Hydrolyzed Sodium Hyaluronate, Lonicera Caprifolium (Honeysuckle) Flower Extract, Lonicera Japonica (Honeysuckle) Flower Extract, Methylglucoside Phosphate, Mica, Panthenol, Fragrance, Pentylene Glycol, Peucedanum Graveolens (Dill) Extract, Phenoxyethanol, Pinus Nigra Bud/Needle Extract, Poloxamer 338, Polyacrylate Crosspolymer-6, Polyglyceryl-5 Laurate, Silica, Sodium Benzoate, Sodium Hyaluronate, Sodium Hydroxide, Tamarindus Indica Seed Gum, Xanthan Gum.']",61.0,,,0,0,1,0,0,,Skincare,Eye Care,Eye Creams & Treatments,0,,
P428240,Calm Water Gel Moisturizer,6219,Dermalogica,8686,4.3562,219.0,1.7 oz/ 50 mL,Size,1.7 oz/ 50 mL,,"['Water, Glycerin, Aloe Barbadensis (Aloe) Leaf Juice, Dimethicone, Butylene Glycol, Pyrus Malus (Apple) Fruit Extract, 1,2-Hexanediol, Diethylhexyl Carbonate, Opuntia Ficus-Indica Stem Extract, Sodium Hyaluronate, Dipotassium Glycyrrhizate, Hydrolyzed Sodium Hyaluronate, Lavandula Angustifolia (Lavender) Flower Extract, Stearyl Heptanoate, Cetyl PEG/PPG-10/1 Dimethicone, Hydroxyacetophenone, Sea Salt, Dimethicone Crosspolymer, Stearyl Caprylate, Lauryl PEG-9 Polydimethylsiloxyethyl Dimethicone, Potassium Sorbate Citric Acid, Sodium Benzoate, Disodium Phosphate, Linalool, Limonene.']",55.0,,,0,0,1,0,0,,Skincare,Moisturizers,Moisturizers,0,,
P432255,Mini Black Tea Firming Overnight Mask,4348,fresh,0,4.0,3.0,1 oz/ 30 mL,Size,1 oz/ 30 mL,,"['Water, Glycerin, Butylene Glycol, Jojoba Esters, Isohexadecane, Ammonium Acryloyldimethyltaurate/Vp Copolymer, Dicaprylyl Carbonate, Camellia Oleifera Seed Oil, Pentylene Glycol, Ethylhexyl Palmitate, Mirabilis Jalapa Extract, Glyceryl Stearate, Steareth-21, Caprylic/Capric Triglyceride, Dimethicone, Oxidized Corn Oil, Butyrospermum Parkii (Shea Butter), Cera Alba (Beeswax), Kigelia, Africana Fruit Extract, Saccharomyces Ferment Filtrate, Camellia Sinensis Leaf Extract, Rubus Fruticosus (Blackberry) Leaf Extract, Litichi Chinensis Seed Extract, Rosa Damascena Flower Oil, Sodium Hyaluronate, Adenosine, Tocopheryl Acetate, Tocopherol, Ceteareth-20, Behenyl Alcohol, Fragrance, Ceteareth-12, Cetearyl Alcohol, Sodium Citrate, Sodium Polyacrylate Starch, Sodium Polyacrylate, Sorbitan Laurate, Disodium Edta, Maltodextrin, Silica, Tetrasodium Edta, Hydroxyethylcellulose, Acetyl Dipeptide-1 Cetyl Ester, Citric Acid, Ci 77891 (Titanium Dioxide), BHT, Potassium Sorbate, Biotin, Phenoxyethanol, Linalool, Citronellol, Geraniol.']",40.0,,,0,0,0,0,0,"['Hyaluronic Acid', 'Good for: Loss of firmness', 'Clean at Sephora', 'Without Parabens', 'Best for Dry, Combo, Normal Skin', 'Without Sulfates SLS & SLES']",Skincare,Mini Size,,0,,
P456417,Wild Rose Brightening Absolute Oil,5715,KORRES,5462,4.3553,622.0,1.01 oz/ 30 mL,Size,1.01 oz/ 30 mL,,"['Isoamyl Laurate, Caprylic/Capric Triglyceride, Prunus Armeniaca (Apricot) Kernel Oil, Ascorbyl Tetraisopalmitate, Squalane, Helianthus Annuus (Sunflower) Seed Oil, Dimethyl Isosorbide, Rosa Canina Fruit Oil, Rosa Gallica Flower Powder, Alcohol Denat., Aqua/Water/Eau, Bisabolol, Citronellol, Geraniol, Glyceryl Caprylate, Linalool, Physalis Angulata Extract, Rosa Damascena Flower Oil, Rosmarinus Officinalis (Rosemary) Extract, Tocopherol, Tocopheryl Acetate, Zingiber Officinale (Ginger) Root Extract.']",54.0,,,0,0,1,0,0,"['Clean at Sephora', 'Good for: Dullness/Uneven Texture']",Skincare,Moisturizers,Face Oils,0,,
P437960,Baggage Claim Rose Gold Eye Masks,6149,Wander Beauty,38772,4.0986,71.0,6 x Eye Masks,Size,6 x Eye Masks,,"['Water/Eau/Aqua, Glycerin, Butylene Glycol, 1,2-Hexanediol, Aloe Barbadensis Leaf Juice, Xanthan Gum, Polyglyceryl-4 Caprate, Panthenol, Hydroxyethylcellulose, Portulaca Oleracea Extract, Myrciaria Dubia Fruit Extract, Calendula Officinalis Flower Extract, Ethylhexylglycerin, Scutellaria Baicalensis Root Extract, Disodium EDTA, Glyceryl Caprylate, Tocopheryl Acetate, Sodium Hyaluronate, Simmondsia Chinensis (Jojoba) Seed Oil, Natto Gum, Glycine, Serine, Glutamic Acid, Beta-glucan, Valine, Tyrosine, Threonine, Proline, Phenylalanine, Methionine, Lysine, Leucine, Isoleucine, Histidine, Cysteine, Aspartic Acid, Arginine, Alanine, Acetyl Hexapeptide-8, Copper Tripeptide-1.']",26.0,,,0,0,0,0,0,"['Vegan', 'allure 2020 Best of Beauty Award Winner', 'Hyaluronic Acid', 'Plumping', 'Hydrating']",Skincare,Eye Care,Eye Masks,0,,
P500106,Everyday Mineral Moisturizer SPF 30 Sunscreen,6743,Community Sixty-Six,1733,4.0,13.0,1.7 oz / 50 mL,Size,1.7 oz / 50 mL,,"['Zinc Oxide 13.20 - 14.00 %, Water (Aqua), C12-15 Alkyl Benzoate, Isododecane, Caprylic/Capric Triglyceride, Butylene Glycol, Glyceryl Stearate SE, Polymethylsilsesquioxane/Trimethylsiloxysilicate, Squalane, Glycerin, Saccharomyces Ferment, Coco-Caprylate/Caprate, Polyglyceryl-3 Diisostearate, Sodium Stearoyl Glutamate, Lecithin, Triheptanoin, Cetearyl Alcohol, Polyhydroxystearic Acid, Tromethamine, Glyceryl Caprylate, C18-36 Acid Triglyceride, C9-12 Alkane, Disteardimonium, Hectorite, Polyurethane-100, Sucrose, Lauroyl Lysine, Panthenol, Propylene Carbonate, Decyl Glucoside, Glyceryl Undecylenate, Sodium Hyaluronate, Hydroxyethylcellulose, Eugenia Caryophyllus (Clove) Bud Extract, 1,2-Hexanediol, Oryza Sativa (Rice) Hull Extract, Hydroxyacetophenone, Ipomoea Batatas Root Extract, Sodium Benzoate, Caprylyl Glycol, Betula Alba Bark Extract, Boswellia Serrata Extract, Polygonum Cuspidatum Root Extract, Camellia Sinensis Leaf Extract, Lactobacillus Ferment Lysate, Saccharomyces Lysate, Centella Asiatica Extract']",30.0,,,0,0,1,0,1,"['Clean at Sephora', 'Good for: Anti-Aging', 'Fragrance Free', 'Reef Safe SPF', 'Best for Dry, Combo, Normal Skin', 'Cruelty-Free']",Skincare,Moisturizers,Moisturizers,0,,
P448711,Face Mask,6302,Dr. Barbara Sturm,5780,4.5185,54.0,1.69 oz/ 50 mL,Size,1.69 oz/ 50 mL,,"['Water, Kaolin, Glycerin, Prunus Amygdalus Dulcis (Sweet Almond) Oil,  Lactobacillus/Portulaca Oleracea Ferment Extract, Decyl Oleate, Xanthan Gum, Tocopheryl Acetate, Aloe Barbadensis Leaf Juice, Phenoxyethanol, Acrylates/C10-30 Alkyl Acrylate Crosspolymer, Butylene Glycol, Chamomilla Recutita (Matricaria) Flower Extract, Sodium Hydroxide, Ethylhexylglycerin, Leuconostoc/Radish Root Ferment Filtrate.']",125.0,,,0,0,0,0,0,"['Good for: Dark Circles', 'Good for: Dryness', 'Fragrance Free', 'Cruelty-Free']",Skincare,Masks,Face Masks,0,,
P441645,Sunless Tan Firming Lotion,7091,COOLA,8889,4.25,40.0,6 fl.oz/ 177 mL,Size,6 fl.oz/ 177 mL,,"['Water, Caprylic/Capric Triglyceride, Dihydroxyacetone, Carthamus Tinctorius (Safflower) Seed Oil*, Propanediol, Polyglyceryl-2 Stearate, Cetearyl Alcohol, Glycerin**, Coco-Caprylate, Aloe Barbadensis Leaf Juice Powder*, Butyrospermum Parkii (Shea Butter)*, Caffeine, Alaria Esculenta Extract, Pisum Sativum (Pea) Extract, Lavandula Angustifolia (Lavender) Flower Extract*, Hydrolyzed Adansonia Digitata Seed Protein, Glyceryl Stearate, Simmondsia Chinensis (Jojoba) Seed Oil*, Tocopherol, Cetearyl Glucoside, Stearyl Alcohol, Citric Acid, Carrageenan, Fragrance, Gluconolactone, Potassium Sorbate, Sodium Benzoate.']",46.0,,,0,0,0,0,1,"['allure 2020 Best of Beauty Award Winner', 'Clean at Sephora', 'Hydrating', 'Reef Safe SPF', 'Best for Dry, Combo, Normal Skin']",Skincare,Self Tanners,For Body,0,,
P406104,24K Gold Pure Luxury Lift & Firm Hydra-Gel Eye Patches,3728,Peter Thomas Roth,49824,3.7594,320.0,30 pairs - 60 patches,Size,30 pairs - 60 patches,,"['Water/Aqua/Eau, Glycerin, Carrageenan, Butylene Glycol, Ceratonia Siliqua (Carob) Gum, Colloidal Gold, Sodium Hyaluronate, Hydrolyzed Collagen, Caffeine, Niacinamide, Aloe Barbadensis Leaf Juice Powder, Tocopheryl Acetate, Allantoin, Jania Rubens Extract, Adenosine, Lavandula Angustifolia (Lavender) Oil, Ricinus Communis (Castor) Seed Oil, Calcium Lactate, Xanthan Gum, Disodium EDTA, Peg-60 Hydrogenated Castor Oil, Synthetic Fluorphlogopite, Mica, Tin Oxide, Chlorphenesin, Phenoxyethanol, Gold (Ci 77480), Iron Oxides (Ci 77491), Titanium Dioxide (Ci 77891).']",75.0,,,0,0,0,0,0,"['Hyaluronic Acid', 'Good for: Loss of firmness', 'Good for: Dark Circles', 'Good for: Anti-Aging', 'Without Sulfates SLS & SLES']",Skincare,Eye Care,Eye Creams & Treatments,0,,
P440483,"Facial Spray with Aloe, Cucumber and Green Tea",8017,Mario Badescu,19617,3.9603,126.0,4 oz/ 118 mL,Size,4 oz/ 118 mL,,"['Water, Propylene Glycol, Mentha Piperita (Peppermint) Leaf Water, Cucumis Sativus (Cucumber) Fruit Water, Aloe Barbadensis Leaf Juice, Camellia Sinensis Leaf Extract, Cucumis Sativus (Cucumber) Fruit Extract, Fucus Vesiculosus Extract, Propanediol, Polysorbate 20, Ethylhexylglycerin, Benzophenone-4, Fragrance, Sodium Chloride, Citric Acid, Potassium Sorbate, Sodium Benzoate, CI 19140 (Yellow 5), CI 42090 (Blue 1), Hexyl Cinnamal, Limonene, Linalool.']",7.0,,,0,0,0,0,0,"['Vegan', 'Without Sulfates SLS & SLES', 'Without Phthalates', 'Without Parabens']",Skincare,Moisturizers,Mists & Essences,1,5.0,5.0
P504786,Solution Skin-Perfecting Daily Chemical Exfoliator,6751,Glossier,3786,3.7143,21.0,4.4 oz / 130 mL,Size,4.4 oz / 130 mL,,"['Water, Lactic Acid, Glycolic Acid, Gluconolactone, Propanediol, Ethoxydiglycol, Magnesium Chloride, Sodium Hydroxide, Glycereth-7 Trimethyl Ether, Niacinamide, Betaine, Inositol, Citric Acid, Glycerin, Phytic Acid, Pentylene Glycol, PEG-60 Hydrogenated Castor Oil, Caprylyl Glycol, Ethylhexylglycerin, Fragrance, PEG-8, Aloe Barbadensis Leaf Juice, Acetic Acid, Potassium Hydroxide, Salicylic Acid 0.5%']",26.0,,,0,1,0,0,1,"['Vegan', 'Good for: Dullness/Uneven Texture', 'Clean at Sephora', 'AHA/Glycolic Acid', 'Salicylic Acid', 'Cruelty-Free']",Skincare,Cleansers,Exfoliators,0,,
P436346,Youth Junkie Activated Mask,7037,FOREO,9611,4.6316,19.0,6 masks,Size,6 masks,,"['Water, Glycerin, Cetyl Ethylhexanoate, Butylene Glycol, Decyl Cocoate, Hydrolyzed Collagen, Butyrospermum Parkii (Shea) Butter, Olea Europaea (Olive) Fruit Oil, Simmondsia Chinensis (Jojoba) Seed Oil, Tocopheryl Acetate, Tremella Fuciformis Sporocarp Extract, Carnosine, Palmitoyl Tripeptide-5, Panthenol, Allantoin, Dipotassium Glycyrrhizate, Adenosine, Glycereth-26, Hydroxyacetophenone, Cetearyl Alcohol, Glyceryl Stearate, PEG-100 Stearate, Polysorbate 60, Tromethamine, Caprylic/Capric Glycerides, Sorbitan Stearate, Acrylates/C10-30 Alkyl Acrylate Crosspolymer, Carbomer, Caprylyl Glycol, Xanthan Gum, Ethylhexylglycerin, Fragrance.']",21.99,,,0,0,0,0,0,"['Best for Dry, Combo, Normal Skin', 'Good for: Loss of firmness', 'Collagen', 'Without Mineral Oil', 'Without Parabens', 'Without Silicones']",Skincare,Masks,Face Masks,0,,
P503872,Mini Mandelic Acid + Superfood Unity Exfoliant,6169,Youth To The People,6510,4.8,5.0,1 oz / 30 mL,Size,1 oz / 30 mL,,"['Water/Aqua/Eau (Aqua), Helianthus Annuus (Sunflower) Seed Oil, Stearic Acid, Glycerin, Glyceryl Stearate, Cetyl Alcohol, Ascorbic Acid (Vitamin C), Lecithin, Panthenol (Vitamin B5), Sodium Hyaluronate Crosspolymer, Tocopheryl Acetate (Vitamin E), Phenoxyethanol, Hydroxyethylcellulose, Potassium Sorbate, Aloe Barbadensis (Aloe) Leaf Extract*, Brassica Oleracea Capitata (Kale) Leaf Extract*, Camellia Sinensis (Green Tea) Leaf Extract*, Chamomilla Recutita (Matricaria) Flower Extract*, Medicago Sativa (Alfalfa) Leaf Extract*, Spinacia Oleracea (Spinach) Leaf Extract*, Natural Fragrance, Pentylene Glycol, Ethylhexylglycerin, Magnesium Chloride, Palmitoyl Dipeptide-5 Diaminobutyroyl Hydroxythreonine, Palmitoyl Tripeptide-5, Tetradecyl Aminobutyroylvalylaminobutyric Urea Trifluoroacetate, Benzyl Benzoate, Citronellol, Hexyl Cinnamal, Limonene, Linalool.']",16.0,,,0,0,0,0,0,"['Clean + Planet Positive', 'Good for: Pores', 'Hydrating', 'Good for: Acne/Blemishes', 'Salicylic Acid', 'Alcohol Free']",Skincare,Cleansers,Toners,0,,
P504040,Spirulina + Ashwagandha Volcanic Sea Clay Detox Masque,6749,MARA,1713,4.8519,27.0,1.69 oz / 50 mL,Size,1.69 oz / 50 mL,,"['Water (Aqua/Eau), Kaolincaprylic/Capric Triglyceride, Bentonite, Glycerincetyl Alcohol, Cetearyl Olivate, Propanediol, Sorbitan Olivate, Alaria Esculenta (Wakame Seaweed) Extract, Arthrospira Platensis Extract, Withania Somnifera Root Extract, Camellia Sinensis (Green Tea) Leaf Extract, Volcanic Ash, Sea Salt (Maris Sal/Sel Marin), Honey (Mel/Miel), Moringa Oleifera Seed Oil, Vaccinium Myrtillus (Bilberry) Seed Oil, Aloe Barbadensis (Aloe Vera) Leaf Juice, Xanthan Gum, Titanium Dioxide, Citric Acid, Glyceryl Undecylenate, Glyceryl Caprylate, Trisodium Ethylenediamine Disuccinate, Pentylene Glycol, Phenethyl Alcohol, Caprylyl Glycol, Quartz, Ci 75810 (Chlorophyllin-Copper Complex), Caprylhydroxamic Acid.']",54.0,,,0,1,0,0,0,"['Good for: Pores', 'Plumping', 'Hydrating', 'Fragrance Free', 'Good for: Acne/Blemishes', 'Best for Oily, Combo, Normal Skin']",Skincare,Masks,Face Masks,0,,
P448192,Mini Sugar Strawberry Exfoliating Face Wash,4348,fresh,25388,3.8956,182.0,1.6 oz/ 50 mL,Size,1.6 oz/ 50 mL,,"['Glycerin, Sucrose, Butylene Glycol, Fragaria Vesca (Strawberry) Fruit Extract, PEG-6 Caprylic/Capric Glycerides, Ribes Nigrum (Black Currant) Fruit Extract, Zea Mays (Corn) Starch, Vitis Vinifera (Grape) Seed Oil, Fragaria Ananassa (Strawberry) Fruit Juice, Sapindus Mukorossi Peel Extract, Tocopherol, Parfum (Fragrance), Water, Carbomer, Sodium Hydroxide, BHT, Potassium Sorbate, Phenoxyethanol, Limonene, Citral, Benzyl Alcohol, Linalool.']",15.0,,,0,0,0,0,0,"['Clean at Sephora', 'Best for Oily, Combo, Normal Skin', 'Good for: Dullness/Uneven Texture', 'Good for: Pores', 'Without Parabens', 'Without Sulfates SLS & SLES']",Skincare,Mini Size,,0,,
P424378,Mini Virgin Marula LuxuryFace Oil,7083,Drunk Elephant,48487,4.2368,266.0,0.5 oz/ 15 mL,Size,0.5 oz/ 15 mL,,['100% Unrefined Sclerocraya Birrea (Marula) Kernel Oil.'],38.0,,,0,0,0,0,0,,Skincare,Moisturizers,Face Oils,0,,
P447607,Rose Milk Re-Hydrating Mist,1741,Lancôme,5507,3.5517,29.0,3.38 oz/ 100 mL,Size,3.38 oz/ 100 mL,,"['Water, Glycerin, Dimethicone, Caprylic/Capric Triglyceride, Microcrystalline Cellulose, Polyglyceryl-6 Distearate, Rosa Damascena Flower Water, Cetearyl Alcohol, Phenoxyethanol, Jojoba Esters, Chlorphenesin, Hydroxyacetophenone, Cellulose Gum, Cetearyl Glucoside, Polyglyceryl-3 Beeswax, Cetyl Alcohol, Honey, Potassium Cetyl Phosphate, Sweet Almond Oil,  Tocopherol, Propanediol, Sodium Citrate, Hexyl Cinnamal, Citric Acid, Alpha-Isomethyl Ionone, Arginine, Carob Gum, Xanthan Gum, Geraniol, Farnesol, Salicylic Acid, Sodium Hyaluronate, Fragrance.']",30.0,,,0,0,0,1,0,,Skincare,Moisturizers,Mists & Essences,0,,
P455611,Clearly Corrective Dark Spot Solution Duo,6218,Kiehl's Since 1851,10273,3.8478,913.0,Clearly Corrective Dark Spot Duo,,,,"['Aqua/Water, Propylene Glycol, Glycerin, Alcohol Denat., PEG/PPG/Polybutylene Glycol-8/5/3 Glycerin, Hydroxypropyl Tetrahydropyrantriol, 3-O-Ethyl Ascorbic Acid, PPG-6-Decyltetradeceth-30, Phenoxyethanol, Salicylic Acid, Xanthan Gum, Hydroxyethylcellulose, Potassium Hydroxide, Citric Acid, Sodium Citrate, Tocopheryl Acetate, Lavandula Angustifolia Oil/Lavender Oil, Disodium EDTA, Adenosine, Linalool, Butylene Glycol, Tocopherol, Citrus Aurantium Tachibana Peel Extract, Paeonia Suffruticosa Root Extract.']",125.0,180.0,,1,0,1,1,1,"['Good for: Dullness/Uneven Texture', 'Vitamin C', 'Clean at Sephora', 'Salicylic Acid', 'Without Parabens', 'Good for: Dark spots']",Skincare,Value & Gift Sets,,0,,
P502047,Evercalm Skin Zen Trio,5857,REN Clean Skincare,1448,4.5,2.0,,,,,"['Evercalm Gentle Cleansing Milk:', 'Aqua (Water), Cetearyl Ethylhexanoate, Cetearyl Alcohol, Caprylic/ Capric Triglyceride, Sesamum Indicum (Sesame) Seed Oil, Butyrospermum Parkii (Shea) Butter, Myristyl Myristate, Glycerin, Cetearyl Glucoside, Ribes Nigrum (Black Currant) Seed Oil, Helianthus Annuus (Sunflower) Seed Oil, Sodium Stearoyl Glutamate, Oryzanol, Bisabolol, Myristyl Laurate, Hippophae Rhamnoides Fruit Extract, Calendula Officinalis Flower Extract, Tocopherol, Xanthan Gum, Phenoxyethanol, Citrus Nobilis (Mandarin Orange) Peel Oil, Anthemis Nobilis (Chamomile) Flower Oil, Sodium Dehydroacetate, Cinnamomum Camphora Linalloliferum (Ho Wood) Leaf Oil, Pelargonium Graveolens Flower Oil, Foeniculum Vulgare (Fennel) Fruit Extract, Ethylhexylglycerin, Glucose, Parfum (Fragrance), Rosmarinus Officinalis (Rosemary) Leaf Extract, Citric Acid, Citronellol, Limonene, Linalool.', 'Evercalm Global Protection Day Cream:', 'Aqua (Water), Cetearyl Alcohol, Camellia Oleifera Seed Oil, Cetearyl Ethylhexanoate, Myristyl Myristate, Sesamum Indicum (Sesame) Seed Oil, Glycerin, Butyrospermum Parkii (Shea) Butter, Caprylic/Capric Triglyceride, Triheptanoin, Cetearyl Glucoside, Myristyl Laurate, Oryzanol, Helianthus Annuus (Sunflower) Seed Oil, Ethylhexylglycerin, Vaccinium Macrocarpon (Cranberry) Seed Oil, Bisabolol, Ribes Nigrum (Black Currant) Seed Oil, Carbomer, Hippophae Rhamnoides Fruit Extract, Citrus Nobilis (Mandarin Orange) Peel Oil, Tocopherol, Anthemis Nobilis Flower Oil, Cinnamomum Camphora Linalloliferum (Ho Wood) Leaf Oil, Pelargonium Graveolens Flower Oil, Phenoxyethanol, Sodium Dehydroacetate, Pueraria Lobata (Kudzu) Symbiosome Extract, Laminaria Ochroleuca Extract,Cassia Alata Leaf Extract, Calendula Officinalis Flower Extract, Glucose, Parfum (Fragrance), Rosmarinus Officinalis (Rosemary) Leaf Extract, Lactic Acid, Sodium Hydroxide, Citronellol, Geraniol, Limonene, Linalool.', 'Evercalm Overnight Recovery Balm:', 'Coco-Caprylate/Caprate, Glycerin, Aqua (Water), Almond/Borage/Linseed/Olive Acids/Glycerides, Polyglyceryl-6 Distearate, Jojoba Esters, Oryza Sativa Starch, Cetyl Alcohol, Glyceryl Stearate, Helianthus Annuus (Sunflower) Seed Oil Unsaponifiables, Glyceryl Caprylate, Polyglyceryl-3 Beeswax, Sodium Stearoyl Glutamate, Benzyl Alcohol, Parfum (Fragrance), Hippophae Rhamnoides Oil, Tocopherol, Magnesium Carboxymethyl Beta-Glucan, Dehydroacetic Acid, Eclipta Prostrata Extract, Eclipta Prostrata Leaf Extract, Moringa Oleifera Seed Oil, Helianthus Annuus (Sunflower) Seed Oil, Rosmarinus Officinalis Leaf Extract, Citronellol, Geraniol, Limonene, Linalool.']",66.0,95.0,,1,0,1,0,0,"['Good for: Redness', 'Good for: Dullness/Uneven Texture', 'Clean at Sephora', 'Good for: Dryness', 'Best for Dry, Combo, Normal Skin']",Skincare,Value & Gift Sets,,0,,
P449102,Crystal Ball Roller Gloss,6235,INC.redible,14595,4.3839,112.0,,Color,,,"['Tridecyl Trimellitate, Isopropyl Myristate, Polybutene, Phenoxyethanol, Aroma (Flavor), Benzyl Benzoate, Citronellol, limonene, Linalool.']",12.0,,,1,0,0,0,0,,Skincare,Wellness,Facial Rollers,2,12.0,12.0
P447597,100% Organic Virgin Chia Seed Oil,6234,The Ordinary,21125,4.1892,74.0,1 oz/ 30 mL,Size,1 oz/ 30 mL,,['Salvia Hispanica Seed Oil.'],8.5,,,0,0,1,1,0,"['Vegan', 'Good for: Dullness/Uneven Texture', 'Without Parabens', 'Alcohol Free', 'Without Sulfates SLS & SLES', 'Gluten Free']",Skincare,Moisturizers,Face Oils,0,,
P422000,Creamy Eye Treatment with Avocado,6218,Kiehl's Since 1851,68043,3.9994,1668.0,0.5 oz/ 14 g,Size,0.5 oz/ 14 g,,"['Aqua / Water,Butyrospermum Parkii Butter / Shea Butter,Butylene Glycol,Tridecyl Stearate,Peg-30 Dipolyhydroxystearate,Isodecyl Salicylate,Tridecyl Trimellitate,Persea Gratissima Oil / Avocado Oil,Isocetyl Stearoyl Stearate,Propylene Glycol,Dipentaerythrityl Hexacaprylate/Hexacaprate,Sorbitan Sesquioleate,Magnesium Sulfate,Hydrogenated Castor Oil,Sodium Pca,Phenoxyethanol,Chlorphenesin,Hydrogenated Jojoba Oil,P-Anisic Acid,Tocopheryl Acetate,Isopropyl Palmitate,Disodium Edta,Copper Pca,Helianthus Annuus Seed Oil / Sunflower Seed Oil,Ci 40800 / Beta-Carotene,Citric Acid']",36.0,,,0,0,0,0,0,"['Clean at Sephora', 'Fragrance Free', 'Good for: Dryness', 'Without Parabens', 'Best for Dry, Combo, Normal Skin']",Skincare,Eye Care,Eye Creams & Treatments,1,60.0,60.0
P266126,Rosebud Salve in a Tube,5671,Rosebud Perfume Co.,65272,4.3797,2399.0,0.5 oz/ 14.2 g,Color,Rosebud Salve in a Tube,,"['Cotton Seed Oil, Aromol, Essential Oils, Petrolatum Base.']",7.0,,,0,0,0,0,0,"['Clean at Sephora', 'Hydrating']",Skincare,Lip Balms & Treatments,,0,,
P7880,Soy Hydrating Gentle Face Cleanser,4348,fresh,282865,4.3628,8733.0,5 oz/ 150 mL,Size,5 oz/ 150 mL,,"['Aqua (Water), Coco-Glucoside, Butylene Glycol, Glycerin, Propanediol, Xanthan Gum, 1,2-Hexanediol, Polyglyceryl-10 Laurate, Centaurea Cyanus Flower Water, Cucumis Sativus (Cucumber) Fruit Extract, Helianthus Annuus (Sunflower) Seed Oil, Borago Officinalis Seed Oil, Hydrolyzed Soy Protein, Rosa Damascena Extract, Rosa Damascena Flower Water, Aloe Barbadensis Leaf Juice, Panax Ginseng Root Extract, Malva Sylvestris (Mallow) Flower Extract, Rosa Damascena Flower Oil, Tocopherol, Caprylic/Capric Triglyceride, Caprylyl Glycol, Hydrolyzed Jojoba Esters, Silica, Citric Acid, Pentylene Glycol, Caramel, Sodium Hydroxide, Sodium Benzoate, Potassium Sorbate.']",39.0,,,0,0,0,0,0,"['Clean at Sephora', 'Best for Dry, Combo, Normal Skin', 'Hydrating', 'Good for: Dryness', 'Good for: Dullness/Uneven Texture', 'Without Parabens']",Skincare,Cleansers,Face Wash & Cleansers,2,71.0,15.0
P482024,Mini The Treatment Lotion,6201,La Mer,5212,4.6439,424.0,3.4 oz/ 100 mL,Size,3.4 oz/ 100 mL,,"['Water\\Aqua\\Eau, Algae Extract, Glycerin, Methyl Gluceth-20, Bis-Peg-18 Methyl Ether Dimethyl Silane, Sucrose, Yeast Extract\\Faex\\Extrait De Levure, Sesamum Indicum (Sesame) Seed Oil, Medicago Sativa (Alfalfa) Seed Powder, Prunus Amygdalus Dulcis (Sweet Almond) Seed Meal, Helianthus Annuus (Sunflower) Seedcake, Eucalyptus Globulus (Eucalyptus) Leaf Oil, Sodium Gluconate, Copper Gluconate, Calcium Gluconate, Magnesium Gluconate, Zinc Gluconate, Tocopheryl Succinate, Niacin, Sesamum Indicum (Sesame) Seed Powder, Citrus Aurantifolia (Lime) Peel Extract, Laminaria Digitata Extract, Laminaria Saccharina Extract, Plankton Extract, Palmaria Palmata Extract, Sodium Hyaluronate, Butylene Glycol, Caffeine, Dipotassium Glycyrrhizate, Acetyl Hexapeptide-8, Glycereth-26, Alcaligenes Polysaccharides, Trehalose, Lactobacillus Ferment, Sea Salt\\Maris Sal\\Sel Marin, Tourmaline, Urea, Sodium Pca, Glycine Soja (Soybean) Protein, Glycosaminoglycans, Glycine Soja (Soybean) Seed Extract, Tetradecyl Aminobutyroylvalylaminobutyric Urea Trifluoroacetate, Caprylyl Glycol, Peg-8, Magnesium Chloride, Calcium Chloride, Sodium Sulfate, Potassium Phosphate, Potassium Nitrate, Pentylene Glycol, Triacetin, Lecithin, Ppg-5-Ceteth-20, Jojoba Wax Peg-120 Esters, Polysorbate 20, Polyquaternium-51, Hydroxypropyl Cyclodextrin, Alcohol Denat., Fragrance (Parfum), Limonene, Linalool, Hydroxycitronellal, Citronellol, Geraniol, Bht, Disodium Edta, Potassium Sorbate, Chlorphenesin, Sorbic Acid, Phenoxyethanol.']",125.0,,,0,0,0,0,0,"['Good for: Loss of firmness', 'Plumping', 'Good for: Pores', 'Hydrating', 'Good for: Anti-Aging', 'Good for: Dryness']",Skincare,Moisturizers,Mists & Essences,0,,
P454514,"Youth Renewal Retinol Trial Kit for Smoother, Younger-Looking Skin",4164,Murad,17238,3.7879,33.0,,,,,,59.0,98.0,,0,0,0,0,0,,Skincare,Value & Gift Sets,,0,,
P432823,Gua Sha Facial Lifting Tool,6256,Mount Lai,93790,4.1254,303.0,,Color,Jade,,,30.0,,,0,0,1,0,0,"['Good for: Dullness/Uneven Texture', 'Good for: Loss of firmness', 'Good for: Anti-Aging']",Skincare,High Tech Tools,Anti-Aging,3,40.0,30.0
P453822,Dark Spots No More Triple Acid Spot Minimizing Concentrate,4372,Dr. Brandt Skincare,9838,3.9634,82.0,0.5 oz/ 15 mL,Size,0.5 oz/ 15 mL,,"['Water/Aqua/Eau, Niacinamide, Propanediol, Potassium Azeloyl Diglycinate, Tranexamic Acid, Glycerin, Polyacrylate Crosspolymer-6, Phytic Acid, Plankton Extract, Lecithin, Camellia Sinensis Leaf Extract, Tasmannia Lanceolata Fruit/Leaf Extract, Caprylyl Glycol, Tocopherol, Potassium Chloride, Potassium Sorbate, Sodium Benzoate, Sodium Ascorbate, Tetrahydrodiferuloylmethane, Ethylhexylglycerin, Chlorphenesin, T-Butyl Alcohol, Phenoxyethanol.']",71.0,,,0,0,0,0,1,"['Best for Dry, Combo, Normal Skin', 'Good for: Dark spots', 'Niacinamide', 'Hypoallergenic', 'Without Parabens', 'Vegan']",Skincare,Treatments,Face Serums,0,,
P404232,DermalQuench +Retinol Advanced Resurfacing Treatment,5946,Kate Somerville,8412,4.0541,74.0,2.5 oz,Size,2.5 oz,,"['Aqua/Water/Eau, Isobutane, Propane, Perfluorohexane, Dimethicone, Propanediol, Neopentyl Glycol Diheptanoate, Perfluoroperhydrophenanthrene, Glycereth-18 Ethylhexanoate, Isododecane, Perfluorodecalin, Ethylhexyl Methoxycrylene, Cyclopentasiloxane, Phenoxyethanol, Dimethyl Isosorbide, Glycine Soja (Soybean) Extract, Oryza Sativa (Rice) Bran Extract, Glycereth-18, Cyclohexasiloxane, Bakuchiol, Glycerin, Elaeis Guineensis (Palm) Oil, Cetearyl Alcohol, Glyceryl Stearate, Gossypium Herbaceum (Cotton) Seed Oil, Tocopheryl Acetate, Lavandula Angustifolia (Lavender) Oil, Bidens Pilosa Extract, Sodium Lauroyl Glutamate, Stearic Acid, Helianthus Annuus (Sunflower) Seed Oil, Linum Usitatissimum (Linseed) Seed Oil, Acrylates/C10-30 Alkyl Acrylate Crosspolymer, Ethylhexylglycerin, Hydrolyzed Hyaluronic Acid, Hydroxypinacolone Retinoate, Disodium EDTA, Adenosine, Tropaeolum Majus Flower/Leaf/Stem Extract, Sodium Hydroxide, Rosmarinus Officinalis (Rosemary) Leaf Extract, Tocopherol, Linalool, Limonene.']",110.0,,,0,0,0,0,0,,Skincare,Treatments,Face Serums,0,,
P464241,5% Benzoyl Peroxide Acne Spot Treatment,6334,Dr. Zenovia Skincare,7160,4.4021,286.0,0.5 oz/ 15 mL,,,,"['Benzoyl Peroxide 5.0%, Aloe Barbadensis Leaf Juice, Bakuchiol, Camellia Sinensis (Green Tea) Polyphenols, Carbomer, Cucumis Sativus (Cucumber) Fruit Extract, Glycerin, Punica Granatum Sterols, Purified Water, Resveratrol, Sodium Hydroxymethylglycinate, Sodium Lauroyl Sarcosinate, Genistein, Stearic Acid USP, Tocopheryl Acetate.']",25.0,,,0,0,1,0,1,"['Best for Oily, Combo, Normal Skin', 'Good for: Acne/Blemishes', 'Fragrance Free', 'Without Parabens', 'Without Silicones', 'Cruelty-Free']",Skincare,Treatments,Face Serums,0,,
P448934,Bye Bye Pores Leave-On Solution Pore-Refining Toner,6175,IT Cosmetics,25082,4.0481,187.0,6.8 oz/ 200 mL,Size,6.8 oz/ 200 mL,,"['Aqua/Water/Eau, Alcohol Denat., Glycerin, Propanediol, Silica [Nano]/Silica, Phenoxyethanol, Methyl Methacrylate Crosspolymer, Kaolin, Zinc Gluconate, Aloe Barbadensis Leaf Juice Powder, Parfum/Fragrance, Menthoxypropanediol, Cocos Nucifera Fruit Juice/Coconut Fruit Juice, Hamamelis Virginiana Water/Witch Hazel Water, Allantoin, Hydrolyzed Silk, Avena Sativa Kernel Flour/Oat Kernel Flour, Linalool, Salicylic Acid, Propylene Glycol, Pentylene Glycol, Hydrolyzed Rice Protein, Limonene, Citric Acid, Soluble Collagen, Sodium Benzoate, Potassium Sorbate, Disodium Edta, Trisodium Edta.']",34.0,,,0,0,0,0,1,"['Best for Oily, Combo, Normal Skin', 'Good for: Pores', 'Good for: Acne/Blemishes']",Skincare,Cleansers,Toners,0,,
P481971,Hydra Life Intense Sorbet Crème Moisturizer,1073,Dior,2201,5.0,3.0,1.7 oz/ 50 mL,Size,1.7 oz/ 50 mL,,"['Aqua (Water), Glycerin, Caprylic/Capric Triglyceride, Propanediol, Mangifera Indica (Mango) Seed Butter, Butylene Glycol, Cetearyl Alcohol, Squalane, Polyglycerin-3, Dicaprylyl Ether, Malva Sylvestris (Mallow) Extract, Tocopheryl Acetate, Sodium Hyaluronate, Cetearyl Glucoside, Cellulose, Silica, Cetyl Alcohol, Stearyl Alcohol, Sodium Stearoyl Glutamate, Chlorphenesin, Parfum (Fragrance), Faex (Yeast Extract), Sodium Hydroxide, Potassium Sorbate, Glucose, Tocopherol, Ammonium Acryloyldimethyltaurate/Vp Copolymer, Pentylene Glycol, Caprylyl Glycol, Dimethicone, Acrylates/C10-30 Alkyl Acrylate Crosspolymer.']",85.0,,,0,0,0,0,0,"['Cream Formula', 'Hydrating', 'Best for Dry Skin', 'Good for: Dryness', 'Hyaluronic Acid']",Skincare,Moisturizers,Moisturizers,0,,
P483145,Ultra Glow Mask with Vitamins C + E,3902,SEPHORA COLLECTION,4478,4.5,6.0,,,,,"['Aqua (Water), Glycerin, Ascorbyl Glucoside, Sodium Acrylates Copolymer, Caprylic/Capric Triglyceride, Arginine, Lecithin, Hydroxyacetophenone, 1,2-Hexanediol, Caprylyl Glycol, Helianthus Annuus (Sunflower) Seed Oil, Tocopherol, Cassia Angustifolia Seed Polysaccharide, Benzyl Alcohol, Citric Acid, Sodium Hydroxide, CI 19140 (Yellow 5), CI 16035 (Red 40), Sodium Chloride.']",16.0,,,0,0,0,0,0,"['Good for: Dullness/Uneven Texture', 'Vitamin C', 'Clean + Planet Positive', 'Fragrance Free', 'Good for: Dryness', 'Best for Oily, Combo, Normal Skin']",Skincare,Masks,Face Masks,0,,
P470049,Clearcalm Clarifying Clay Cleanser,5857,REN Clean Skincare,4303,4.6,40.0,5.1 oz/ 150 mL,Size,5.1 oz/ 150 mL,,"['Aqua (Water), Kaolin, Cetearyl Alcohol, Caprylic/Capric Triglyceride, Sesamum Indicum (Sesame) Seed Oil, Cetearyl Glucoside, Glycerin, Benzyl Alcohol, Helianthus Annuus (Sunflower) Seed Oil, Salix Nigra (Willow) Bark Extract, Zinc Gluconate, Bisabolol, Oryzanol, Salvia Officinalis (Sage) Oil, Lavandula Angustifolia (Lavender) Oil, Linalool, Calendula Officinalis Flower Extract, Leptospermum Scoparium Oil, Tocopherol, Dehydroacetic Acid, Anthemis Nobilis (Chamomile) Flower Oil, Citral, Xanthan Gum, Lactic Acid, Citronellol, Farnesol, Limonene, Crataegus Oxyacantha Stem Extract, Glucose.']",38.0,,,0,0,0,0,0,"['Good for: Acne/Blemishes', 'Fragrance Free', 'Gluten Free', 'Cruelty-Free', 'Clean at Sephora']",Skincare,Cleansers,Face Wash & Cleansers,0,,
P476676,Youth Reformer Firming Vitamin C Oil Serum,6329,FaceGym,3104,4.9623,53.0,1 oz/ 30 mL,Size,1 oz/ 30 mL,,"['Squalane, Almond/Borage/Linseed/Olive Acids/Glycerides, Borago (Borage) Officinalis Seed Oil, Ascorbyl Tetraisopalmitate, Octyldodecanol, Helianthus Annuus (Sunflower) Seed Oil, Sodium Hyaluronate, Pistacia Lentiscus (Mastic) Gum, Santalum Album (Sandalwood) Wood Oil, Carapa Guaianensis (Andiroba) Seed Oil, Bulnesia Sarmientoi (Palo Santo) Wood Oil, Caprylic/Capric Triglyceride, Triolein, C10-18 Triglycerides, Arnica Montana (Arnica) Flower, Pogostemon Cablin (Patchouli) Leaf Extract, Vanilla Planifolia (Vanilla) Bean Extract, Plankton Extract, Tocopherol, Tocopheryl Acetate, Glyceryl Dioleate, Farnesol.']",110.0,,,0,0,1,0,1,"['Good for: Redness', 'Good for: Anti-Aging', 'Hyaluronic Acid', 'Vitamin C', 'Without Sulfates SLS & SLES', 'Without Parabens']",Skincare,Treatments,Face Serums,0,,
P466117,Sweet Biome Fermented Sake Hydrating Spray,7083,Drunk Elephant,15545,3.8833,677.0,3.33 oz/ 100 mL,Size,3.33 oz/ 100 mL,,"['Water/Aqua/Eau, Sodium PCA, Propanediol, Galactomyces Ferment Filtrate, Glycerin, Beta Vulgaris (Beet) Root Extract, Fructooligosaccharides, Saccharomyces/Xylinum/Black Tea Ferment, Cocos Nucifera (Coconut) Fruit Juice, Sclerocarya Birrea Seed Oil, Lactic Acid, Pentylene Glycol, Sodium Hyaluronate Crosspolymer, Zinc Gluconate, Sodium Lactate, Magnesium Aspartate, PCA, Alanine, Arginine, Glycine, Histidine, Isoleucine, Phenylalanine, Proline, Serine, Threonine, Valine, Aspartic Acid, Calcium Gluconate, Copper Gluconate, Trehalose, Linoleic Acid, Linolenic Acid, Ceramide AP, Ceramide EOP, Ceramide NP, Phytosphingosine, Cholesterol, Xylitol, Humulus Lupulus (Hops) Extract, Hyaluronic Acid, Sodium Lauroyl Lactylate, Tapioca Starch, Tetrasodium Glutamate Diacetate, Xanthan Gum, Potassium Lactate, Polysorbate 20, Citric Acid, Carbomer, Phenoxyethanol, Sodium Benzoate, Tocopherol, Sodium Hydroxide, Potassium Sorbate, Ethylhexylglycerin.']",42.0,,,0,0,0,0,0,"['Clean at Sephora', 'Good for: Dryness']",Skincare,Moisturizers,Mists & Essences,0,,
P504171,Fruit Babies Bestsellers Kit,6189,Glow Recipe,57316,4.6339,183.0,,Color,,,"['Avocado Ceramide Moisture Barrier Cleanser:', 'Water/Aqua/Eau, Glycerin, Hydroxypropyl Starch Phosphate, Potassium Cocoyl Glycinate, Acrylates Copolymer, Persea Gratissima (Avocado) Oil, Lauramidopropyl Betaine, Potassium Cocoate, Glycolipids, Inulin, Ceramide NP, Avena Sativa (Oat) Kernel Flour, Persea Gratissima (Avocado) Fruit Extract, Populus Tremuloides Bark Extract, Saccharide Isomerate, Caprylyl Glyceryl Ether, Propanediol, Polyglyceryl-4 Caprate, Polyglyceryl-6 Caprylate, Myristamidopropyl Betaine, Sodium Chloride, Lauroyl Lysine, Phytosteryl/Octyldodecyl Lauroyl Glutamate, Caprylhydroxamic Acid, Citric Acid, Sodium Hydroxide, Sodium Citrate, Polylysine, Tocopherol, Caprylic/Capric Triglyceride, Elettaria Cardamomum Seed Extract, Jasminum Officinale Flower/Leaf Extract, Camellia Sinensis Leaf Extract, Cananga Odorata Flower Extract, Cucumis Melo Fruit Extract, Cucumis Sativus (Cucumber) Fruit Extract, Lavandula Angustifolia (Lavender) Flower/Leaf/Stem Extract, Pyrus Malus (Apple) Fruit Extract, Rose Extract, Rubus Idaeus (Raspberry) Leaf Extract, Santalum Album (Sandalwood) Wood Extract, Melia Azadirachta Leaf Extract, Amber Powder, Coccinia Indica Fruit Extract, Melia Azadirachta Flower Extract, Solanum Melongena (Eggplant) Fruit Extract, Ocimum Basilicum (Basil) Flower/Leaf Extract, Curcuma Longa (Turmeric) Root Extract, Corallina Officinalis Extract.', 'Watermelon Glow PHA +BHA Pore-Tight Toner:', 'Opuntia Ficus-Indica (Cactus) Extract, Citrullus Lanatus (Watermelon) Fruit Extract, Glycerin, Hyaluronic Acid, Gluconolactone, Sodium Polyglutamate, Betaine Salicylate, Salix Alba (Willow) Bark Extract, Melaleuca Alternifolia (Tea Tree) Extract, Hibiscus Sabdariffa Flower Extract, Lactobacillus/Watermelon Fruit Ferment Extract, Cucumis Sativus (Cucumber) Fruit Extract, Saccharum Officinarum (Sugarcane) Extract, Glycyrrhiza Glabra (Licorice) Root Extract, Scutellaria Baicalensis Root Extract, Paeonia Suffruticosa Root Extract, Brassica Oleracea Capitata (Cabbage) Leaf Extract, Ipomoea Batatas Root Extract, Sorbitan Oleate, Levulinic Acid, Sodium Levulinate, Fragrance/Parfum', 'Strawberry Smooth BHA + AHA Salicylic Serum:', 'Water/Aqua/Eau, Methylpropanediol, C9-12 Alkane, Fragaria Vesca (Strawberry) Fruit Extract, Hydroxypropyl Starch Phosphate, Pentylene Glycol, Salicylic Acid, Succinic Acid, Azelamidopropyl Dimethyl Amine, Mandelic Acid, Fragaria Vesca (Strawberry) Leaf Extract, Allantoin, Sodium Hyaluronate, Bisabolol, Opuntia Ficus-Indica (Prickly Pear) Flower Extract, Niacinamide, Zingiber Officinale (Ginger) Root Extract, Saccharomyces Ferment, Dextrin, Polydextrose, 1,2-Hexanediol, Caprylyl Glycol, Coco-Caprylate/Caprate, Hydroxyacetophenone, Amylopectin, Butylene Glycol, Succinoglycan, Leuconostoc/Radish Root Ferment Filtrate, Lauroyl Lysine, Sodium Phytate, Aminomethyl Propanol, Citric Acid, Fragrance/Parfum.*', 'Watermelon Glow Niacinamide Dew Drops:', 'Aqua/Water/Eau, Propanediol, Glycereth-26, Glycerin, Niacinamide, 2,3-Butanediol, 1,2-Hexanediol, Cetyl Ethylhexanoate, Citrullus Lanatus Fruit Extract, Sodium Hyaluronate, Eclipta Prostrata Extract, Melia Azadirachta Leaf Extract, Polyglyceryl-3 Methylglucose Distearate, Tromethamine, Glyceryl Stearate, Carbomer, Acrylates/C10-30 Alkyl Acrylate Crosspolymer, Ethylhexylglycerin, Xanthan Gum, Polyquaternium-51, Moringa Oleifera Seed Oil, Fragrance/Parfum, Benzyl Benzoate.', 'Plum Plump Hyaluronic Cream:', 'Water/Aqua/Eau, Propanediol, Glycerin, C13-15 Alkane, Caprylic/Capric Triglyceride, C9-12 Alkane, Prunus Domestica Seed Oil*, Pentylene Glycol, Squalane, Terminalia Ferdinandiana Seed Oil*, Hyaluronic Acid, Sodium Acetylated Hyaluronate, Sodium Hyaluronate, Davidsonia Jerseyana Fruit Extract*, Terminalia Ferdinandiana Fruit Powder*, Podocarpus Elatus Fruit Extract*, Polyglutamic Acid, Pleiogynium Timoriense Fruit Extract*, Sodium Hyaluronate Crosspolymer, Hydrolyzed Sodium Hyaluronate, Epilobium Fleischeri (Alpine Willowherb) Flower/Leaf/Stem Extract, Niacinamide, Acrylates/C10-30 Alkyl Acrylate Crosspolymer, Xylitylglucoside, Isononyl Isononanoate, Caprylyl Glycol, Anhydroxylitol, Cetearyl Alcohol, Glyceryl Stearate, Arginine, Ethylhexylglycerin, Sodium Chloride, Xylitol, Stearic Acid, Tremella Fuciformis Polysaccharide, Sodium Lauroyl Glutamate, Eclipta Prostrata Extract, Glucose, Potassium Phosphate, Butylene Glycol, Melia Azadirachta Leaf Extract, Hydroxypropylcellulose, Alaria Esculenta Extract, Sodium Phosphate, Potassium Chloride, Melia Azadirachta Flower Extract, Corallina Officinalis Extract, 1,2-Hexanediol, Moringa Oleifera Seed Oil, Coccinia Indica Fruit Extract, Citric Acid, Potassium Sorbate, Solanum Melongena (Eggplant) Fruit Extract, Aloe Barbadensis Flower Extract, Gluconolactone, Simmondsia Chinensis (Jojoba) Seed Oil, Curcuma Longa (Turmeric) Root Extract, Ocimum Basilicum (Basil) Flower/Leaf Extract, Ocimum Sanctum Leaf Extract, Silica, Sodium Hydroxide, Sodium Benzoate, Phenoxyethanol, Fragrance/Parfum**.']",34.0,,,0,0,0,0,1,"['Good for: Redness', 'Good for: Dullness/Uneven Texture', 'Clean + Planet Positive', 'Hydrating', 'Good for: Dryness', 'Best for Dry, Combo, Normal Skin']",Skincare,Value & Gift Sets,,0,,
P458755,Charlotte’s Magic Serum with Vitamin C,6236,Charlotte Tilbury,55157,4.1593,954.0,1 oz / 30 mL,Size,1 oz / 30 mL,,"['Aqua/Water/Eau, Niacinamide, Glycereth-26, Triheptanoin, Glycerin, Methyl Gluceth-20, Silica, Camellia Oleifera Seed Oil, Quartz Powder, Amethyst Powder, Ruby Powder, Gold, Butyrospermum Parkii (Shea) Oil, Phenoxyethanol, Dimethyl Isosorbide, Polysorbate 20, Glyceryl Stearate, Butylene Glycol, Octyldodecyl Oleate, Benzyl Alcohol, Myrothamnus Flabellifolia Leaf Extract, Peg-100 Stearate, Octyldodecyl Stearoyl Stearate, Schisandra Chinensis (Magnolia) Fruit Extract, Carbomer, Sodium Gluconate, Sodium Hyaluronate, Chondrus Crispus (Carrageenan) Extract, Sodium Hydroxide, Saussurea Involucrata Callus Extract, Tocopheryl Acetate, Aloe Barbadensis Leaf Juice, Polyglutamic Acid, Pentylene Glycol, Sorbitol, Magnesium Aspartate, Zinc Gluconate, Rosa Canina Fruit Extract, Polyhydroxystearic Acid, Octyldodecanol, Sodium Benzoate, Propanediol, Biosaccharide Gum-4, Xanthan Gum, Parfum (Fragrance), Plumeria Alba Flower Extract, Plumeria Rubra Flower Extract, Lithothamnion Calcareum Extract, Lactic Acid, Potassium Sorbate, Caprylyl Glycol, Copper Gluconate, Hydrated Silica, 1,2-Hexanediol, Citric Acid, Solanum Tuberosum (Potato) Pulp Extract, Acetyl Tetrapeptide-11, Acetyl Tetrapeptide-9, Dehydroacetic Acid, Ascorbic Acid, Glutathione, Limonene, Geraniol, Citronellol, Linalool, Citral.']",85.0,,,0,0,0,0,0,"['Good for: Loss of firmness', 'Vitamin C', 'Good for: Pores', 'Hydrating', 'Best for Dry, Combo, Normal Skin', 'Niacinamide']",Skincare,Treatments,Face Serums,1,30.0,30.0
P477985,A-Gloei Retinol Oil,7083,Drunk Elephant,24791,4.5501,489.0,1 oz/ 30 mL,Size,1 oz/ 30 mL,,"['Sclerocarya Birrea Seed Oil, Glycine Soja (Soybean) Oil, Retinol, Tocopherol, Ceramide AP, Ceramide NP.']",72.0,,,0,0,0,0,0,"['Vegan', 'Clean at Sephora', 'Retinol', 'Good for: Anti-Aging', 'Good for: Acne/Blemishes', 'Without Silicones']",Skincare,Moisturizers,Face Oils,1,40.0,40.0
P449164,ELEVATE Firming & Lifting Neck Cream,6018,Algenist,5118,3.8889,18.0,2 oz/ 60 mL,Size,2 oz/ 60 mL,,,84.0,,,0,0,0,0,1,"['Vegan', 'Retinol', 'Hypoallergenic', 'Good for: Anti-Aging', 'Best for Dry, Combo, Normal Skin']",Skincare,Moisturizers,Decollete & Neck Creams,0,,
P443359,Skin Smoothing Cream Moisturizer,6219,Dermalogica,12290,4.6055,474.0,3.4 oz/ 100 mL,Size,3.4 oz/ 100 mL,,"['Water/Aqua/Eau, Caprylic/Capric Triglyceride, Ethylhexyl Hydroxystearate, Stearic Acid, Butylene Glycol, Glycerin, Aloe Barbadensis Extract, Dimethicone, PEG-8, Cetearyl Alcohol, Sodium Hyaluronate, Vitis Vinifera (Grape) Seed Extract Saccharide Isomerate, Cucumis Sativus (Cucumber) Fruit Extract, Arnica Montana Flower Extract, Hedera Helix (Ivy) Extract, Malva Sylvestris (Mallow) Flower Extract, Parietaria Officinalis Extract, Sambucus Nigra Flower Extract, Ascorbyl Palmitate, Trehalose, Algin, Hydrolyzed Sodium Hyaluronate, Serine, Linoleic Acid, Phospholipids, Phytosterols, Cananga Odorata Flower Oil, Urea, Hydrogenated Lecithin, Pullulan, Caprylhydroxamic Acid, Citrus Aurantium Amara (Bitter Orange) Flower Extract, Tocopheryl Acetate, Tetrasodium Glutamate Diacetate, HexanediolPentylene Glycol, Glyceryl Polyacrylate, Sodium Citrate, Disodium Phosphate, Palmitoyl Hydroxypropyltrimonium, Amylopectin/Glycerin Crosspolymer, Caprylyl Glycol, Potassium Phosphate, Citric Acid, Tocopherol, Methylpropanediol, Polysorbate 60, Panthenol, Polyquaternium-10, Cetyl Alcohol, PEG-100 Stearate, Glyceryl Stearate, Aminomethyl, Propanol, Carbomer, Ethylhexylglycerin, Sodium Hydroxide, Hydroxystearic Acid, BHT, Benzyl Benzoate, Benzyl Salicylate, Linalool, Sodium Benzoate, Phenoxyethanol.']",74.0,,,0,0,0,0,0,"['Vegan', 'Hyaluronic Acid', 'Good for: Dark Circles', 'Good for: Dryness', 'Without Sulfates SLS & SLES', 'Cruelty-Free']",Skincare,Moisturizers,Moisturizers,1,47.0,47.0
P501566,Super Restorative Anti-Aging Day Moisturizer,2082,Clarins,566,4.6667,3.0,1.7 oz / 50 mL,Size,1.7 oz / 50 mL,,"['Aqua/Water/Eau, Cetearyl Isononanoate, Dicaprylyl Carbonate, Glycerin, Cetearyl Alcohol, Propanediol, Ascorbyl Glucoside, Butyrospermum Parkii (Shea) Butter, Hydrogenated Coco-Glycerides, Dimethicone, Glyceryl Stearate, PEG-100 Stearate, Cetearyl Glucoside, Butylene Glycol, Carbomer, Glyceryl Caprylate, Sodium Hydroxide, Parfum/Fragrance, Xylitylglucoside, Hydroxyacetophenone, Sodium Citrate, Anhydroxylitol, Xanthan Gum, Tocopheryl Acetate, Caprylic/Capric Triglyceride, Xylitol, Disodium EDTA, Alcohol, Sodium Lactate, Glucose, Citric Acid, Harungana Madagascariensis Extract, Marrubium Vulgare Extract, Coco-Glucoside, Balanites Roxburghii Seed Oil, Phenethyl Alcohol, Furcellaria Lumbricalis Extract, Pancratium Maritimum Extract, Pyrus Sorbus Bud Extract, Ulex Europaeus Leaf/Root/Stem Extract, Palmitoyl Tripeptide-1, Lapsana Communis Flower/Leaf/Stem Extract, Maris Sal/Sea Salt/Sel Marin, CI 14700/Red 4, Palmitoyl Tetrapeptide-7.']",132.0,,,0,0,1,0,0,"['Good for: Dullness/Uneven Texture', 'Good for: Loss of firmness', 'Hydrating', 'Good for: Anti-Aging', 'Good for: Dryness']",Skincare,Moisturizers,Moisturizers,0,,
P474329,Face Glaze Skin Barrier Protect & Glow Moisturizer,6357,iNNBEAUTY PROJECT,18465,4.6237,194.0,.8 oz/ 25 mL,Size,.8 oz/ 25 mL,,"['Water/Aqua/Eau, Glycerin, Caprylic/Capric Triglyceride, Squalane, Glycereth-26, Dipropylene Glycol, Betaine, Triisostearin, Dipentaerythrityl Hexa C5-9 Acid Esters, 1,2-Hexanediol, Ceramide NP, Citrullus Lanatus (Watermelon) Fruit Extract, Terminalia Ferdinandiana (Kakadu Plum) Fruit Extract, Sodium Hyaluronate, Curcuma Longa (Turmeric) Root Extract, Silica, Boerhavia Diffusa Root Extract, Pinus Pinaster (Pine) Bark Extract, Vanilla Planifolia Fruit Extract, Propanediol, Phytosphingosine, Eicosapentaenoic Acid, Sorbitan Oleate, Caprylyl/Capryl Glucoside, Phospholipids, Cetearyl Olivate, Sorbitan Olivate, Xanthan Gum, Carbomer, Sorbitol, Phosphatidylcholine, Docosahexaenoic Acid, Hydrogenated Polydecene, Cetearyl Alcohol, Synthetic Fluorphlogopite, Sodium Acrylate/Sodium Acryloyldimethyl Taurate Copolymer, Butylene Glycol, Tetrasodium Glutamate Diacetate, Cholesterol, C14-22 Alcohols, Polyisobutene, Tocopherol Acetate, Sodium Stearoyl Glutamate, Alumina, C12-20 Alkyl Glucoside, Triethylhexanoin, Mica, Tin Oxide, Titanium Dioxide (CI 77891), Iron Oxides (CI 77491), Ethylhexylglycerin.']",25.0,,,0,0,0,0,1,"['Vegan', 'Hyaluronic Acid', 'Good for: Dullness/Uneven Texture', 'Good for: Loss of firmness', 'Vitamin C', 'Hydrating']",Skincare,Moisturizers,Moisturizers,0,,
P431416,The Replenishing Oil Exfoliator,6201,La Mer,8653,4.6596,47.0,3.4 oz/ 100 mL,Size,3.4 oz/ 100 mL,,"['Caprylic/Capric Triglyceride, Fructose, Peg-7 Glyceryl Cocoate, Stearalkonium Hectorite, Limnanthes Alba (Meadowfoam) Seed Oil, Propylene Glycol Dicaprylate/Dicaprate, Euphorbia Cerifera (Candelilla) Wax\\Candelilla Cera\\Cire De Candelilla, Jojoba Esters, Propylene Carbonate, Mangifera Indica (Mango) Seed Butter, Theobroma Grandiflorum Seed Butter, Tocopherol, Algae (Seaweed) Extract, Sesamum Indicum (Sesame) Seed Oil, Medicago Sativa (Alfalfa) Seed Powder, Helianthus Annuus (Sunflower) Seedcake, Prunus Amygdalus Dulcis (Sweet Almond) Seed Meal, Eucalyptus Globulus (Eucalyptus) Leaf Oil, Sodium Gluconate, Copper Gluconate, Calcium Gluconate, Magnesium Gluconate, Zinc Gluconate, Tocopheryl Succinate, Niacin, Sesamum Indicum (Sesame) Seed Powder, Water\\Aqua\\Eau, Honey\\Mel\\Miel, Diamond Powder, Camelina Sativa Seed Oil, Macrocystis Pyrifera (Kelp) Extract, Spirulina Platensis (Algae) Powder, Glycerin, Mineral Oil\\Paraffinum Liquidum\\Huile Minerale, Sea Salt\\Maris Sal\\Sel Marin, Salicornia Herbacea Extract, Hydrogenated Vegetable Oil, Molasses Extract\\Saccharum Officinarum\\Extrait De Melasse, Olea Europaea (Olive) Fruit Oil, Hippophae Rhamnoides Oil, Beta-Carotene, Acetyl Glucosamine, Yeast Extract\\Faex\\Extrait De Levure, Vegetable Oil\\Olus\\Huile Vegetale, Tetrahexyldecyl Ascorbate, Butylene Glycol, Silica, Fragrance (Parfum), Bht, Benzyl Benzoate, Linalool, Limonene, Phenoxyethanol.']",135.0,,,0,0,0,0,0,,Skincare,Cleansers,Exfoliators,0,,
P126301,Take The Day Off Cleansing Balm Makeup Remover,1254,CLINIQUE,185324,4.5294,4375.0,3.8 oz/ 125 mL,Size,3.8 oz/ 125 mL,,"['Ethylhexyl Palmitate, Carthamus Tinctorius (Safflower) Seed Oil, Caprylic/Capric Triglyceride, Sorbeth-30 Tetraoleate, Polyethylene, Peg-5 Glyceryl Triisostearate, Water, Tocopherol, Phenoxyethanol.']",38.0,,,0,0,0,0,0,"['Vegan', 'Community Favorite', 'Fragrance Free', 'allure 2021: Clean Beauty Winner', 'Best for Dry, Combo, Normal Skin', 'Without Sulfates SLS & SLES']",Skincare,Cleansers,Face Wash & Cleansers,2,51.0,14.0
P440482,"Facial Spray with Aloe, Herbs and Rosewater",8017,Mario Badescu,42146,3.7567,300.0,4 oz/ 118 mL,Size,4 oz/ 118 mL,,"['Water, Propylene Glycol, Aloe Barbadensis Leaf Juice, Rosa Canina Extract, Thymus Vulgaris (Thyme) Leaf Extract, Fucus Vesiculosus Extract, Gardenia Florida Fruit Extract, Caprylyl Glycol, Hexylene Glycol, Polysorbate 20, Fragrance, Phenoxyethanol, Sodium Chloride, Citronellol, Geraniol, CI 17200 (Red 33), CI 42090 (Blue 1).']",7.0,,,0,0,0,0,0,"['Vegan', 'Oil Free', 'Without Sulfates SLS & SLES']",Skincare,Moisturizers,Mists & Essences,1,5.0,5.0
P449541,Pure Vitality Skin Renewing Cream,6218,Kiehl's Since 1851,5068,4.3301,206.0,1.7 oz/ 50 mL,Size,1.7 oz/ 50 mL,,"['Aqua / Water, Glycerin, Propanediol, Dicaprylyl Ether, Glyceryl Stearate, Lauroyl Lysine, Butyrospermum Parkii Butter / Shea Butter, Undecane, Cetearyl Alcohol, Arginine, Hydrogenated Lecithin, Tridecane, Mel Extract / Honey Extract, Mica, Panax Ginseng Root Extract, Cera Alba / Beeswax, Capryloyl Glycine, Tocopherol, Citric Acid, Sclerotium Gum, Xanthan Gum, Salicylic Acid, Potassium Sorbate, Cedrus Atlantica Bark Oil, Leuconostoc/Radish Root Ferment Filtrate, Glycine Soja Oil / Soybean Oil, Adenosine, Caramel, Cananga Odorata Flower Oil, Vanilla Planifolia Fruit Extract, Bulnesia Sarmientoi Wood Oil, Citrus Aurantium Dulcis Peel Oil / Orange Peel Oil, Pelargonium Graveolens Flower Oil, Limonene, Benzyl Benzoate, Farnesol, Helianthus Annuus Seed Oil / Sunflower Seed Oil.']",75.0,,45.0,0,0,0,0,0,"['Good for: Dullness/Uneven Texture', 'Clean at Sephora', 'Good for: Anti-Aging', 'Good for: Dryness']",Skincare,Moisturizers,Moisturizers,0,,
P481972,La Mousse OFF/ON Foaming Face Cleanser,1073,Dior,9400,4.4232,560.0,5 oz / 150 mL,Size,5 oz / 150 mL,,"['Aqua (Water), Glycerin, Lauric Acid, Stearic Acid, Sodium Methyl Cocoyl Taurate, Maltooligosyl Glucoside, Palmitic Acid, Sodium Hydroxide, Hydrogenated Starch Hydrolysate, Centaurea Cyanus Flower Water, Parfum (Fragrance), Glyceryl Stearate, Peg-100 Stearate, Pentaerythrityl Tetrabehenate, Nymphaea Alba Root Extract, Dipotassium Glycyrrhizate, Coco-Betaine, Potassium Hydroxide, Chlorphenesin, Sodium Cocoyl Isethionate, Sodium Benzoate, Potassium Sorbate, Tocopherol, Citric Acid, Caprylyl Glycol, Polyquaternium-22.']",50.0,,,0,0,0,0,0,"['Cream Formula', 'Without Sulfates SLS & SLES', 'Without Parabens', 'Alcohol Free', 'Hydrating']",Skincare,Cleansers,Face Wash & Cleansers,0,,
P471547,Mini Beste No. 9 Jelly Cleanser,7083,Drunk Elephant,16632,4.1429,35.0,2 oz/ 60 mL,Size,2 oz/ 60 mL,,"['Water, Glycerin, Cocamidopropyl Betaine, Coco-Glucoside, Sodium Lauroyl Methyl Isethionate, Cocamidopropyl Hydroxysultaine, Sodium Methyl Oleoyl Taurate, Propanediol, Aloe Barbadensis Leaf Extract, Glycolipids, Linoleic Acid, Linolenic Acid, Lauryl Glucoside, Cucumis Melo Cantalupensis Fruit Extract, Sclerocarya Birrea Seed Oil, Dipotassium Glycyrrhizate, Tocopherol, Citric Acid, Phenoxyethanol, Sodium Hydroxide, Sodium Benzoate, Sodium Chloride, Polylysine.']",16.0,,,0,0,0,0,0,"['Vegan', 'Community Favorite', 'Clean at Sephora', 'Fragrance Free', 'Without Sulfates SLS & SLES']",Skincare,Mini Size,,0,,
P457442,Face Serum,3902,SEPHORA COLLECTION,41657,3.3235,238.0,1.0 oz/ 30 mL,Type,,,"['Aqua (Water), Propanediol, Pentylene Glycol, Glycerin, Coco-Caprylate/Caprate, Methylpropanediol, 1,2-Hexanediol, Glyceryl Oleate Citrate, Marrubium Vulgare Extract, Acrylates/C10-30 Alkyl Acrylate Crosspolymer, Parfum (Fragrance), Potassium Sorbate, Citric Acid, Pullulan, Carbomer, Polyacrylate Crosspolymer-6, Sodium Stearoyl Glutamate, Sorbitol, Inonotus Obliquus (Mushroom) Extract, Sodium Benzoate, Sodium Hydroxide, Alcohol, Tris (Tetramethylhydroxypiperidinol) Citrate, Acacia Senegal Gum, Trehalose, CI 19140 (Yellow 5), CI 16035 (Red 40).']",9.0,,5.0,0,0,0,0,1,"['Vegan', 'Clean at Sephora']",Skincare,Treatments,Face Serums,1,9.0,5.0
P479362,Triple Peptide Hydrating + Firming Oasis Serum with Hyaluronic Acid,6169,Youth To The People,55041,4.5142,459.0,1 oz/ 30 mL,Size,1 oz/ 30 mL,,"['Water/Aqua/Eau, Butylene Glycol, Glycerin, Pentylene Glycol, Opuntia Ficus-Indica Stem (Prickly Pear Cactus) Extract, Palmitoyl Tripeptide-1, Palmitoyl Tetrapeptide-7, Palmitoyl Tripeptide-28, Sodium Hyaluronate, Hydrolyzed Sodium Hyaluronate, Sodium Hyaluronate Crosspolymer, Sodium Acetylated Hyaluronate, Synthetic Sapphire, Citrullus Lanatus (Watermelon) Fruit Extract, Lens Esculenta (Lentil) Fruit Extract, Pyrus Malus (Apple) Fruit Extract, Nephelium Lappaceum Peel (Rambutan) Extract, Sodium Pca, Glutathione, Malachite Extract, Citric Acid, Hydroxypropyl Methylcellulose, Tetrasodium Glutamate Diacetate, Polyglutamic Acid, 1,2-Hexandiol, Caprylyl Glycol, Sodium Lactate, Carbomer, Propanediol, Polysorbate 20, Hydroxyethylcellulose, Xanthan Gum, Phenoxyethanol, Ethylhexylglycerin, Sodium Benzoate, Potassium Sorbate, Disodium Phosphate, Polysorbate 60, Benzyl Alcohol, Sodium Hydroxide, Glyceryl Caprylate, Sodium Formate, Sodium Glycolate, Sodium Phosphate, Benzoic Acid.']",54.0,,,0,0,0,0,0,"['Hyaluronic Acid', 'Plumping', 'Hydrating', 'Fragrance Free', 'Good for: Dryness', 'Best for Dry, Combo, Normal Skin']",Skincare,Treatments,Face Serums,0,,
P435209,Radiance Resurfacing Foam,4372,Dr. Brandt Skincare,1903,4.4478,297.0,1.7 oz/ 50 g,Size,1.7 oz/ 50 g,,"['Water, Hydrogenated Polyisobutene, Methyl Nonafluorobutyl Ether, Methyl Nonfluoroisobutyl Ether, Glycerin, Caprylic/Capric Triglyceride, Methylpropanediol, Butylene Glycol Dicaprylate/Dicaprate, 1,2-Hexanediol, Saccharomyces Ferment Filtrate, Saccharide Isomarate, Glyceryl Stearate, Peg-100 Stearate, Cetearyl Alcohol, Stearic Acid, Betaine, Hydroxyacetophenone, Butylene Glycol, Dipropylne Glycol, Sodium Stearoyl Glutamate, Maltodextrin, Saccharide Hydrolyase, Sodium Polyacrylate, Carbomer, Ethylhexyl Stearate, Tromethamine, Sodium Palmitoyl Proline, Algae Extract, Eclipta Prostrata Leaf Extract, Ammonium Acryloyldimethyltaurate/Vp Copolymer, C12-14 Pareth-12, Nymphaea Alba Flower Extract, Disodium Edta, Glyceryl Acrylate/Acrylic Acid Copolymer, Lavendula Augustifolia (Lavender) Oil, Vaccinium Myrtillus Fruit/Leaf Extract, Fructooligosaccharides, Trideceth-6, Saccharum Officianrum (Sugarcane) Extract, Amaranthus Caudatus Seed Extract, Beta-Glucan, Lecithin, Sodium Hyaluronate, Ulmus Davidiana Root Extract, Dimethicone, Squalane, Alcohol Denat., Citrus Aurantium Dulcis (Orange) Fruit Extract, Citrus Limon (Lemon) Fruit Extract, Polysorbate 20, Argania Spinosa Kernel Oil, Hydrogenated Lecithin, Isononyl Isononanoate, Polyglyceryl-10 Stearate, Hydrolyzed Hyaluronic Acid, Acer Saccharum (Sugar Maple) Extract, Anemarrhena Asphodeloides Root Extract, Butyrospermum Parkii (Shea) Butter, Polyglyceryl-2 Dipolyhydroxystearate, Anthemis Nobilis Flower Oil, Inulin Lauryl Carbamate, Palmitoyl Pentapeptide-4, Disodium Stearoyl Glutamate.']",72.0,,,0,0,0,0,0,,Skincare,Treatments,Facial Peels,0,,
P446908,Advanced Night Repair Treatment Intense Reset Concentrate,6089,Estée Lauder,11042,4.4595,37.0,0.7 oz/ 20.7 mL,Size,0.7 oz/ 20.7 mL,,"['Water\\Aqua\\Eau, Dimethicone, Glycerin, Methyl Trimethicone, Bis-Peg-18 Methyl Ether Dimethyl Silane, Butylene Glycol, Isopropyl Isostearate, Ppg-15 Stearyl Ether, Peg-10 Dimethicone, Yeast Extract\\Faex\\Extrait De Levure, Tripeptide-32, Sodium Hyaluronate Crosspolymer, Sodium Hyaluronate, Hydrolyzed Sodium Hyaluronate, Hydrolyzed Algin, Lactobacillus Ferment, Adansonia Digitata Seed Extract, Soy Amino Acids, Aminopropyl Ascorbyl Phosphate, Resveratrol, Algae Extract, Salicylic Acid, Ergothioneine, Tocopheryl Acetate, Whey Protein\\Lactis Protein\\Proteine Du Petit-Lait, Avena Sativa (Oat) Kernel Extract, Citrullus Vulgaris (Watermelon) Fruit Extract, Laminaria Digitata Extract, Lens Esculenta (Lentil) Fruit Extract, Pyrus Malus (Apple) Fruit Extract, Caffeine, Sodium Pca, Propylene Glycol Caprylate, Triticum Vulgare (Wheat) Germ Extract, Lavandula Angustifolia (Lavender) Oil, Hordeum Vulgare (Barley) Extract\\Extrait D’orge, Anthemis Nobilis (Chamomile) Flower Extract, Isohexadecane, Polysilicone-11, Methyldihydrojasmonate, Sodium Lactate, Disteardimonium Hectorite, Isododecane, Polyacrylate Crosspolymer-6, Squalane, Polyethylene, Propylene Carbonate, Pentylene Glycol, Disodium Edta, Bht, Potassium Sorbate, Sodium Benzoate, Phenoxyethanol, Linalool, Red 4 (Ci 14700), Yellow 5 (Ci 19140) <ILN46063>.']",92.0,,,0,0,0,0,0,"['Good for: Redness', 'Good for: Dullness/Uneven Texture', 'Hyaluronic Acid', 'Good for: Dryness', 'Best for Dry, Combo, Normal Skin']",Skincare,Treatments,Face Serums,0,,
P461177,Mini Turmeric BHA Pore & Brightening Treatment Mask,6207,KORA Organics,12716,4.1626,492.0,1.0 oz/ 30 mL,Size,1.0 oz/ 30 mL,,"['Aloe Barbadensis Leaf Juice, Rosa Canina (Rose Hip) Seed Powder, Maranta Arundinacea (Arrowroot) Root Powder, Lactobacillus Ferment, Bambusa Arundinacea Stem Powder, Glycerin, Cetearyl Alcohol, Benzyl Alcohol, Rosa Canina (Rose Hip) Fruit Oil, Carica Papaya (Papaya) Fruit Extract, Helianthus Annuus (Sunflower) Seed Wax, Populus Tremuloides Bark Extract, Lactobacillus, Morinda Citrifolia (Noni) Fruit Powder, Camellia Sinensis Leaf Powder, Sclerotium Gum, Curcuma Longa (Turmeric) Root Powder, Sodium Stearoyl Glutamate, Cetearyl Glucoside, Juniperus Virginiana (Cedarwood) Oil, Cananga Odorata Flower Oil, Lavandula Angustifolia (Lavender) Oil, Citrus Limon (Lemon) Peel Oil, Mentha Piperita (Peppermint) Oil, Cocos Nucifera (Coconut) Fruit Extract, Salicylic Acid, Water, Sodium Phytate, Tocopherol, Helianthus Annuus (Sunflower) Seed Oil, Potassium Sorbate, Ascorbyl Palmitate, Glucose, Alcohol, Quartz, Sorbic Acid, Limonene']",18.0,,,0,0,1,0,1,"['Vegan', 'Good for: Dullness/Uneven Texture', 'Good for: Pores', 'Clean + Planet Positive', 'Salicylic Acid']",Skincare,Mini Size,,0,,
P429676,Hydra Life Cooling Hydration Sorbet Eye Gel,1073,Dior,6630,3.3226,31.0,0.5 oz/ 15 mL,Size,0.5 oz/ 15 mL,,"['Aqua (Water), Glycerin, Centaurea Cyanus Flower Water, Butylene Glycol, Propanediol, Diglycerin, Polyglycerin-3, Boron Nitride, Alcohol, Albizia Julibrissin Bark Extract, Phenoxyethanol, Synthetic Fluorphlogopite, Carbomer, Acrylates/c10-30 Alkyl Acrylate Crosspolymer, Ci 77891 (Titanium Dioxide), Dipotassium Glycyrrhizate, Menthoxypropanediol, Sodium Hydroxide, Silica, Crambe Abyssinica Seed Oil, Parfum (Fragrance), Malva Sylvestris (Mallow) Extract, Tin Oxide, Haberlea Rhodopensis Leaf Extract, Benzyl Alcohol, Sodium Benzoate, Siegesbeckia Orientalis Extract, Paeonia Suffruticosa Root Extract, Dehydroacetic Acid, Bht, Ci 42090 (Blue 1), Tocopherol.']",60.0,,,0,0,0,0,0,,Skincare,Eye Care,Eye Creams & Treatments,0,,
P419633,ESPADA Blue Light Acne Treatment,7037,FOREO,17954,3.8873,142.0,,Color,Pink,,,159.0,,,0,0,0,0,1,"['Good for: Acne/Blemishes', 'Best for Oily, Combo, Normal Skin']",Skincare,Treatments,Blemish & Acne Treatments,1,159.0,159.0
P480346,SuperFruit Gentle Brightening Cleanser,7100,ROSE Ingleton MD,2610,4.7143,14.0,6 oz / 180 mL,Size,6 oz / 180 mL,,"['Water/Aqua/Eau, Sodium Lauroyl Methyl Isethionate, Cocamidopropyl Betaine, Sodium Methyl Oleoyl Taurate, Sodium Cocoyl Isethionate, Propanediol, Aloe Barbadensis Leaf Juice Powder, Sodium Hyaluronate, Vaccinium Myrtillus Fruit Extract, Saccharum Officinarum (Sugar Cane) Extract, Citrus Aurantium Dulcis (Orange Fruit Extract), Citrus Limon (Lemon) Fruit Extract, Acer Saccharum (Sugar Maple) Extract, Panthenol, Maltodextrin, Phenoxyethanol, Tocopherol, Polyquaternium-10, Sodium Chloride, Ethylhexylglycerin, Trisodium Ethylenediamine Disuccinate.']",38.0,,,0,0,1,0,0,"['Vegan', 'Good for: Dullness/Uneven Texture', 'Hyaluronic Acid', 'Fragrance Free', 'Best for Oily, Combo, Normal Skin', 'Without Sulfates SLS & SLES']",Skincare,Cleansers,Face Wash & Cleansers,1,14.0,14.0
P500102,Hydro Ungrip Makeup Removing Cleansing Balm,6134,MILK MAKEUP,17719,4.6829,164.0,3.2 oz / 94 mL,Size,3.2 oz / 94 mL,,"['Glycine Soja (Soybean) Oil, Helianthus Annuus (Sunflower) Seed Oil, Lauryl Laurate, Polyglyceryl-10 Dioleate, Polyglyceryl-2 Sesquicaprylate, Synthetic Wax, Ricinus Communis (Castor) Seed Oil, Stearyl Behenate, Cannabis Sativa (Hemp) Seed Extract, Carthamus Tinctorius (Safflower) Seed Oil, Aloe Barbadensis Extract, Hydrogenated Castor Oil, Agave Tequilana Leaf Extract, Prunus Avium (Sweet Cherry) Flower Extract, Tocopherol, Silica, Octyldodecanol, Sorbitan Oleate, 1,2-Hexanediol, Sodium Hyaluronate, Caprylyl Glycol, Fragrance (Parfum), Citral, Titanium Dioxide (Ci 77891).']",36.0,,,0,0,0,0,1,"['Vegan', 'Hyaluronic Acid', 'Clean at Sephora', 'Hydrating', 'Good for: Dryness', 'Cruelty-Free']",Skincare,Cleansers,Makeup Removers,0,,
