author_id,rating,is_recommended,helpfulness,total_feedback_count,total_neg_feedback_count,total_pos_feedback_count,submission_time,review_text,review_title,skin_tone,eye_color,skin_type,hair_color,product_id,product_name,brand_name,price_usd
2224871997,5,1.0,0.4117650091648102,17,10,7,2020-03-30,"Close your eyes and image the perfect face mask. An at-home spa treatment, with a smooth cream-like texture, the perfect face mask is at once rich yet gentle, and kind to sensitive skin. It soothes and hydrates tired skin, its anti-inflammatory qualities helping to clear blemishes (see you never pesky pimple!). Just having it on your face feels amazing, as the perfect face masks calms the skin, giving it a slight tingle and cooling sensation. And after a blissful 10-15 minutes, your skin will feel silky-soft and fresh, with a revived and gorgeous glow. A little goes a long way with the perfect face mask, and you know the quality of this molecular magic is paramount. Now, open your eyes and go buy Dr. Barbara Sturm’s face mask.",Holy Grail,light,brown,normal,brown,P448711,Face Mask,Dr. Barbara Sturm,125.0
5309336180,4,0.0,,0,0,0,2023-03-14,"This was an interesting product. It’s called a serum, but to me, serums are typically more liquidy and runnier. This felt like a light moisturizer texture. It also had a clay like smell/consistency (kinda like the Josie Maran pro-retinol moisturizing cream in the pink jar that recently came out). I mean, I liked it, but not sure why it’s $200.",,fair,blue,combination,blonde,P505047,High Performance Face Serum with Vitamin C and Hyaluronic Acid,MACRENE actives,195.0
7398995750,2,0.0,0.2000000029802322,5,4,1,2021-07-08,Big disappointment. Very weird texture - it’s like a foam. Not a fan at all.,,lightMedium,hazel,normal,brown,P404232,DermalQuench +Retinol Advanced Resurfacing Treatment,Kate Somerville,110.0
8156359497,4,1.0,0.8333330154418945,6,1,5,2020-07-22,"This is more of a leave on gel that you massage and then wash off. I really enjoyed the grapefruit scent and the exfoliating pieces in the mask. I think a little goes a long way and that I could get more than 5 uses out of it, so it’s definitely worth the price!",Not a “peeling” mask,light,brown,combination,brown,P446820,Grapefruit Peeling Mask - Skin Perfection,SEPHORA COLLECTION,8.0
2139382284,2,0.0,0.0,19,19,0,2021-08-18,This doesn’t lather or foam up at all. I’m so confused. Due to the fact that it doesn’t foam up I feel like it’s not doing anything for my skin. Its hardly even cleaning it.,Doesn’t lather?,fairLight,,combination,,P448710,pores no more Pore Purifying Cleanser,Dr. Brandt Skincare,38.0
1321688434,5,1.0,0.9090909957885742,11,1,10,2021-03-12,Paula’s Choice did it again.  They really know how to make a perfectly formulated product.  It’s moisturizing but not at all greasy so it goes on perfectly under your sunscreen and makeup.  This product is really a delight to use.  I don’t have especially dry skin so I can’t speak to it from that perspective.  It moisturizes well for my normal skin.,Awesome under makeup,light,blue,combination,brown,P469526,Water-Infusing Electrolyte Moisturizer,Paula's Choice,37.0
1964091568,5,1.0,0.764706015586853,17,4,13,2018-06-08,"I got this as a sample.  I put it on my face of course,  and it made my skin so soft. But as an experiment yesterday,  i put it on my left hand and forearm in the morning.  I went for a run, took a shower, and went to bed.  This morning,  after all that,  I can notice a difference in my left hand and forearm compared to my right, even after 1 application and a run, shower, and slept all night.  So it definitely works, but is on the expensive side.",It most definitely works,medium,brown,normal,brown,P427731,Capture Youth Glow Booster Age-Delay Illuminating Serum,Dior,110.0
34438611511,5,1.0,1.0,1,0,1,2022-07-05,"this cleanser is great for sensitive skin, the clay texture is so fine that you can feel your skin getting more even without any harsh scraping effect like scrubs have. I used it as a cleanser with Murad Acne kit when I got a huge acne problem after wearing a mask for 2 years. will buy again!",great for sensitive skin,fair,green,combination,auburn,P470049,Clearcalm Clarifying Clay Cleanser,REN Clean Skincare,38.0
1330690133,3,0.0,0.5,6,3,3,2022-09-05,I found the smell to be a little overpowering.  I much prefer the Caudalie mist.,,mediumTan,hazel,normal,black,P481401,Hydrating Jasmine Mist - Royal Refresh,RANAVAT,45.0
5391054936,3,0.0,0.5,2,1,1,2022-05-01,"wasn’t for me, couldn’t get past the awful smell of it.  returned it.",nothing good about the smell,fair,green,dry,red,P480278,Rapid Radiance Set,Biossance,35.0
1309946987,5,1.0,,0,0,0,2023-03-13,"This is my first time trying Macrene Actives and I’m already hooked. Usually, “more expensive” is not always better (as I’ve found out through trial and error in the past) but this has all the right ingredients (vitamin C, vitamin E, niacinimide, pomegranate extract, etc) and has my skin feeling great. My skin is super sensitive, acne prone and combination (dry and oily) so this is a big deal. Gifted by Macrene Actives",YES.,,brown,combination,,P505047,High Performance Face Serum with Vitamin C and Hyaluronic Acid,MACRENE actives,195.0
1310946044,5,1.0,1.0,11,0,11,2021-10-23,This is truly a product that WORKS. Worth every cent.,The BOMB,mediumTan,brown,dry,brown,P457002,SuperBeauty Daily Antioxidant SkinSupplement,Moon Juice,60.0
2466211627,4,1.0,1.0,3,0,3,2022-07-12,"Had gotten this as a sample originally and loved being able to carry around the little tube to add hydration to my eyes throughout the day.  It works well under makeup and also “dabbed” on over throughout the day to smooth fine lines.  I don’t use this eye cream for long term treatment issues, but it  feels so soothing and “cloud like” when I put it on, that I bought the full size anyway.  Not sure if I would buy it again because of the price, but I just bought other Peter Thomas Roth products that came with another free sample of this so I can carry the little tube around in my purse again.",Soothing eye cream,light,blue,combination,brown,P457519,Water Drench Hyaluronic Cloud Hydrating Eye Gel,Peter Thomas Roth,43.0
5606958776,5,1.0,0.8235290050506592,17,3,14,2020-02-21,Love this! Makes my skin so soft and doesn’t smell strong or bother my allergies like other lotions. Perfect natural glow!,,lightMedium,blue,normal,brown,P441645,Sunless Tan Firming Lotion,COOLA,46.0
2479238144,5,1.0,0.6000000238418579,5,2,3,2018-02-12,Should be a part of every Boujie Girl Starter Pack if you have dry skin.... it’s expensive - but like I said - if you are boujie - you need to own this.,,lightMedium,blue,dry,blonde,P399622,Luminous Deep Hydration Lifting Mask,Tatcha,95.0
28293110569,3,1.0,0.75,4,1,3,2022-04-22,"let’s be honest - this face wash isn’t going to change your life, clear your skin, etc. however, it is a cute bottle, nice consistency, reasonable price, and smells good. it hasn’t dried my skin out, does the job of cleaning my face, and is an overall nice experience.i would recommend this product, not because i’ve had amazing results from it (my skin looks the same), but just because it’s nice to use and everyone deserves to enjoy their skincare routine.",pleasant product,light,green,combination,brown,P482007,Dewy Glow Jam Cleanser with Jeju Cherry Blossom,innisfree,13.0
29871808218,5,1.0,1.0,1,0,1,2023-03-07,I’ve really enjoyed using this! I love how nice my face looks and feels afterwards as well. It makes my skin feel really soft. I would absolutely recommend this product to everyone! I definitely think I’ll purchase another.,,fair,brown,combination,,P482312,Facial Razor Set,SEPHORA COLLECTION,12.0
11601804432,4,1.0,,0,0,0,2023-02-09,Love this product does its job. My go to cleanser right now,Great cleanser,,,,,P471547,Mini Beste No. 9 Jelly Cleanser,Drunk Elephant,16.0
11469394936,2,0.0,,0,0,0,2019-06-29,"Well it smells good when you put it on your legs but the next day when it dries, it smells like sweaty dog. When I went to school my friends were like ew what’s that smell? And also it might just be because my skin is sensitive but I started to get a lot of numbers on my legs like ALOT of red ones and it itches a lot too. But the color at least looked good",meh,lightMedium,brown,combination,brown,P441645,Sunless Tan Firming Lotion,COOLA,46.0
6909827385,1,0.0,1.0,13,0,13,2021-04-16,"It’s nice going on and semi matte, but it also peels. I thought I had something on my face and tried to rub it off and more sunscreen peeled off. Will be returning, I really wanted to like it cuz I’ve been needing a matte sunscreen",,mediumTan,brown,normal,black,P471064,Max Matte Shine Control Sunscreen Broad Spectrum SPF 45,Peter Thomas Roth,38.0
6817423185,3,0.0,,0,0,0,2023-02-20,"I’ve slowly been trying most of the products in this line. While I love the cleansers and moisturizers, this one not so much. First, the price for the size is not a good value for a sunscreen. Second, the biggest downfall for me is the thick sticky consistency. The first time I used it, I let it set for 15 min, but had an appt so I had to pat it down with an oil blotting sheet and put a mattifying primer prior to my powder foundation. That did the trick. No oily breakthrough. The second day, I decided to let it set on its own since I didn’t need to wear makeup. Two hours later it absorbed a little more, but it’s still sticky. Unfortunately this one doesn’t work for me. This might work for a much drier skin type. Hopefully C66 can come out with another alternative.",Wanted to love,,brown,combination,,P500106,Everyday Mineral Moisturizer SPF 30 Sunscreen,Community Sixty-Six,30.0
25752283984,5,1.0,1.0,1,0,1,2020-04-08,"I use this everyday, all day. It has been my faborite facial spray for years! Its great for before or to set makeup and I also use it so my foundation doesn’t crease of get cakey. Its great for no makeup days, when skimn feels a bit dull, or even right before bed. It feels so nice and refreshing and smells amazing! I cannot say enough good thing about it. Ive gone through 5 bottles of it and I even have minis so I can take it with me if I need to.",This is the love of my life,lightMedium,brown,combination,black,P440483,"Facial Spray with Aloe, Cucumber and Green Tea",Mario Badescu,7.0
2516537046,5,,0.800000011920929,5,1,4,2016-01-31,"I first got this in a sample and have been using it for 2 weeks. I didn’t use it everyday though cause I saw Kate’s video said that if you’re in your 30s then you should apply it 3x in a week so that’s what I did. Plus, I think it would save my money consider the price and the product is not as much as I think it should be.I am not done with my sample yet but I know that I need to have this so I went to my local Sephora and bought the last bottle!Now I do realize that my skin is very smooth, my pores are less visible that before and less breakout!I top this with Bare Minerals serum and Kate’s moisturizer! My skin loves it!",Can't live without it!,,,,,P404232,DermalQuench +Retinol Advanced Resurfacing Treatment,Kate Somerville,110.0
33598445311,5,1.0,1.0,2,0,2,2022-04-11,"I love this roller gloss, it’s not too greasy and very cute to carry around.",Loved it!,medium,brown,normal,brown,P449102,Crystal Ball Roller Gloss,INC.redible,12.0
5024733923,5,1.0,1.0,13,0,13,2021-02-03,"I actually love this stuff because the salicylic acid content seems to be high enough to dry pimples and keep pimple-prone areas free of acne without over-drying. (I do wish they listed what the percentage of salicylic acid is.)  ...Anyway, I’ve been using this for quite awhile, and the key to making it work is to NOT shake it up and to thoroughly and deeply dip your swab down into the powder, really getting the swab fully covered thickly in the salicylic powder, and then dab it on your zits, and even lightly dab on acne-prone areas. This has helped me immensely to both get rid of pimples and to keep acne-prone areas pimple-free. You really need to get a lot of that white salicylic powder on your swab so that you can put a thick-ish layer of it on pimples, otherwise it will be too diluted to work optimally.",Works fantastically if applied properly,lightMedium,brown,oily,brown,P457439,Clarifying Lotion,SEPHORA COLLECTION,16.0
6243784423,5,1.0,0.8333330154418945,6,1,5,2021-03-01,Received this in my Fab Fit Fun box and I am hooked. I have sensitive acne prone skin and this has truly become apart of my night time skin routine. It has evened out my skin tone and shrunk my pores. My mother is also obsessed (she is 56) and it has also helped her skin a lot. I really recommend giving this a try!,Great face wash!,light,green,combination,blonde,P448710,pores no more Pore Purifying Cleanser,Dr. Brandt Skincare,38.0
37968653595,5,1.0,,0,0,0,2022-12-22,"First of all, the bottle of this algae retinol face oil is gorgeous. It is so beautiful to look at. I really like the ingredients because it is mostly all natural ingredients, including soybean oil, sunflower seed oil, and almond oil. All are very nourishing. Retinol usually causes a little bit of irritation, but this algae retinol face oil doesn’t give me any irritation. It’s very gentle and hydrating. I use about 4-5 drops and it’s enough to pat all over my face and neck. It gives me a healthy glow without being too greasy and oily. Very enjoyable to use.",gentle and hydrating,,brown,combination,black,P504016,Mini Evening Primrose + Green Tea Algae Retinol Face Oil,MARA,66.0
1577350607,4,1.0,0.7272729873657227,22,6,16,2018-08-08,I was feeling like my 40-something skin just wasn’t looking as hydrated no matter the moisturizer I was using. This serum was recommended to me as a booster to my existing moisturizer and it definitely delivered on the glow and smoothed out texture and appearance that I was seeking. I’m giving it 4 stars because it did not smooth out any fine lines and it made my already sun sensitive skin even more sensitive.,quenched my thirsty skin,fairLight,green,dry,red,P427732,Capture Youth Plump Filler Age-Delay Plumping Serum,Dior,110.0
5697887276,5,1.0,0.6666669845581055,3,1,2,2023-01-29,"These eye masks and the perfect pick me up. I highly recommend storing these in the refrigerator, which is game changing. The skin under my eyes was instantly transformed and I looked so much less tired. The only thing is I don’t believe there is a film to peel, as per the directions.",Game changer,lightMedium,green,combination,brown,P481712,Party Recharge Cryo Me Crazy Under-eye Masks,INC.redible,20.0
11971078274,5,1.0,1.0,2,0,2,2023-03-01,"I’ve been suffering from hormonal acne for 2years now and decided to get a bundle of minis.After trying so many cleansers that either made my acne worse or my skin super dry, this helped my acne and did not dry my skin.",LOVE!,light,blue,combination,brown,P471547,Mini Beste No. 9 Jelly Cleanser,Drunk Elephant,16.0
2845231138,5,1.0,1.0,6,0,6,2020-08-06,I take Moon Juice Collagen and I’ve noticed my skin looks even better with SuperBeauty. Slightly less wrinkles around my eyes. But overall skin brighter and more plump.,Very helpful for aging skin,medium,hazel,dry,brown,P457002,SuperBeauty Daily Antioxidant SkinSupplement,Moon Juice,60.0
32052998633,4,1.0,,0,0,0,2022-02-01,Very delicate and gentle to skin. Dissolves very fast. I use it in the shower 3 times per week and it removes dirty feel and extra oil from my skin. Not drying,delicate and not drying. fast and easy to use,fair,blue,oily,blonde,P433461,Rose Sugar Scrub,Lancôme,34.0
5430976448,5,1.0,0.6666669845581055,9,3,6,2022-03-16,"I was looking for a simple and inexpensive, hydrating cleanser for the winter, and this was perfect. It doesn’t leave my skin feeling dry, and I personally feel like it cleanses better than The Inkey List’s Hyaluronic Acid Cleanser. I also love the light fresh flower scent.",Hydrating,lightMedium,brown,combination,black,P482007,Dewy Glow Jam Cleanser with Jeju Cherry Blossom,innisfree,13.0
35963422536,5,1.0,0.75,12,3,9,2022-04-05,"I think all the products in this Set are great ! but one stood out the most for me and that was the  Squaline & Vit C Rose Oil; I put on my skin before bed, and it feels amazing, soothing, and my skin was improved overnight.  All products are great, but what I will repurchase going forward is the Rose Oil. I’m 70 with highly sensitive skin.",SQUALENE + VIT C ROSE OIL IS THE BOMB!,lightMedium,green,combination,blonde,P480278,Rapid Radiance Set,Biossance,35.0
305570099,5,1.0,1.0,4,0,4,2020-12-29,"I had painful breakouts around my mouth that wasn’t going away.  After a few days of just using this with the skinfix face cream, my whole face cleared up.  This cleanser is very gentle and non-drying too.",another maskne staple,light,brown,combination,black,P448562,Barrier+ Foaming Clay Cleanser,Skinfix,32.0
7674214188,5,1.0,,0,0,0,2019-11-04,Loved it!!! Lasts forever and leaves your skin feeling hydrated,Love!!!!!,light,hazel,oily,blonde,P440483,"Facial Spray with Aloe, Cucumber and Green Tea",Mario Badescu,7.0
5073171698,5,1.0,0.9375,16,1,15,2020-03-06,"This product was received complimentary from drbrandt. It has truly helped with the darker areas on my face , especially those caused by acne scarring . I love using this product as a part of my night time routine, it has been a huge game changer for me.",Amazing product,lightMedium,brown,combination,brown,P453822,Dark Spots No More Triple Acid Spot Minimizing Concentrate,Dr. Brandt Skincare,71.0
2682200416,5,1.0,0.6666669845581055,3,1,2,2022-02-18,"The best part about these products is that they are gentle and safe to use while breastfeeding, which I feel can be hard to find.I have normal to oily skin and these products work really well. I use the rose oil in the morning and it’s perfect. It doesn’t leave my skin too oily, but soft and smooth. I also love the eye cream and feel like I have noticed a difference since I started using it. I really want to try it with the peptide eye cream to see if it will help the dark circles under my eyes.",,fair,brown,combination,brown,P480278,Rapid Radiance Set,Biossance,35.0
1424073639,5,1.0,0.875,16,2,14,2021-04-24,"Love this scrub! It works really well to brighten up your skin along with a nice softness. I actually had to do a double take when I looked at myself in the mirror the morning after I used it before bed. It helps my skin to look so bright and fresh! I really like the grit that it has, it’s just enough to actually work but not too rough that it hurts. This will be a skincare staple in my shower!",Smooth & Bright,fair,blue,combination,blonde,P471566,Mini Lemonade Smoothing Scrub,OLEHENRIKSEN,18.0
36673851281,5,1.0,,0,0,0,2022-05-24,"This Lemonade Smoothing Scrub has GOT to be one of my favorite purchases in a long time!!! It smells like a lemon creamsicle, which I LOVE! I usually use it twice a week and LOVE the way my face feels after! It feels like a sugar scrub and does not leave my face feeling tight, which other scrubs have done in the past. This is a great purchase! So happy I found it!!!",LOVE LOVE LOVE!!!,light,hazel,combination,brown,P471566,Mini Lemonade Smoothing Scrub,OLEHENRIKSEN,18.0
6684257141,5,1.0,1.0,6,0,6,2022-03-28,"This is the best exfoliador I have ever tried. And I have tried…a lot. The crystals are suspended in oil and they dissolve one rubbed into the skin. It exfoliates without drying out my skin. Still, I only use once or twice a week because my skin is extremely dry but it does wonders on my flaky skin. Worth the price and I will definitely be repurchasing! Although it will probably last me over a year.",best exfoliate ever,light,brown,dry,brown,P431416,The Replenishing Oil Exfoliator,La Mer,135.0
2477044016,2,0.0,,0,0,0,2022-07-29,I was gifted this hydrating roller from Face Gym. I was excited to try it out and experience the spa-like facial tool from the comfort of my own home.  I was slightly disappointed at the overall experience and having to replace a roller every use would get quite pricey. I also didn’t feel like the “needle” effect lasted more than a couple seconds. However the serum inside the roller is a neat concept and did slightly hydrate my skin. Overall I don’t recommend this product.,,light,blue,combination,brown,P501024,Hydrating Active Roller with Hyaluronic Acid,FaceGym,70.0
8900621514,2,0.0,0.4827589988708496,29,15,14,2020-05-05,"The fragrance smell is soooo overpowering especially in the face serum! I have sensitive skins and am regularly seeing a dermatologist for my skin problem. Since using this kit (to be fair, I also use other new skincare products that I bought in the sephora sale), my body starts to feel itchy again, I’m very worried that it’s because of these products from Murad. As previous reviewers said, I really don’t understand why they have to add fragrance to the products??!! I’m strongly considering to return this and the other Murad product that I purchased due to the strong fragrance.",unnecessarily strong and pungent fragrance,fair,brown,combination,black,P454514,"Youth Renewal Retinol Trial Kit for Smoother, Younger-Looking Skin",Murad,59.0
5417791142,4,1.0,0.5,16,8,8,2021-03-18,"Absorbs quickly, and so gentle ! Good for a combination skin type And daytime serum.",,light,brown,combination,black,P469200,The Good C Vitamin C Serum,Dr. Barbara Sturm,145.0
1002739018,2,0.0,0.8333330154418945,6,1,5,2021-11-08,"I wanted to love this. First the good things: Love how everytime you open the container it looks like you never stuck your finger in it.  Love how the consistency is springy and bouncy.  Now the bad: as soon as the gel absorbed m undereye felt like I had put nothing on it.  So sad.  I guess I’m an eye cream, not gel person.",One and done,fair,blue,combination,blonde,P457519,Water Drench Hyaluronic Cloud Hydrating Eye Gel,Peter Thomas Roth,43.0
2645181462,5,1.0,0.8888890147209167,36,4,32,2019-09-19,"HOW this oil gives my skin a matte look I will never know but it DOES! I am a huge fan of The Ordinary’s rose hip seed oil but this chia seed oil is everything I imagined it would be and more. I’m used to adding chia seeds in my yogurt or oatmeal and the seeds suck the moisture out of my food and plump up to twice their size. So, I had a feeling this would probably pull the oil out of my skin and plump up my skin. Well, I didn’t notice any plumping effects but I definitely noticed my oiliness disappeared. Typically, when I use oils as moisturizers, they take time to sink into my skin and they leave my skin greasy to the touch. This oil left my skin instantly so smooth and soft. I add three drops to my hand and rub them together before applying and it feels like I have more of a water based liquid in my hand than an oil. This is definitely more of a dry oil but it is very moisturizing and I don’t have that tight skin feel nor any dryness on my skin when I apply this after cleansing. I am so in love with this oil! I still love the rose hip seed oil for it’s healing effects but I will definitely be using this chia seed oil during the day to help combat any oiliness.",Matte Skin Oil for Oily Skin?!,tan,brown,normal,brown,P447597,100% Organic Virgin Chia Seed Oil,The Ordinary,8.5
7083389537,5,1.0,1.0,1,0,1,2019-09-05,I love it! it helps my skin a lot with my acne! My skin is so soft after it!,,light,brown,combination,brown,P446820,Grapefruit Peeling Mask - Skin Perfection,SEPHORA COLLECTION,8.0
1331105219,5,1.0,0.75,4,1,3,2022-07-19,I love this matte sunscreen under my foundation and I didn’t even need to reapply after being in the sun all day with fair skin. Supergoop is the best plus it’s nontoxic!,Safe AND super effective,fair,hazel,combination,brown,P476733,Mineral Mattescreen Sunscreen SPF 40 PA+++,Supergoop!,38.0
25637005904,5,1.0,0.75,8,2,6,2022-04-05,"Repurchased several times, I can use a hydrating serum alone. I spray this on right after and my skin loves it. I have very very dry sensitive skin.",,light,blue,dry,brown,P452004,Rose Hibiscus Hydrating Mist,Herbivore,36.0
5487621856,5,1.0,1.0,5,0,5,2022-03-27,Helped me with digestion and body sculpting. Recommend using with oil,,lightMedium,brown,dry,blonde,P477714,Black Obsidian Face and Body Gua Sha,SEPHORA COLLECTION,14.0
2503182349,5,1.0,1.0,2,0,2,2021-04-23,I love this product for my combo skin. I’mOften dehydrated and one layer of this stopsMy skin from feeling tight and dry. Pairs well with my routine ( no peeling or breakouts),Easy staple,deep,brown,combination,black,P459116,Mini Cream Skin Toner & Moisturizer,LANEIGE,15.0
10862706168,5,1.0,1.0,1,0,1,2021-05-02,The first product actually does exactly what it says.,It worked!,light,brown,dry,black,P375354,Capture Totale Intensive Night Restorative Crème,Dior,175.0
23140146619,5,1.0,1.0,2,0,2,2023-01-10,highly recommend set for moisturizer and brightening,Must have!,lightMedium,brown,combination,black,P480278,Rapid Radiance Set,Biossance,35.0
6035231465,5,1.0,1.0,5,0,5,2023-02-19,"If you’re a habitual user of the Indigo overnight repair, this is a must-have. You get the essence and eye cream for a couple of bucks over what you’d normally pay for just the Indigo. This ritual has consistently diminished my fine lines, noticeably plumped my skin, and I wake up with an amazing glow. Must have especially for mature skin.","Great value, greater results.",fair,hazel,normal,gray,P504303,Strengthening Nighttime Ritual Set,Tatcha,95.0
10066247039,5,1.0,,0,0,0,2023-02-24,Absolutely love this product. It makes my skin so smooth and soft.,,lightMedium,brown,normal,black,P504786,Solution Skin-Perfecting Daily Chemical Exfoliator,Glossier,26.0
12385742595,5,1.0,1.0,3,0,3,2022-08-17,"I have dry skin, but this sunscreen works wonders for my face. I tried a trial size but ended up getting a full size cause I liked it so much!",,fair,blue,combination,blonde,P476733,Mineral Mattescreen Sunscreen SPF 40 PA+++,Supergoop!,38.0
1650931379,5,1.0,,0,0,0,2023-02-27,"I’ve been taking SuperBeauty supplement for a few weeks now and I’m already noticing a difference in my skin. The supplement is easy to take and made with natural ingredients. My skin feels more plump and hydrated, and I’ve noticed a significant improvement in my skin’s elasticity. I love that this supplement promotes collagen production, which is so important for healthy and youthful-looking skin. Gifted by Moon Juice",Maintaining skin's hydration,light,brown,combination,black,P457002,SuperBeauty Daily Antioxidant SkinSupplement,Moon Juice,60.0
5361270943,5,1.0,,0,0,0,2022-12-20,"This algae retinol face oil has been incredibly at making my skin appear tighter, brighter, and glowing! I’m impressed with how gentle it is on my super sensitive skin, and I love how it leaves me glowing.",A must have!,light,brown,combination,,P504016,Mini Evening Primrose + Green Tea Algae Retinol Face Oil,MARA,66.0
22319124830,2,0.0,0.6666669845581055,9,3,6,2022-04-23,"The matte idea is great but when rubbing this into my skin, it would ball up and almost peel off of my skin. Works better on a hand than on a face. Maybe it’s because of peach fuzz but I just wasn’t a fan :/",Eh,fair,blue,normal,blonde,P476733,Mineral Mattescreen Sunscreen SPF 40 PA+++,Supergoop!,38.0
7163468791,5,1.0,0.5,2,1,1,2021-11-30,"Honestly the best scrub I’ve used, it does smooth and has even helped my acne scars fade a bit.",,fair,brown,oily,brown,P471566,Mini Lemonade Smoothing Scrub,OLEHENRIKSEN,18.0
22969492168,3,0.0,0.7777780294418335,9,2,7,2021-06-29,"I have very sensitive, combination skin, and the toner and moisturizer has caused me to have cystic acne on my forehead. I did a few elimination experiments to see if everything in the kit was the culprit and this is what I found:The Cleanser: Is awesome! I really enjoy it. I use it as often as I shower, after I’ve removed my makeup, but not daily. I don’t recommend using any type of acid treatments or AHA/BHA treatments after using it- save those for other days of the week with calmer cleansers. The Toner: Is the culprit. Without fail, it brings oily acne out of my face that I’ve never experienced before in my life. I tried it a few times over a span of months and each time I had the same result.The Moisturizer: Is not for sensitive skin. It clogs pores and if used after the toner it locks in whatever is in there that caused the oily acne in my forehead to become worse.Once I eliminated the toner and moisturizer my skin is back to normal~",I Would Only Recommend the Cleanser,lightMedium,blue,combination,brown,P472180,Balance It All Oil Control & Pore-Refining Set,OLEHENRIKSEN,40.0
12990403900,5,1.0,,0,0,0,2023-03-10,Wow this face serum is amazing! Its so hydrating & makes my skin look like glass. I will continue to use it & hopefully get amazing results. It feels very luxury & looks great on my shelf. Love the packaging,,fair,green,combination,blonde,P505047,High Performance Face Serum with Vitamin C and Hyaluronic Acid,MACRENE actives,195.0
24809871853,5,1.0,1.0,22,0,22,2020-03-06,I received this product as a free sample. I used it for a month and noticed how it helped to diminish my acne scars. Slowly but surely!!,,lightMedium,brown,combination,brown,P453822,Dark Spots No More Triple Acid Spot Minimizing Concentrate,Dr. Brandt Skincare,71.0
1750185954,5,1.0,1.0,3,0,3,2022-07-29,"I’ve tried a bazillion sunscreens & for my combination, sensitive, acne-prone skin, there was nothing better. I don’t wear makeup besides eye makeup & this makes my skin tone look beautifully even. I actually want to wear it. It goes on very easily. Doesn’t sting my eyes at all. And I’ve never had a single pimple from this formula.",my #1,fairLight,Grey,oily,brown,P469524,RESIST Super-Light Daily Wrinkle Defense SPF 30,Paula's Choice,37.0
1917242134,4,1.0,1.0,2,0,2,2021-06-20,This is a great daily pick me up to the skin! The only downsize is I wish it was a bigger bottle. I could feel my skin instantly get quenched after application.,Worth it,medium,brown,combination,black,P469526,Water-Infusing Electrolyte Moisturizer,Paula's Choice,37.0
7077116879,4,1.0,,0,0,0,2022-12-10,loving this so far! Really calming + moisturizing for the face. The textures is very smooth and not too thin or too thick & wear comfortably. The scent is also very light but calming as it’s a bit herbally!,,,brown,combination,,P448711,Face Mask,Dr. Barbara Sturm,125.0
8052574320,3,0.0,0.7777780294418335,9,2,7,2021-04-24,"I REALLY wanted to love this because it goes on so smooth and looks amazing. The tint isn’t enough to cover anything, but it evens out tone and adds glow. Worked amazing under foundation too if you’re looking for more coverage. Unfortunately this made my dry/combo skin peel like crazy. Took a couple days to happen, but then it was a flakey mess even in areas I don’t usually have dryness. I think the mineral sunscreen was just not a match for me. As soon as I stopped using it my skin improved. I would highly recommend this for anyone with less sensitive/oily skin because it did look beautiful (at first), but definitely avoid if you have dry skin!",Not for dry skin,light,brown,combination,brown,P469524,RESIST Super-Light Daily Wrinkle Defense SPF 30,Paula's Choice,37.0
11062361207,5,1.0,0.8823530077934265,17,2,15,2021-05-16,"This will totally be replacing any BB cream or tinted moisturizer that I own!  I have fair/light skin with cool undertones, so most tinted sunscreens look orange on me, but not this one! Gives a very natural satin matte finish and gives light to medium coverage, but it still buildable. Worth every penny!",OBSESSED!!!!!,fair,blue,combination,blonde,P469524,RESIST Super-Light Daily Wrinkle Defense SPF 30,Paula's Choice,37.0
1022387210,4,1.0,1.0,8,0,8,2021-01-31,"Very expensive and has an interesting and unexpected texture. That being said my skin was very soft after using this. In addition, with the harsh winter weather it’s pretty great to hydrate and soften. I use a lot of skincare and when I incorporated this plus skinceuticals my husband actually noticed how soft my skin had gotten. Recommended",,mediumTan,brown,normal,brown,P448711,Face Mask,Dr. Barbara Sturm,125.0
1665212210,4,1.0,0.6989250183105469,93,28,65,2018-01-07,"I have been using the capture youth cream and also the capture youth illuminating serum with this plump filler product and have seen remarkable results. I usually use the illuminating serum at night underneath the moisturizer as it contains vit c and aha’s. These two products I gave a 5 because I notice a remarkable difference. The plump filler is great, too. I just didn’t notice a huge improvement in expression lines as I was expecting but did notice a fresher, more moisturized skin underneath my makeup.","Great product for moisture, ok for lines",lightMedium,brown,normal,brown,P427732,Capture Youth Plump Filler Age-Delay Plumping Serum,Dior,110.0
2183274896,5,1.0,1.0,20,0,20,2019-03-19,I love the smell of this lotion! It spreads nicely and works super quickly if you need a natural looking tan fast!,Smells amazing,,,,,P441645,Sunless Tan Firming Lotion,COOLA,46.0
1856532367,2,0.0,0.3571430146694183,70,45,25,2021-01-27,"My eye tool and face tool both did not come with a silk dust bag. Is the brand becoming cheap now? I bought this because in the mount lai YouTube tutorial, she brought it out of a cute dust bag before explaining now to use it. Mine just came in a box, so I have to sanitize it every time before use. Which takes 5-10 minutes for the alcohol to dry. For this price, I would expect a silk dust bag. Even the Sephora brand one came with one.",No way to store.,light,brown,normal,brown,P447604,De-Puffing Jade Eye Treatment Tool,Mount Lai,30.0
1003558380,5,,1.0,10,0,10,2016-01-10,Love this moisturizer. I can see the results of how it’s working on my skin and people are noticing too how bright and beautiful my face looks. That’s amazing to hear and especially when you’ve been using other moisturizers and have given me good results but not as incredible as this one. Very happy with Dior night time cream. My skin gets dry in the winter but not with this one and it has only been about a month that I’ve been using this cream and the results are impressive.,worth the money,,,,,P375354,Capture Totale Intensive Night Restorative Crème,Dior,175.0
24312949176,5,1.0,,0,0,0,2023-03-14,"Overall, I really like this serum it’s very different from many that I have tried in the past as it is a very thick serum I really like that. It doesn’t really have any scent so if you have a reaction to strong smells, this would be perfect for you. As for its performance, I will say that it really does Brighton and illuminate your face. As for the reducing a fine lines and wrinkles that’s not really something I’m having an issue with, so I can’t say for sure on that.",The thickest serum I have ever used,,brown,combination,,P505047,High Performance Face Serum with Vitamin C and Hyaluronic Acid,MACRENE actives,195.0
6783715429,4,1.0,1.0,5,0,5,2019-05-31,"It is a gentle exfoliator, the beads are kind of few and far between. That’s the one area of opportunity for the scrub. Honestly it should emphasize the gentle aspect of it. But none the less I’ve been hewing the product for month and it’s easily become of my morning glories. The fragrance some people complain about is the reason I love this product. I love this. They could add a little more scrub action to it but ima keep buying this baby.",,,,normal,,P433461,Rose Sugar Scrub,Lancôme,34.0
2121207787,5,1.0,,0,0,0,2019-10-25,Absolutely love the rollerball for lips. Very smooth and leaves my lips so soft. No sold on the smell though and that would be the only thing to change. Still loving it!,Love the Shine!,fair,brown,combination,brown,P449102,Crystal Ball Roller Gloss,INC.redible,12.0
1513533840,2,0.0,0.75,8,2,6,2020-09-17,"I didn’t like the texture and smell. But moreover, i felt NO effect. I didn’t even feel any moisturizing post effect from that mask. Absolute waste of money in my opinion.",waste of money,lightMedium,brown,combination,brown,P448711,Face Mask,Dr. Barbara Sturm,125.0
33270372231,1,0.0,0.0909091010689735,11,10,1,2023-02-25,"This toner has a fragance and for me its a huge no , it didnt hydrate enough for me and actually left my skin very dry. Had to buy a different brand and now my skin is so much better.",,medium,brown,combination,,P503890,Green Tea Hyaluronic Acid Hydrating Toner,innisfree,22.0
1401041754,5,1.0,0.8666669726371765,30,4,26,2020-12-20,"I don’t have a loose neck, primarily because I’m only in my early 30’s but I use this religiously as a preventative measure. It’s a thick cream that absorbs in to the skin so nicely. I have sensitive skin, everything makes me itch- this doesn’t. I’m on my second bottle.",must have,lightMedium,hazel,combination,brown,P449164,ELEVATE Firming & Lifting Neck Cream,Algenist,84.0
21806606975,5,1.0,1.0,2,0,2,2022-06-12,"This is one of the only face SPFs that works for me! Sunscreens often break me out, but not this one. It’s so comfortable to wear, not greasy, and even provides some light cosmetic coverage for me (I’m very pale).",My Fav SPF,fairLight,blue,combination,blonde,P469524,RESIST Super-Light Daily Wrinkle Defense SPF 30,Paula's Choice,37.0
27355440500,5,1.0,1.0,3,0,3,2022-02-22,In love with this product in just one use .It makes skin so soft and deeply clean skin.,,fair,hazel,oily,black,P467112,Daily Microfoliant Exfoliator Refill Pack,Dermalogica,56.0
6573753366,4,1.0,1.0,9,0,9,2022-07-20,"I found that this product was not matte but its not bad either. I thought at first that it made my skin look bad but then I realized that I needed to let it sink in before proceeding with my makeup. If I did it straight away my base makeup would break up! It’s super silky on, like a whipped silicone primer texture. It’s clear (at least it is on my fairer skin) and makes my skin look like it just has moisturizer on once it sinks in.",Let it sink in!,fair,brown,normal,red,P476733,Mineral Mattescreen Sunscreen SPF 40 PA+++,Supergoop!,38.0
955113567,4,1.0,0.6000000238418579,5,2,3,2022-02-24,"I haven’t used a facial massage product before and wanted to give this a try since my face can be puffy in the morning sometimes. I don’t care for the shape on my face for massage, feels like maybe it’s too big, too much hardness. I thought about returning but I tried it on the back of my neck for massage - I really liked that and can see using it on my husband to give him a back massage or working out any soreness/tightness on my body.",Better use on body for me,light,hazel,combination,auburn,P477714,Black Obsidian Face and Body Gua Sha,SEPHORA COLLECTION,14.0
9794824386,5,1.0,,0,0,0,2023-03-17,"The complimentary from MARA face oil is simply amazing. Its unique blend of algae and moringa is a powerful combination that deeply hydrates and nourishes my skin. The oil is lightweight and absorbs quickly, leaving my skin feeling soft, smooth, and radiant. I also love that it’s vegan and cruelty-free, which makes me feel good about using it. Overall, MARA’s Algae + Moringa® Universal Hydrating Face Oil is a must-try for anyone looking for a high-quality, effective, and ethical skincare product. Highly recommended!",obsessed,fair,blue,dry,blonde,P504026,Mini Algae + Moringa Universal Face Oil,MARA,40.0
21767830124,3,1.0,0.5625,16,7,9,2019-01-12,"Out of all the scents, I thought this one would be the best. However, once I got it home I realized it smelled very similar to flushable wipes. Doesn’t really smell like cucumber. I kinda ruined it for myself, but if you’re not familiar with that smell this will be fine. It cools my face and I like to spray it before my toner after washing my face. To be honest, I haven’t really noticed any difference in my skin but it doesn’t leave my skin tight or uncomfortable at all. It’s worth $7 for the nice, cooling feeling and it mostly just makes me feel fancy.","Feels good, but doesn’t really do anything",light,blue,normal,blonde,P440483,"Facial Spray with Aloe, Cucumber and Green Tea",Mario Badescu,7.0
25694849697,5,1.0,0.75,4,1,3,2021-09-29,I got this on a whim. I love it. Hydrating. Refreshing. Works for all skin types. I spray it on with I need a pick-me-up. Love it.,I love this stuff!,lightMedium,brown,dry,brown,P452004,Rose Hibiscus Hydrating Mist,Herbivore,36.0
38383751441,5,1.0,0.857142984867096,7,1,6,2022-07-23,it’s so comfortable and lightweight. literally feels like primer,,fairLight,blue,combination,blonde,P476733,Mineral Mattescreen Sunscreen SPF 40 PA+++,Supergoop!,38.0
5060164185,5,1.0,,0,0,0,2022-11-05,This 10 Day Starter Set from The Outset has really been helping revive my dry skin this fall. My favorite is Prep Serum and I’m planning to buy a full size because I really like how hydrated it makes my skin feel.,,fair,brown,combination,,P483701,Daily Essentials Travel Set,The Outset,50.0
20869990735,4,1.0,1.0,9,0,9,2020-05-26,Really helped my pores so much!! They were way less visible and was great for my pimples. It has some ingredients that aren’t the best for the skin and I wish they replaced those ingredients for better ones but they aren’t terrible for the skin either. Would only reccomened for someone who is dealing with bad acne and pores,Only good for people with acne and large pores,fair,brown,dry,brown,P448710,pores no more Pore Purifying Cleanser,Dr. Brandt Skincare,38.0
978160192,5,1.0,0.8888890147209167,9,1,8,2020-02-09,"I am obsessed with this gloss! It gives lips a full, super wet and glossy look, and it is not sticky at all. It actually seems to moisturize very well, and I’m always surprised by how long it stays on the lips (it doesn’t stay patent leather shiny on the lips very long, but it does provide a glow). It’s also got a slightly cooling feel. The crystals are a cute little touch as well. Finally, the price is super reasonable! These are gone from my Sephora store, but I will continue to order while I can.",Patent leather shine for less!,light,blue,dry,blonde,P449102,Crystal Ball Roller Gloss,INC.redible,12.0
5302164869,5,1.0,,0,0,0,2023-01-05,"The Mara Beauty Universal Face Oil has easily become my new favorite skincare product! During this winter season this oil has revitalized my dry, sensitive skin! I use this oil at night and I sleep with fans on and my skin is hydrated and radiant in the morning! There’s no strong smell to this oil so I love that as well!",Perfect for cold weather!,light,blue,dry,blonde,P504026,Mini Algae + Moringa Universal Face Oil,MARA,40.0
995724367,5,1.0,1.0,5,0,5,2020-05-29,Love these eye masks! My eyes look refreshed afterwards and smooth.,,fair,green,normal,red,P437960,Baggage Claim Rose Gold Eye Masks,Wander Beauty,26.0
1804634158,5,1.0,,0,0,0,2022-11-15,"I absolutely love this brand, it makes my skin, feel so incredible, hydrated, moisturized, and smooth! I highly recommend giving it a try, you will not be disappointed! overall it is incredible and I am super happy with it",,lightMedium,brown,combination,,P483701,Daily Essentials Travel Set,The Outset,50.0
6955934081,5,,1.0,7,0,7,2016-06-20,"I had to write a review about this product because is the most dramatically visible Sephora’s product that I have tried, my skyn looks... as its name... resurfing... less pores, irregular color areas are going, less wrinkles. So my skyn looks better than when I was 20-30. Hey Santa,I really want this for Christmas !!",So visible result,,,,,P404232,DermalQuench +Retinol Advanced Resurfacing Treatment,Kate Somerville,110.0
2060289337,5,1.0,0.75,8,2,6,2020-07-28,"I got this for my mum and she loves it.  She has dry skin and she really notices a difference in the softness and texture of her skin, mainly elbows & arms.",,lightMedium,brown,combination,brown,P447597,100% Organic Virgin Chia Seed Oil,The Ordinary,8.5
31413672327,5,1.0,0.800000011920929,5,1,4,2021-08-02,"I received it as a free sample and I had to come back to get more. It left me face feel so bright, and it reduced the color of my eye circles the next morning and it about lasted a week, until I used it again",great moisturizer and toner,light,blue,oily,blonde,P459116,Mini Cream Skin Toner & Moisturizer,LANEIGE,15.0
5247674283,4,1.0,,0,0,0,2023-01-22,"I felt this product provided a good amount of moisture, the smell did take a while for me to get used to. It’s not strong but it’s a little weird to me.",,light,brown,combination,,P469526,Water-Infusing Electrolyte Moisturizer,Paula's Choice,37.0
5683470579,3,0.0,1.0,4,0,4,2020-08-28,"I honestly did not notice anything. I don’t think they caused any harm but didn’t notice that they helped make any visible difference, just felt nice and cooling.",no visible difference,light,blue,normal,brown,P437960,Baggage Claim Rose Gold Eye Masks,Wander Beauty,26.0
6935767639,5,1.0,1.0,7,0,7,2022-04-03,"I’ve been using this for years and it allows my powder foundation to glide on evenly. I’m not a fan of liquid concealer since it sinks into pores and fine lines, but this sunscreen paired w powder foundation actually gives that flawless, “filtered” finish.  I have oily skin that’s dry (so frustrating) and this def takes care of the oil without drying my skin out.",Doubles as a primer!,lightMedium,brown,combination,black,P469524,RESIST Super-Light Daily Wrinkle Defense SPF 30,Paula's Choice,37.0
36897274004,5,1.0,0.0,4,4,0,2022-05-21,Amazing!!!! I love Scarlett Johansson and Kate so much!!! So I know I had to get it!,,light,brown,dry,brown,P483701,Daily Essentials Travel Set,The Outset,50.0
2212300192,4,1.0,,0,0,0,2023-03-15,Hourglass Beauty gifted me this retinoid treatment for my honest review. This treatment was gentle and hydrating enough for twice daily use for me. I am a regular retinol user. I liked the way that this plumped and smoothed my skin but it is a little pricey! I think this would be a good one for sensitive skin.,,porcelain,green,combination,brunette,P504637,Equilibrium Resurfacing Retinoid Treatment,Hourglass,110.0
8755413200,5,1.0,1.0,1,0,1,2021-07-31,I am so impressed by this Moisturizer! I have been using it for about two weeks in the morning and in the evening. I can already see the difference. It fills and blurs the look of the wrinkles. Also I really like that it prevents makeup from getting into the creases. It is really lightweight and breathable. Highly recommended!,Great results,lightMedium,green,combination,blonde,P474121,SD Advanced  PLUS Intensive Moisturizer For Wrinkles & Stretch Marks,StriVectin,82.0
20100240320,5,1.0,0.8999999761581421,10,1,9,2021-04-28,"Love the smell and love how soft it made my face.  I used my other scrub for a day or two to feel the difference and then this one... night and day. Very happy. I bought this smaller one just in case I didn’t like it and ended up with the larger one. Now I want the larger one. On a side note: my skin is not sensitive to scrubs. But just know if you are more sensitive, this could be on the more “rougher” side for you.",About to buy the large,light,hazel,combination,brown,P471566,Mini Lemonade Smoothing Scrub,OLEHENRIKSEN,18.0
2121188462,5,1.0,1.0,1,0,1,2023-01-05,My new favorite face oil. I love the beautiful packaging and how it leaves my skin soft and glowing. It doesn’t feel sticky. My favorite way to use this is at night after my moisturizer and with my gua sha,Lovely facial oil,fair,brown,combination,,P504026,Mini Algae + Moringa Universal Face Oil,MARA,40.0
25583475562,5,1.0,1.0,9,0,9,2020-04-27,this face mask is amazing!! i had really oily skin and acne but after using this my skin was glowing and really smooth and not oily at all!! highly recommend,love itttt,medium,brown,combination,blonde,P446820,Grapefruit Peeling Mask - Skin Perfection,SEPHORA COLLECTION,8.0
24516484102,5,1.0,,0,0,0,2022-12-18,"Just started these products a few days ago and I’m really happy with it! The packaging is cute and compact as well. I love that it’s fragrance free, no frills, clean ingredients. It feels really good on my face and I like that it’s a 3 step routine! My skin feels great.",So great for the price!,fair,brown,normal,,P483701,Daily Essentials Travel Set,The Outset,50.0
5305975604,5,1.0,0.6000000238418579,10,4,6,2021-11-28,"I have used a few Mount Lai products and have loved all of them, this is no exceptions. The jade eye massager feels so good with eye cream or a facial oil , it noticeably lowers my puffiness after a massage. Love this and will keep using!",,lightMedium,brown,oily,brown,P447604,De-Puffing Jade Eye Treatment Tool,Mount Lai,30.0
10248971247,5,1.0,1.0,4,0,4,2019-11-29,Love this! I use twice daily as part of my skin care routine in conjunction with the Lapis facial oil. My skin has never looked better. Love herbivore!,,fair,brown,normal,black,P452004,Rose Hibiscus Hydrating Mist,Herbivore,36.0
6369577484,5,1.0,0.9545450210571288,22,1,21,2020-05-09,"my skin is very sensitive and gets red and angry so easily. this really helps so much with my sensitive skin. i also have acne, and putting this on overnight really calms down problem areas (i’m talking even those big red angry ones). for this price point this is an amazing product!",,fair,blue,oily,blonde,P447597,100% Organic Virgin Chia Seed Oil,The Ordinary,8.5
6459734504,4,1.0,0.800000011920929,15,3,12,2022-02-25,"Bigger than expected! I can you use on my face and body! The size also makes in easier to grip. Cold to the touch like any other crystal, warms with use. Be gentle on your skin!Great for first time users!",good value! great for beginners!,light,green,dry,brown,P477714,Black Obsidian Face and Body Gua Sha,SEPHORA COLLECTION,14.0
2238246746,5,1.0,0.0,3,3,0,2020-09-21,Really cleans the skin  Will purchase again........,Great,deep,brown,combination,brown,P444615,Witch Hazel & Rosewater Toner,Mario Badescu,14.0
6131677498,5,1.0,0.8717949986457825,39,5,34,2020-09-14,"This product is effective! I’ve been using it for 4 months now, 1-2 times a week (simply apply on a cotton pad) and I’ve noticed a SIGNIFICANT improvement on my skin texture, acne scarring and milia bumps. The results are immediate and long term. Would strongly recommend this product, just give it time! I wish I took pictures. That’s how impressed I am with this product. For reference, I’m 28, acne prone with oily skin. Also on a dermatologist prescribed low dose tretinoin cream tx. Hope that helps!",10/10 would recommend!!,tan,brown,oily,black,P451745,30% Glycolic Acid Peel Concentrate,SOBEL SKIN Rx,46.0
6883898474,3,,0.5,2,1,1,2017-07-12,"I have normal-dry skin and heard many great things about this mask, so when I tried it I had high expectations and this mask did not meet them. For a luxury type masks I expected a lot more. You can get the same results, or even better results, with a cheaper mask. With that being said, it did not make my skin worse but it did not really improve my hydration all that much either.",No Change,,,,,P399622,Luminous Deep Hydration Lifting Mask,Tatcha,95.0
1314992825,4,0.0,,0,0,0,2019-01-29,This face mist is refreshing and gentle because of the ingredients. I was not disappointed in the quality but did not feel it was worth the price tag. This is a great mist for those with sensitive skin. It also sprays like a spray not mist like some so spray far away from your face,,lightMedium,brown,dry,brown,P440483,"Facial Spray with Aloe, Cucumber and Green Tea",Mario Badescu,7.0
1525923111,5,1.0,1.0,10,0,10,2019-09-14,Has helped clear acne and keeps my oily skin at bay. Really enjoying this product!,Love it!!,lightMedium,brown,oily,blonde,P448562,Barrier+ Foaming Clay Cleanser,Skinfix,32.0
28718899719,3,1.0,1.0,1,0,1,2023-03-16,This milky cleanser is just ok. I would recommend using it if you double cleanse or if you don’t wear a lot of makeup. It doesn’t really break down makeup well and is very gentle.,It gets the job done.,light,brown,combination,blonde,P504524,Milky Jelly Gentle Gel Face Cleanser,Glossier,19.0
9195526030,5,1.0,,0,0,0,2021-07-17,Another hit from strivectin!! I have been using their products for years and I have always loved every single one I tried. This one is no exception. Love how clean the ingredients are and is also vegan. It has improved my skin texture a lot and love how creamy and soft this feels on the skin.,A big fan,medium,brown,combination,black,P474121,SD Advanced  PLUS Intensive Moisturizer For Wrinkles & Stretch Marks,StriVectin,82.0
31217701013,5,1.0,1.0,6,0,6,2022-06-10,"It works wonderfully as a SPOT treatment. This is not meant to rub on all over like a lotion or moisturizer. I shake it up really good about once a week and then let it settle, as the bottle indicates. Then I take a q tip and dip it into the powder at the bottom and apply that to any pimples or blemishes I have as the last step in my nightly skin care routine. It works beautifully. If pimples aren’t gone in the first night, I use again for a second night and that does the trick. One of the BEST blemish removers I have ever used. Idk what me or my teenage kids did without this in our cabinet!",Pimples gone overnight!,fair,green,dry,brown,P457439,Clarifying Lotion,SEPHORA COLLECTION,16.0
6855828298,3,0.0,0.6666669845581055,9,3,6,2022-05-06,"Sunscreen is okay, I like the concept of a primer/SPF but it does feel like a layer on top of my face and I can’t imagine the tint is universal for everyone since it doesn’t blend in all the way? The packaging is what really gets me - the orifice is super small and there are a ton of air bubbles in the formula so the product spits out a lot, I have to hold it away from me. I’m also near the the end of the tube and need to crumple it to get product out, but there’s kind of a significant amount leftover that it’s been like this for 2+ weeks now. Honestly, the entire experience was annoying enough that I won’t buy it again.","Just ok, packaging sucks",mediumTan,brown,oily,black,P476733,Mineral Mattescreen Sunscreen SPF 40 PA+++,Supergoop!,38.0
7189637879,5,1.0,1.0,2,0,2,2023-01-04,"For all my dry skin girls, please invest in this oil! It completely beat the Ordinary and Drunk Elephant in my skincare. The difference in my skin is amazing. It’s plump, even skin tone, reduced texture, and firm all in an oil. I love just wearing no makeup and glowing with this.",SKINCARE JUNKIE MUST HAVE,light,brown,dry,blonde,P504026,Mini Algae + Moringa Universal Face Oil,MARA,40.0
47445552176,5,1.0,,0,0,0,2023-03-16,"Whenever I have breakouts I always use this mask to dry them up. IT WORKS! The best part is how silky my skin feels after I rinse this off. It feels so hydrated. If you deal with blemishes, you need this product!!",Great way to reset your skin!,fair,blue,oily,,P504040,Spirulina + Ashwagandha Volcanic Sea Clay Detox Masque,MARA,54.0
5456546630,1,,0.6000000238418579,10,4,6,2016-04-23,"Received a sample of this & used it for a weeks w/out any noticeable difference to my skin. The ingredients list freaks me out, so I stopped using it & can’t recommend it. If you look for natural ingredients in your skin care products this isn’t for you. And, if you’re looking for a decent amount of retinol in your product this isn’t for you.",Not for me:(,,,,,P404232,DermalQuench +Retinol Advanced Resurfacing Treatment,Kate Somerville,110.0
26146598846,5,1.0,1.0,1,0,1,2022-06-27,"This cleanser is great! I was worried the fragrance would be too strong but it’s actually light and fades away. What I love the most, apart from its baby pink packaging, is that this doesn’t dry out my skin nor leaves any kind of residue. I have combination, acne-prone skin and it hasn’t broken me out. As fair as the claims, it does give you a nice glow to your skin overtime.",Cute & Effective,mediumTan,brown,combination,brown,P482007,Dewy Glow Jam Cleanser with Jeju Cherry Blossom,innisfree,13.0
10784154848,5,1.0,0.875,16,2,14,2020-12-27,I’ve tried many products and this is one of the most fast acting products for lightening post acne marks. I’m impressed!,,medium,hazel,combination,brown,P453822,Dark Spots No More Triple Acid Spot Minimizing Concentrate,Dr. Brandt Skincare,71.0
1865074387,5,1.0,1.0,1,0,1,2021-07-30,Wow I’ve only recently started using  this anti wrinkle concentrate & I can already see a difference. It feels very light weight on my skin. I have the most wrinkles on my forehead & they look less visible now & it makes me really happy. I’ll definitely be purchasing this again in the near future.,Less wrinkles visible,lightMedium,brown,normal,black,P474121,SD Advanced  PLUS Intensive Moisturizer For Wrinkles & Stretch Marks,StriVectin,82.0
6164795192,5,1.0,,0,0,0,2019-10-30,"This was a really nice gloss that left my lips moisturized.  Easy to apply, not sticky at all. Had a very subtle scent, nothing overpowering.",Moisturized Lips,fair,hazel,combination,blonde,P449102,Crystal Ball Roller Gloss,INC.redible,12.0
23819611966,5,1.0,1.0,2,0,2,2021-07-20,"Incredible and super gentle. I have very sensitive skin and this doesn’t agitate it—it smells clean and unscented, which shouldn’t be a shock when it comes to Dermalogica. Exactly what you’d expect!",,fairLight,Grey,dry,gray,P467112,Daily Microfoliant Exfoliator Refill Pack,Dermalogica,56.0
29961231855,5,1.0,,0,0,0,2023-03-13,"It is my first time trying Macrene and I am in love. The texture, the package and the results after is 10/10. My skin feels so soft and hydrated. Also, it has hyaluronic acid as the main ingredient so it moisturize the skin well. I will try other items of Macrene too.",Works great,fair,blue,dry,blonde,P505047,High Performance Face Serum with Vitamin C and Hyaluronic Acid,MACRENE actives,195.0
20317188458,5,1.0,0.7142860293388367,7,2,5,2019-08-25,It is nice to open it and smooth it on the face compare to other face masks I have used.  Definitely leaves skin soft.,Easy application from pouch to face,lightMedium,brown,combination,brown,P399622,Luminous Deep Hydration Lifting Mask,Tatcha,95.0
6679724905,5,1.0,,0,0,0,2023-01-02,"This is my new favorite mask! It makes my skin feel renewed and fresh. I like to use it when I’m looking for a self care day. A little bit of product goes a long way and it applies to the skin evenly. Upon rinsing off, my face feels very soft & clean. I recommend this mask.",Self-care essential!,tan,brown,combination,black,P504040,Spirulina + Ashwagandha Volcanic Sea Clay Detox Masque,MARA,54.0
7994507140,2,0.0,0.4285709857940674,7,4,3,2021-05-13,Weird consistency (literally like milk). Leaves my face feeling sticky,,light,brown,normal,black,P459116,Mini Cream Skin Toner & Moisturizer,LANEIGE,15.0
31697638843,5,1.0,,0,0,0,2022-11-16,"I like this started set. It is cool was to try wether those products are perfect for your skin and you want to include them in the daily routine. I like the effect I got. The skin looks well hydrated, rested and a bit brighter. Cool ingredients. Recommend it.",Cool set!,light,blue,combination,black,P483701,Daily Essentials Travel Set,The Outset,50.0
5469690610,5,1.0,0.9285709857940674,14,1,13,2020-06-07,"This is literally the best self tanner I’ve ever used. I used to spray tan a lot which I hated because it smells disgusting and can be super expensive, and I’ve gone through countless self tanners that never really worked for me. This product is my favorite by far, it has a really nice fruity scent and applied incredibly smooth. I applied last night before bed, and knowing its a “gradual” tan I wasn’t expecting the beautiful color it developed into which was a really nice surprise! I can’t tan naturally due to being extremely pale/family history of skin cancer so I’m really happy I found this product. Definitely planning on buying again soon!",Best ever!,fair,blue,normal,blonde,P441645,Sunless Tan Firming Lotion,COOLA,46.0
5469688969,5,1.0,0.4444440007209778,9,5,4,2021-12-29,I’m really in love with this device. Really deep cleans my pores and I notice just in few day how my pores are much smaller and my skin with a natural glow I don’t even feel like wearing makeup at all.,,fair,hazel,combination,blonde,P467969,Personal Microderm Elite Pro,PMD,299.0
1523323222,5,1.0,,0,0,0,2023-02-27,"I love this serum it instantly makes my skin feel smooth when I apply it. This also hydrates my skin and gives it a nice glow. It is very gentle. I didn’t have any drying like I get sometimes with retinol products. This one made my skin feel so smooth and hydrated. I love it, my pores have also been reduced.",Must have in my routine,tan,brown,combination,,P504637,Equilibrium Resurfacing Retinoid Treatment,Hourglass,110.0
1325257314,5,,0.6666669845581055,3,1,2,2016-07-25,I am so skeptical of anti aging treatments that promise to be miracle solvers. This product actually has really helped improve the texture and clarity of my combination skin even just using once a week. I’ve been using for over a couple months and I am shocked that I can tell a difference. At first I felt it brought my acne to the surface but then my skin really cleared up. I will definitely buy again!,really works,,,,,P404232,DermalQuench +Retinol Advanced Resurfacing Treatment,Kate Somerville,110.0
25557840159,5,1.0,0.0,1,1,0,2023-01-02,I received this product in exchange for an honest review. So far I’ve loved using this product! It’s not super drying and leaves my skin feeling so soft. I’m excited to keep using this product in my skincare routine.,,medium,brown,oily,black,P504040,Spirulina + Ashwagandha Volcanic Sea Clay Detox Masque,MARA,54.0
1665210744,5,1.0,0.800000011920929,15,3,12,2020-10-14,I would buy all of these products again!  I appreciated that they did not have any heavy scent.,Ready Radiant and Retinol,fair,blue,combination,blonde,P454514,"Youth Renewal Retinol Trial Kit for Smoother, Younger-Looking Skin",Murad,59.0
2501972787,5,1.0,1.0,2,0,2,2022-07-22,"I have combination acne prone skin that tends toward oily, especially on my T-zone. This gel cleanser foams up nicely and it doesn’t run into and sting the eyes. It does what it says in that it thoroughly removes impurities and build up from the day, but just don’t expect it to be your every time every day cleanser. They even recommend not using a cleanser in the AM if you used this in the PM so as to not strip your barrier and make your skin overly dry (but I always cleanse both AM and PM due to my acne prone skin). My routine right now is to use Cetaphil or ProDerm gentle cleanser in the am and apply serums and moisturizing sunscreen. Then I use this in the PM with my Foreo Luna. If it’s been a really long day or I know my face is really dirty from sweat or I’ve actually worn makeup for once, I’ll double cleanse with DHC oil cleanser in the evening to loosen and push out dirt from clogged pores before using this. Overall, this is my second mini and I’m very happy having this in my cleanser rotation. It’s always a good idea to have a thorough cleanser in the mix.",great for oily/acne-prone skin used in rotation,medium,hazel,combination,brown,P471547,Mini Beste No. 9 Jelly Cleanser,Drunk Elephant,16.0
5952391808,1,0.0,0.4285709857940674,7,4,3,2023-02-23,"I have “easy skin“ in that I don’t break out a lot. This gave me one of the worst breakouts of my life. Also, the dispenser requires you to use a cotton pad and wastes product.",Not Skin-Friendly,porcelain,blue,normal,brunette,P504786,Solution Skin-Perfecting Daily Chemical Exfoliator,Glossier,26.0
1144585185,5,1.0,1.0,2,0,2,2023-02-25,"Lovely: rich, thicker than some, relieves all tightness/dryness, and smells exceptional (I think I recognize neroli?).  The basis for my skin care now.",A new long term favorite,fair,blue,dry,auburn,P504026,Mini Algae + Moringa Universal Face Oil,MARA,40.0
1869924908,5,1.0,1.0,3,0,3,2018-01-12,"The only bad thing about this product is the price. This is a very good mask, especially for people who have sensitive and dry ski .",,fairLight,brown,dry,black,P399622,Luminous Deep Hydration Lifting Mask,Tatcha,95.0
6312530531,5,1.0,0.4285709857940674,14,8,6,2018-06-08,"Received this as a sample with my Sephora purchase and I’ve managed to use the sample 3 times and with just that, I’ve already noticed a huge difference in the texture, softness, and moisture of my skin!!! I tend to get bumps around the sides of my face and since using this serum, those have gotten smaller. My skin is also A LOT softer and smoother. I’m 20 btw. Also, the serum doesn’t have an extremely strong scent, it’s almost like a mild soap scents and it absorbs right into the skin and VERY LITTLE goes a long way!",IMMEDIATE RESULTS,light,brown,combination,black,P427731,Capture Youth Glow Booster Age-Delay Illuminating Serum,Dior,110.0
23653770381,5,1.0,,0,0,0,2023-03-14,"I had been wanting to try this cleanser because I heard only good things about it and it definitely lived up to the expectations. I’ll be repurchasing once I finish this tube, this is the most mild, delicate cleanser and it’s perfect for my skin type.",love it,,brown,normal,black,P454315,Milk Cleanse Gentle Foaming Cleanser,Moon Juice,32.0
7178678108,4,1.0,0.8823530077934265,17,2,15,2022-10-12,"The rose oil is soooo hydrating and doesn’t make me break out. I wasn’t a face oil gal before but I’m sold. Similarly, I can’t get enough of the eye cream. So silky, goes on like a dream. I knocked off one star because the lactic acid refinement hurts my sensitive skin a little are the rich moisture cream smells so bad to me (it’s just my reaction to aqua lane). I did buy the full rose oil after though.","Some new holy grails items, others not so much",fair,blue,normal,auburn,P480278,Rapid Radiance Set,Biossance,35.0
6193844904,5,1.0,0.0,2,2,0,2022-08-29,I picked this up after seeing a you tuber…when I tell you I have been super pleased with this purchase. I love every item that comes in the set. I have purchased other products as well…I will be purchasing the full size. #winner,Great Set,deep,brown,combination,black,P480278,Rapid Radiance Set,Biossance,35.0
1660348503,5,1.0,1.0,12,0,12,2021-03-13,"Finally, after months of waiting this is available in Canada! This cleanser has been my skincare soulmate for over 7 years. In my mid to late 20s I experienced wide-spread breakouts on my face, specifically my forehead and cheekbone area. I tried everything, including medicated topical ointments, three oral antibiotics, and visits to dermatologists who pressured me into buying $400 worth of “effective“ skincare lines. They said the only other solution was Accutane, which I didn’t want to try. I walked into a Sephora feeling pretty defeated and an employee told me to try this cleaner. That was 7 years ago and I haven’t looked back since. The cleanser immediately dried up the breakouts and within two to three days they were flaking off. It has a neutral scent that isn’t overpowering and the clay based formula is great for combination skin so that it removes excess oil from the oily parts of your face but doesn’t over-dry your dry/normal parts, like my cheeks. This cleanser saved my skin and my confidence. If you’re looking for a solution that is gentle, effective, and won’t break the bank then give this a shot.",New package - same amazing results,light,brown,combination,black,P470049,Clearcalm Clarifying Clay Cleanser,REN Clean Skincare,38.0
24315300241,1,0.0,0.9166669845581056,12,1,11,2021-04-25,Absolutely terrible! I am a fan of the water drench sunscreen from PTR and when I saw this I was excited to give it a try since I have oily skin. I applied a light gel moisturizer and then applied this a few min after. This pilled like crazy almost immediately ! I honestly don’t think I’ve ever come across a product that has pilled this much. I expected so much better form this brand. Don’t waste your money on this.,Pills like CRAZY!,medium,brown,oily,brown,P471064,Max Matte Shine Control Sunscreen Broad Spectrum SPF 45,Peter Thomas Roth,38.0
32692388695,5,1.0,,0,0,0,2022-12-25,I use the Mara Universal Face Oil in my evening skincare routine. The packaging is beautiful. The oil absorbs quickly and leaves my skin feeling hydrated. My skin feels soft and looks plump in the morning. The travel size bottle is perfect to travel with.,,,brown,combination,black,P504026,Mini Algae + Moringa Universal Face Oil,MARA,40.0
5713635310,5,1.0,,0,0,0,2023-03-03,My skin can be really sensitive to retinoid products but this one does well with my skin! There’s so many great ingredients in here it helps with my fine lines and with hyper pigmentation so it feels multi use! Skin is glowing after use,,light,hazel,dry,,P504637,Equilibrium Resurfacing Retinoid Treatment,Hourglass,110.0
6137694658,5,1.0,0.75,4,1,3,2022-04-05,"I am OBSESSED!!! A lot of eye masks slip & don’t stay, but these DO!! They give a great chilling & depuffing effect & all at a great price point. It has become one of my favorite parts of my nighttime routine & gives that nice relaxing feeling after a long day!",,lightMedium,green,combination,blonde,P481712,Party Recharge Cryo Me Crazy Under-eye Masks,INC.redible,20.0
6147925512,5,,0.800000011920929,5,1,4,2016-02-07,I’m in my mid 20s with normal/problematic skin I have a lot of small bumps all over my cheeks and hormonal acne on my chin.It’s gone. All gone. after using this product for a few days it made the bumps I’ve had for YEARS go away and seemed to heal my hormonal spots quickly! I’m amazed I can only hope it continues working this well! Get the sample while you can!,WOW,,,,,P404232,DermalQuench +Retinol Advanced Resurfacing Treatment,Kate Somerville,110.0
9980837060,5,1.0,0.9523810148239136,21,1,20,2019-12-15,"This oil has done wonders for my skin. I have combination skin, so my skin will get really dry or really oily, there is no in between. But this product helped me find that in between! I use it after The Ordinary squalane cleanser (which is great and non drying), then I will use 2-3 drops of the oil. It absorbs into my skin really quickly and leaves it feeling so soft. I use it everyday, day and night (I ditched all my moisturizers for this product), and I noticed that not only is my dry skin cared for, I am less oily than usual. It truly has helped balance my face oils, and I recommend it to everyone!!!!",My face oils are now BALANCED!!!,medium,brown,combination,black,P447597,100% Organic Virgin Chia Seed Oil,The Ordinary,8.5
10814535430,4,0.0,0.3333329856395721,3,2,1,2023-03-04,"This is definitely the cleanser you would use after you take your makeup off. The instructions weren’t clear on the bottle, so I tried removing makeup and that was a huge fail cause this stuff is creamy and moisturizing. It’s definitely rich milky cleanser!",Super moisturizing cleanser,light,hazel,combination,,P504524,Milky Jelly Gentle Gel Face Cleanser,Glossier,19.0
8760218170,5,1.0,1.0,10,0,10,2021-09-12,"The new and improved is really the same old Mattescreen I know and loooove. The only thing I noticed that is different with the new, slightly tweaked formula is that the texture is a bit different. As opposed to the ’air-whipped,’ light and fluffy that the old iteration was, I find this one comes out a bit more solid. I also find the texture when rubbing it in is a bit odd. It almost looks like it’s going to pill within a second, but if you keep massaging it in, it will eventually absorb. The final finish is exactly what I was used to.","New and improved, with slight texture difference",light,blue,combination,brown,P476733,Mineral Mattescreen Sunscreen SPF 40 PA+++,Supergoop!,38.0
2706549756,3,0.0,0.857142984867096,14,2,12,2021-03-23,"This applied evenly, however, I turned very orange and it was much darker than I thought it would be. Maybe that’s because I left it on overnight, either way, I didn’t like the color.",Orange Color,fair,hazel,normal,brown,P459140,Self-Tanning Water Refill,Isle of Paradise,24.0
5397471722,5,1.0,0.5,4,2,2,2021-12-19,"So far so good! I am on my third week of use and I love how my skin feels after using this tool. I would be sure to try it on your arm like the instructions say, to get used to how it works. I left a couple marks on my arm and I’m glad it wasn’t my face! :)",,light,brown,combination,brown,P467969,Personal Microderm Elite Pro,PMD,299.0
1566002349,5,1.0,0.7272729873657227,11,3,8,2020-10-01,"My hair has been doing so well, my skin is a little clearer but by far the biggest benefit I have seen is my nails are SO strong and grow longer. It is expensive but it’s working!",,fair,brown,combination,brown,P457002,SuperBeauty Daily Antioxidant SkinSupplement,Moon Juice,60.0
21714709642,4,1.0,0.7777780294418335,9,2,7,2021-01-19,"Sinks into skin to leave it hydrated quickly with minimal grease, but definitely didn’t replace my dream team of jojoba + rosehip oil for daily face oiling to keep my skin glowy and hydrated and heal blemishes. But definitely a great oil I will be happy to use again and add to my routine when I go back to my usual routine after a retinol course.",Does the job for the skin,mediumTan,brown,dry,brown,P447597,100% Organic Virgin Chia Seed Oil,The Ordinary,8.5
7152812727,5,1.0,,0,0,0,2023-01-04,"If you are new to retinol, this product is for you! It’s a super lightweight formula, but still effective. It did not burn my skin, like stronger formulas might. After three weeks of consistent use, my skin feels clear and rejuvenated.",,fair,green,combination,,P504016,Mini Evening Primrose + Green Tea Algae Retinol Face Oil,MARA,66.0
1317654671,4,1.0,0.5,2,1,1,2020-01-19,The Dr. Brandt Dark Spots No More Triple Acid Spot Minimizing Concentrate is a product that I’m enjoying using before applying moisturizer at night. I’m a huge fan of Azelaic acid in skincare because it’s such a great ingredient in fading my post acne marks and helping relieve inflammation from new acne breakouts. This light-weight serum-type product has somewhat of a small ingredient list which is great. Love that there’s no fragrance added. Love the simple packaging and easy to use applicator. So far it’s helped soothe irritated acne breakouts that I have around my chin. A lot of redness has gone down. Hoping to see more of my PIH marks fade in the coming weeks. I received this complimentary product from Dr. Brandt for testing and review purposes.,,mediumTan,brown,combination,brown,P453822,Dark Spots No More Triple Acid Spot Minimizing Concentrate,Dr. Brandt Skincare,71.0
12523348784,2,0.0,0.0,2,2,0,2022-02-11,This was way too drying and harsh on my skin. I recommend putting very moisturizing products on after using this. I didn’t use this as an every day face cleanser after the first few uses because of how intense it was on my skin. To use up the product I used this when my skin really needed a deep clean.,,fair,green,dry,blonde,P471547,Mini Beste No. 9 Jelly Cleanser,Drunk Elephant,16.0
9145042349,5,1.0,1.0,6,0,6,2021-05-24,"I LOVE this tanner! It has a really pretty tone and develops so nicely. My elbows and knees didn’t look gross and I like that I don’t have to wash it off. The only thing to watch for is that there’s no color guard, so you can’t tell where it is right after application.",Great tone! Nice application.,light,green,dry,blonde,P459140,Self-Tanning Water Refill,Isle of Paradise,24.0
24861423713,5,1.0,0.9545450210571288,22,1,21,2020-10-03,This eye cream plumped my under eyes and lifted my eye lids. After first use I was shocked. I got this as a sample and after sampling it I bought a full-size. I don’t understand why there are not more reviews because it is such a good one. You won’t regret this purchase. Moisturization lasts over 72 hours.,plump young youthful eyes!! oh yeah!,light,blue,normal,blonde,P457519,Water Drench Hyaluronic Cloud Hydrating Eye Gel,Peter Thomas Roth,43.0
1458974228,5,1.0,1.0,2,0,2,2021-05-02,I’ve religiously used Dermalogica’s Daily Microfoliant for about 8 years so far and nothing else compares! I love that they sell refills now.,,light,brown,combination,brown,P467112,Daily Microfoliant Exfoliator Refill Pack,Dermalogica,56.0
24676728512,5,1.0,0.2000000029802322,5,4,1,2021-02-11,I love this! I just started using it and i’ve already noticed a positive improvement! This works amazing for cleaning my pores and keeping skin clear. My skin feels so much smoother and cleaner.  This has started to slow down my breakouts and clear them up faster. I love being able to choose the speed! I’ve also noticed my blackheads and acne seems to be in control as well. I also love that it is wireless and easy to use! This product was gifted by PMD Beauty,Love this!,fair,hazel,combination,brown,P467969,Personal Microderm Elite Pro,PMD,299.0
1559233675,5,1.0,,0,0,0,2023-01-28,I love Clarins products.  This crème is one of my favorites.  I use it daily.  I use both day and night.  I can not live without it.,Clarins moisturizer is so clean and soft.,lightMedium,hazel,dry,blonde,P501566,Super Restorative Anti-Aging Day Moisturizer,Clarins,132.0
2693742632,5,1.0,,0,0,0,2022-12-21,"This is a must have facial oil. I like how my skin looks glowy, dewy and hydrated. The formula feels really nice on the skin, a small amount goes a long way and it applies effortlessly. I apply it day and night and i also like adding a few drops on my foundation on makeup days and my makeup just looks so good and beautiful. I would recommend it for its performance and results.",Love,light,brown,normal,,P504026,Mini Algae + Moringa Universal Face Oil,MARA,40.0
1964993942,5,1.0,,0,0,0,2023-03-06,I really enjoy this cleanser. The thick cream foams up very nicely & leaves my skin feeling cleansed but not stripped. It does have a slight milky scent but it doesn’t bother me. I also like using this on sensitive armpits!,So very gentle!,,green,normal,,P454315,Milk Cleanse Gentle Foaming Cleanser,Moon Juice,32.0
5814515138,5,,0.800000011920929,5,1,4,2016-11-30,"I have combination skin, i have acne proned skin, i have redness and scaring, qnd large pores. Whenever i wear makeup, it usually wears off with my oily skin even though i blot throughout the day  its never the same. So this is my #1 go to mask, i use this mask to # 1 Hydrate my skin, tighten my pores and smoothes my skin texture. When i apply my makeup its 100x better than without this mask, it lasts longer my pores are less visible and im less oily so that means my make up does not slip and slide, it stays put because it balances my skin so i am able to hold my makeup on much longer without blotting or retouching. This is the best 15 minuite mask i have ever used. P.s. i keep it on longer, probably too long because when i go to take it off its dry, then i get some more liquid from the packet and i apply that to my face and hands and leave it on so mu skin can soak it up. This leaves my face looking amazing for a week.",AMAZING!!!,,,,,P399622,Luminous Deep Hydration Lifting Mask,Tatcha,95.0
5734796857,5,1.0,1.0,2,0,2,2023-01-06,"MARA Algae Retiol Face Oil is an absolute BEAUTY OIL for the night. No harshness from 1.2% clean retinol. I am 52 and always open to trying something to reduce the appearance of wrinkles and moisture my skin overnight. After using this face oil, my face doesn’t feel dry, even with the heater working all night.",Retinol + Face Oil,,brown,dry,black,P504016,Mini Evening Primrose + Green Tea Algae Retinol Face Oil,MARA,66.0
22401048538,5,1.0,1.0,19,0,19,2020-07-21,"Look, I get fillers every few months. I’m about due for my next round. Before taking super beauty, I was very close to getting Botox to dissuade early wrinkles that were starting to pop up. After taking super beauty, I feel comfortable staving off Botox for at least another year. My skin is even, glowing, and oddly, creamy? This stuff is great, I bought 3 bottles. Don’t wanna be without. 10/10 recommend.",,mediumTan,brown,combination,brown,P457002,SuperBeauty Daily Antioxidant SkinSupplement,Moon Juice,60.0
21855172763,5,1.0,1.0,4,0,4,2022-05-27,Total game changer. I have acne scars and uneven skin tone. This totally changed my skin. Lactic acid and eye cream is amazing. Rose oil can be bit thick for oily skin people but it didn’t break me out. Moisturiser is nice for night use to have plump skin in morning. Overall loved it.,Must try!!!,lightMedium,brown,oily,black,P480278,Rapid Radiance Set,Biossance,35.0
24778350167,5,1.0,0.5,12,6,6,2021-03-23,"(gifted by PMD beauty) At first I was bit worried if it will effect my sensitive skin, but after trying it out it only caused my skin to become a little red do to pressure. I really love how it sucked my blackheads and whiteheads!",Works great for blackhead,lightMedium,brown,oily,black,P467969,Personal Microderm Elite Pro,PMD,299.0
2498637800,1,0.0,0.9444440007209778,18,1,17,2022-01-26,"This sunscreen is my most high maintenance sunscreen. It only works well if you have the right actives or moisturizers underneath. I am often trying new products and I’ve found a 50% success rate. The wrong serum or moisturizer and the sunscreen starts pilling like crazy, becoming impossible to use. It also likes to converge in the corners between my nose and cheeks, eventually flaking off throughout the day. Not good for those with dry skin. This sunscreen just requires too much maintenance and is too much work. Also has a slightly orangey pink undertone. One shade fits all which is certainly not true.",Pills like crazy,lightMedium,brown,combination,black,P476733,Mineral Mattescreen Sunscreen SPF 40 PA+++,Supergoop!,38.0
10960425794,5,1.0,1.0,10,0,10,2020-02-26,"I was recommended this product by a Sephora skincare consultant. I got this along with Dr. Brandt’s microdermabrasion scrub and I love the combination of the two. I immediately noticed how much cleaner my skin felt after one wash and scrub. My pores are slowly getting smaller and my skin texture hasn’t felt/looked this good in a long time. Products are pricey, but worth it in my opinion.",Living with adult acne for years. This worked!,medium,brown,combination,brown,P448710,pores no more Pore Purifying Cleanser,Dr. Brandt Skincare,38.0
21625159032,5,1.0,,0,0,0,2022-11-21,"truly loved The Outset set! I have had the full versions before so I knew what is coming, but this set is absolutely perfect for traveling. Super stylish and luxurious bottles that don’t even look like a travel set. LOVE IT!",Great!,light,hazel,dry,,P483701,Daily Essentials Travel Set,The Outset,50.0
2479238144,4,1.0,1.0,3,0,3,2021-04-19,"Very gentle on my sensitive skin. A little goes a long way because it really does foam up as you add water. I took a star off because I do not enjoy the scent at all. The smell has an earthy/musky tone. It kind of reminds me of damp clothes. Like when you do laundry and forget to take out the load and put it in the dryer and then you open your washer and it has that old, damp smell. Not refreshing at all. But my skin enjoys the formula so I’ll keep using.",,lightMedium,blue,dry,blonde,P454315,Milk Cleanse Gentle Foaming Cleanser,Moon Juice,32.0
12691164863,2,0.0,0.857142984867096,7,1,6,2022-01-15,New formula is such a disappointment. Why did they change it? Literally crumbles on the skin. I noticed they to the argan oil out of the new formula which is what I think gave it such a nice smooth consistency. So sad.,,light,blue,combination,blonde,P476733,Mineral Mattescreen Sunscreen SPF 40 PA+++,Supergoop!,38.0
20932008877,4,1.0,0.75,4,1,3,2023-01-05,"I don’t usually have the best luck with clay masks but this one was a different experience. Instead of feeling dry and tight, my skin felt moisturized and cleansed. My face was glowing the next day!",,lightMedium,brown,combination,black,P504040,Spirulina + Ashwagandha Volcanic Sea Clay Detox Masque,MARA,54.0
42244090304,5,1.0,1.0,2,0,2,2023-01-25,everything works sooo well and the merch is nice - so worth the price,amazinggg,fairLight,hazel,combination,auburn,P501474,The Youth Vault: 13-Piece Vegan Skincare + Apparel Set,Youth To The People,340.0
1042477304,4,1.0,1.0,2,0,2,2021-09-11,I brought this with me in a trip as my normal face cleanser tube is too large for TSA. This was a great back up. It cleaned well and didn’t dry out my skin. I have normal skin type.,Perfect travel size and I would buy again!,light,green,dry,blonde,P471547,Mini Beste No. 9 Jelly Cleanser,Drunk Elephant,16.0
9399114176,5,1.0,,0,0,0,2023-03-15,This face serum is so great! I love how luxurious the packaging is and the quality of the product. I’ve been using it in my nighttime skincare routine and it makes my skin feel really moisturized! love it.,,light,green,dry,blonde,P505047,High Performance Face Serum with Vitamin C and Hyaluronic Acid,MACRENE actives,195.0
23173961743,5,1.0,1.0,1,0,1,2019-11-19,"Loved it! Little bit of gloss, little bit of glide, little bit of shine..makes it just perfect!! Highly recommend.",Loved it!,lightMedium,brown,combination,black,P449102,Crystal Ball Roller Gloss,INC.redible,12.0
8331836914,5,1.0,1.0,9,0,9,2021-04-08,Got it cause was on sale lol. I love it! It takes some time for the gloss to come in through the roller. There isn’t much of a fragrance to it either. It makes my lips smooth and I just love the fact that there’s amethyst in there! Get it while it’s on sale !!,YES,light,brown,combination,brown,P449102,Crystal Ball Roller Gloss,INC.redible,12.0
22069026257,5,1.0,1.0,4,0,4,2021-05-18,Really nice tint for light-medium skin tones. It’s easy to reapply and looks good with or without makeup. As usual Paula knows what’s good.,Favorite high end sunscreen,light,hazel,combination,brown,P469524,RESIST Super-Light Daily Wrinkle Defense SPF 30,Paula's Choice,37.0
1999054125,3,0.0,1.0,6,0,6,2021-03-31,Gave this a good go and finished basically the whole container. No improvement :/,,mediumTan,brown,combination,brown,P457519,Water Drench Hyaluronic Cloud Hydrating Eye Gel,Peter Thomas Roth,43.0
27943566622,4,1.0,,0,0,0,2021-04-09,"I have super dry skin and using this before hyaluronic acid makes my skin super soft, but it also kind of feels like there’s a film on my skin, so it’s good.",,fair,hazel,dry,brown,P459116,Mini Cream Skin Toner & Moisturizer,LANEIGE,15.0
1460471698,5,1.0,0.8888890147209167,9,1,8,2019-09-27,"Best exfoliate hands down!!! If you have to invest in only one La Mer product, please make it this exfoliator, it’s worth every single shiny penny!! You won’t regret purchasing this ❤️",Holy Grail of Exfoliators ❤️❤️❤️,mediumTan,brown,combination,auburn,P431416,The Replenishing Oil Exfoliator,La Mer,135.0
23585577211,5,1.0,1.0,2,0,2,2020-07-09,"I got this to cool myself while taking in the sun, and it is amazing. The scent is natural and I’m refreshed every single time.",So Refreshed,fair,green,combination,red,P452004,Rose Hibiscus Hydrating Mist,Herbivore,36.0
2307310369,2,0.0,0.7200000286102295,25,7,18,2021-02-24,"I want to give it 5 stars for how it helps soften and moisturize my waist length hair. I’m knocking it down to 2 stars due to the smell. Omg I didn’t realize that Chia seed oil is rich in omega 3 FA- same thing that gives off that fishy smell. It doesn’t smell in the bottle and when you first apply it, but after a few hours the FA starts to degrade and that’s when it gives off that fishy smell. I thought it might just be my senses that’s off but I’ve had my family sniff my hair and they all came to the same conclusion. Unfortunately I will not repurchase.",Works great but smells like fish!,medium,brown,dry,black,P447597,100% Organic Virgin Chia Seed Oil,The Ordinary,8.5
2852495064,5,1.0,0.0,1,1,0,2022-02-21,"This set includes some of my favorite Biossance items! Perfect set to try out the products, especially the lactic acid serum which has been a game changer for me!! Also love to mix the omega repair cream and rose oil for these fry winter months.",,light,hazel,combination,auburn,P480278,Rapid Radiance Set,Biossance,35.0
7992222526,5,1.0,1.0,5,0,5,2019-11-05,I have been using this product for over a month now. It always leaves my skin feeling extra hydrated and extremely soft. Sometimes I use it right after my cleanser or sometimes I use it as my last skin step. Also sometimes I use it over my foundation and it does not mess anything up. Leaves my skin beautiful and glowing. It’s such a great product.,Silky soft and hydrated,light,brown,dry,brown,P447607,Rose Milk Re-Hydrating Mist,Lancôme,30.0
11818203753,5,1.0,1.0,1,0,1,2022-12-22,Perfect size to travel with! I always need my MARA especially when traveling and this fits perfect in my bag on the go!,,fair,brown,combination,,P504026,Mini Algae + Moringa Universal Face Oil,MARA,40.0
35605781524,3,0.0,1.0,1,0,1,2023-03-06,"After using this product and pairing it with a moisturizer i noticed that my skin started pilling and it made my makeup look cakey. Although, on its own without anything else it is a good product.",Could be better,lightMedium,brown,dry,brown,P504636,Mini Watermelon Glow Niacinamide Dew Drops,Glow Recipe,20.0
6558447211,5,1.0,1.0,7,0,7,2019-06-28,"I really enjoyed this product! I am a huge self tanner/gradual tan user! I usually use Loving Tan products but I recently bought this because I wanted to try something new. I was a bit thrown off because this does not have a guide color to it, but the tan you receive is so natural and the smell of this is great!!! Would recommend!!",Really Great!,medium,brown,oily,brown,P441645,Sunless Tan Firming Lotion,COOLA,46.0
5505045669,5,1.0,0.0,3,3,0,2022-02-15,"This is a great brightening, moisturizing face cream! I hadn’t heard of FaceGym before but after seeing the before and after pics of this lotion, I had to try it for myself! I can’t speak to the long term results just yet, but I’m happy so far after using it for a couple weeks! *gifted by FaceGym",Very brightening,light,hazel,dry,blonde,P476676,Youth Reformer Firming Vitamin C Oil Serum,FaceGym,110.0
6484491619,4,1.0,1.0,2,0,2,2021-02-02,I love this eye gel!! It really plumps up my under-eye area and I have noticed my fine lines softening a little. I’m so surprised that there aren’t more reviews on this! I really enjoy using it! I’m almost out and planning to buy another.,Softens My Fine Lines,mediumTan,brown,combination,brown,P457519,Water Drench Hyaluronic Cloud Hydrating Eye Gel,Peter Thomas Roth,43.0
7938877683,5,1.0,0.857142984867096,7,1,6,2019-01-08,Out of all the scents this is my favorite! It smells so good and I feel so refreshed after spraying my face. I would definitely recommend.,,mediumTan,brown,oily,brown,P440483,"Facial Spray with Aloe, Cucumber and Green Tea",Mario Badescu,7.0
7592386298,5,1.0,,0,0,0,2023-01-04,"My skin is absolutely GLOWING thanks to this amazing oil. I can’t imagine a more perfect product than this. I look so youthful, reenergized, and ready for the day/night as soon as I apply it. It’s almost a miracle!",,light,brown,oily,,P504016,Mini Evening Primrose + Green Tea Algae Retinol Face Oil,MARA,66.0
7267450093,5,1.0,1.0,7,0,7,2020-01-21,"This concentrate helps fade my post inflammation hyperpigmentation with consistent use SO much. It’s light and quick-absorbing so no annoying film is left behind. After using this for a week, all of my dark spots were significantly lighter. I also noticed my overall skin tone appeared to be a bit more even which is a huge plus.  Looking forward to seeing how much more improvement I get with consistent use. *Item gifted in exchange for an honest review.",Dark spots? don’t know her!,light,brown,oily,blonde,P453822,Dark Spots No More Triple Acid Spot Minimizing Concentrate,Dr. Brandt Skincare,71.0
26067667104,5,1.0,0.8500000238418579,40,6,34,2022-05-19,"This lightweight, non greasy, ultra hydrating oil has completely changed the texture and bounce of my skin. Not to mention the blend of essential oils to help calm me before I go to bed. I’ve used this during the day as well when I’m not wearing makeup (oily skin) and it never feels heavy",THE BEST OIL YOU WILL EVER TRY,,,oily,,P500248,Collagen Superfusion Firming & Plumping Facial Oil,Charlotte Tilbury,85.0
1021207138,5,1.0,0.857142984867096,7,1,6,2022-04-09,"I have combo skin, and I finally found a sunscreen that doesn’t make me oily! The tint is light in color but blends away into my NC20 skin tone. I wouldn’t say it gives any coverage but it somehow evens out my skin and reduces redness. Similar to Supergoop’s matte sunscreen but this is sooo much better. It’s thick but feels weightless on the skin. I could always feel sypergoops on my face. This also dries to a semi matte finish. Doesn’t really transfer to clothes, just a tiny bit.",,lightMedium,brown,oily,black,P469524,RESIST Super-Light Daily Wrinkle Defense SPF 30,Paula's Choice,37.0
21739080118,4,1.0,0.6000000238418579,20,8,12,2019-01-23,Very effective and nourishing but it is somewhat hard to rinse off if you leave it on longer than the suggested time. It is very hardening on your face and will crack if you move too much.,,fairLight,brown,oily,brown,P440500,Super Collagen Mask,Mario Badescu,18.0
8126971276,5,1.0,1.0,1,0,1,2022-08-11,"This is a nice set. I love how it sets in my skin. I don’t usually buy products with rose because I don’t like certain floral smells… this rose oil smells great, not greasy and leaves a fresh feel and natural glow to the skin.",,medium,brown,combination,brown,P480278,Rapid Radiance Set,Biossance,35.0
1386503146,5,1.0,1.0,3,0,3,2021-10-21,This is my favorite sunscreen ever. The unseen is a close 2nd.,,fair,brown,combination,brown,P476733,Mineral Mattescreen Sunscreen SPF 40 PA+++,Supergoop!,38.0
5970596553,4,1.0,1.0,1,0,1,2022-01-07,I’ve been using this for a couple years now. I really like it. It’s light and cleanses well and it doesn’t dry out your skin. I also think it does a good job of removing makeup so you don’t need to use a separate makeup remover.,,fair,brown,normal,brown,P471547,Mini Beste No. 9 Jelly Cleanser,Drunk Elephant,16.0
12649168884,2,0.0,0.75,4,1,3,2020-12-06,"got my first bottle. slightly sticky but the solution as such is good. However, the spray itself is just horrible. it spits out big drops of frothy product all over face and hair. it is not like mist at all. using it with cotton pad instead. will not re-purchase.",bad sprayer,mediumTan,brown,combination,black,P440483,"Facial Spray with Aloe, Cucumber and Green Tea",Mario Badescu,7.0
25370505265,4,1.0,0.5,2,1,1,2022-04-25,"I liked this cream a lot.  I’ve only just started using it so I’m not sure how well it works on smoothing out wrinkles or stretch marks.  It is unscented, which I don’t mind but other Strivectin products I’ve tried have had a nice scent to them so I was hoping this would be something similar.  The cream is thick so you do not need very much.  It’s one of the most hydrating moisturizers I’ve ever used.  I highly recommend it!  The only thing I can’t recommend is the price tag… it’s a $45 cream at best!",Very Moisturizing!,light,blue,combination,brown,P474121,SD Advanced  PLUS Intensive Moisturizer For Wrinkles & Stretch Marks,StriVectin,82.0
6623909835,5,1.0,1.0,13,0,13,2019-10-15,"I have now purchased several of The Ordinary facial/hair treatments and these have changed my skin and hair, sooooo much better with  instant improvements  !!Start early ladies, 20’s is NOT too soon to take care of your skin",Simple,light,,combination,gray,P447597,100% Organic Virgin Chia Seed Oil,The Ordinary,8.5
35358893225,5,1.0,0.0,1,1,0,2022-02-15,"Fabulous set! Gives so much moisture to my thirsty skin, and minimizes lines",,fair,blue,dry,blonde,P480278,Rapid Radiance Set,Biossance,35.0
6840271668,4,1.0,1.0,1,0,1,2021-12-15,"I’ve purchased this set multiple times and my biggest issue was the pump bottle for the moisturizer they had before would always have product trapped in it and I couldn’t completely finish the bottle. I’m glad to see they took the set off the market, redesigned the moisturizer container to a little pot and brought it back to sephora! I really love this for my oily, acne-prone skin. I find the entire set has a lovely cooling sensation when I use it at the end of the night. I only took a star off because I do find the cleanser to be a little stripping, I can only use a tiny drop of it and I exfoliate it in my hands with water before applying. Otherwise this is a solid set!",Great redesign!,tan,brown,combination,auburn,P472180,Balance It All Oil Control & Pore-Refining Set,OLEHENRIKSEN,40.0
2741954320,5,1.0,0.75,12,3,9,2022-11-16,"Just purchased this set as I used to use a traditional 3-5 blade razor on my face and I TOTALLY NOTICE A DIFFERENCE! Not only is my skin smooth, peach fuzz and hair free- I didn’t get any razor bumps or irritation that usually follows from shaving! I would definitely restock as I love the colours and grip ❤️","Cute, easy to use and sharp!",lightMedium,brown,combination,black,P482312,Facial Razor Set,SEPHORA COLLECTION,12.0
1735263746,5,1.0,0.9285709857940674,14,1,13,2020-10-27,"love it! best best clear tan out there, sooo dark and not orange at all. best of all comes in refill packs so less waste! this is a holy grail tan",eco friendly great tan!,light,hazel,combination,blonde,P459140,Self-Tanning Water Refill,Isle of Paradise,24.0
25443275450,4,1.0,0.6666669845581055,3,1,2,2023-01-06,"First of all lets talk about its gorgeous packaging, the bottle is of glass and of beautiful color. I have been using this face oil from 2weeks, it helps to hydrate my skin plus plump it. Its suits to my skin as in winter season my skin usually gets dry and patchy but I can say this lightweight face oil is the one which reduces dryness and makes my skin smooth and soft.",,lightMedium,brown,combination,,P504026,Mini Algae + Moringa Universal Face Oil,MARA,40.0
20315759040,5,1.0,1.0,2,0,2,2022-01-17,Has completely saved my skin from winter dryness! Beautiful application and leaves my skin so soft. I can easily layer sunscreen or moisturizer over it with no pilling or greasy feeling.,,lightMedium,brown,combination,brown,P459116,Mini Cream Skin Toner & Moisturizer,LANEIGE,15.0
33102553936,5,1.0,1.0,3,0,3,2021-09-13,I absolutely love this. It’s truly mattifying but not drying. I love the foam consistency.,now i enjoy putting on sunscreen,lightMedium,,oily,,P476733,Mineral Mattescreen Sunscreen SPF 40 PA+++,Supergoop!,38.0
1653540649,2,0.0,0.6666669845581055,6,2,4,2022-05-08,I had high hopes for this moisturizer but it doesn’t work for me.  I have dehydrated skin and typically use a gel cream for daytime and a heavier cream for night.  I heard this product is lightweight but packs a punch. While I like the whipped texture this seemed to leave a film on my face and felt like it sat on top of my skin and never fully absorbed.  I tried using at night and my face felt tacky.  Thankfully I bought a travel size which I will finish but I won’t repurchase the full size.,Sticky,fair,blue,combination,brown,P469526,Water-Infusing Electrolyte Moisturizer,Paula's Choice,37.0
23987787449,1,0.0,,0,0,0,2023-02-05,So so so sticky and greasy. I honestly hate it and feel like I’ve wasted my money. Will most likely return. It feels like you’re wearing a face masks it does diffuse the look of pores and remove SOME redness but not at all worth it imo,,lightMedium,green,combination,brown,P469524,RESIST Super-Light Daily Wrinkle Defense SPF 30,Paula's Choice,37.0
5280983571,5,1.0,1.0,1,0,1,2019-09-08,I tried sooo many other eye gels/creams nothing really worked. Tried this a few months ago and I can really notice a difference. It might tingle a bit the first few times you use it but after a week or less you should be fine. I Love this product. TheI packaging is travel friendly and really easy to use. Worth every penny!,,light,brown,combination,brown,P429676,Hydra Life Cooling Hydration Sorbet Eye Gel,Dior,60.0
910789806,5,1.0,0.8333330154418945,6,1,5,2022-07-13,I have finally found a sunscreen that I can wear on my face that A) doesn’t burn B) doesn’t dry out my skin C) doesn’t pill and flake and D) isn’t greasy! I actually look forward to using this in the morning. I apply it after my moisturizer and it goes on really smoothly and the texture reminds me of Dream Matte Mousse from the early 00’s which is fun and nostalgic.,Finally!,light,blue,dry,brown,P476733,Mineral Mattescreen Sunscreen SPF 40 PA+++,Supergoop!,38.0
7415869076,1,0.0,0.9230769872665404,13,1,12,2021-11-05,"This new formula is horrible. Doesn’t matter how much I shake it, it still comes out almost chunky and it doesn’t spread well on my skin. I have also been breaking out ever since the formula changed. Even the smell is different. Please go back to the old formula, I hate this new version.",Go back to the old formula!!,light,blue,normal,blonde,P476733,Mineral Mattescreen Sunscreen SPF 40 PA+++,Supergoop!,38.0
1680110849,5,1.0,0.8999999761581421,10,1,9,2021-03-30,"I love this stuff! It’s light but still moisturizing. No fragrance but doesn’t have that fragrance free smell. The texture reminds me of Tatcha water cream. A little goes a long way so while it’s not a huge bottle, it lasts a while. I wouldn’t say it would be the best to fix really dry skin but it’s perfect for my combo skin.",Perfection!,mediumTan,brown,combination,brown,P469526,Water-Infusing Electrolyte Moisturizer,Paula's Choice,37.0
2856251844,2,0.0,0.5,2,1,1,2021-11-20,Wanted to love this because I love crystals & it’s a cute concept but the rollerball I received felt as it was chipped. Feels as if I might cut my lips every time I use it so discarding it. The oil isn’t really very hydrating either. Not worth it even on sale. 2 stars for cute packaging,pass,mediumTan,brown,combination,brown,P449102,Crystal Ball Roller Gloss,INC.redible,12.0
2526570292,5,1.0,1.0,17,0,17,2021-02-18,"This is an excellent masks. I don’t know if this will help the people who complain of mask coming off but I had this problem too. I started waiting until my face was COMPLETELY dry after cleansing. For the first round just lightly distribute the mask across your face. I think if your face is damp, it tends to stick. This worked for me, hope it helps.",,fair,green,combination,brown,P436346,Youth Junkie Activated Mask,FOREO,21.99
23247980378,5,1.0,,0,0,0,2021-07-17,"first of all - this my fav brand! I do love they formulas and I Leo results you are able to see within 1 week of use!they always stands for my beauty and thats why I love to support them as they support my skin!This body cream against wrinkles and stretch marks I use only for stretch marks as I am in the process of loosing weight and my thin skin need more support than usually. the texture of the cream is very rich and sick - you gently rub it into stretch marks and massage until is absorbs.  you will see from first dew days that skin is more elastic and hydrated which means the firming process is running. of course you have to use it for a month at least to see long lasting results, but I am very patient and I know that everything what StriVectin do works!thanks StriVectin for taking care of my skin!",the best for stretch marks,fair,brown,combination,brown,P474121,SD Advanced  PLUS Intensive Moisturizer For Wrinkles & Stretch Marks,StriVectin,82.0
6896983182,5,1.0,1.0,2,0,2,2022-11-10,"I was using this and my skin cannot be happier! I love that it’s unscented and using clean ingredients. My skin is sensitive/oily combination, after using it for 10 days I can see the dark spots are brighter as well as skin is a little glowing.",,light,brown,combination,black,P483701,Daily Essentials Travel Set,The Outset,50.0
1756332461,5,,1.0,16,0,16,2015-11-16,"This is a wonderful creme, and I’ve tried many. I just picked up a sample, so have only been using a few days. It’s super thick, making it easy to apply evenly, but it goes on smooth and is not sticky or greasy. My skin feels like a baby’s in the morning. I also use Dior’s BB and the serum. They work beautifully together. I have sensitive skin and this causes me no irritation whatsoever. I’ve read reviews about the scent and now that I am paying attention I notice it. Scents usually bother me, but this one really isn’t that strong nor is it offensive. It don’t last long either.My one complaint is the price--holy schneikies. Definitely grab a sample from the wonderful staff at Sephora before you commit! But hey, you’d pay this much for a couple of facials and this lasts a lot longer. Thank goodness for the VIB holiday coupon!",Love,,,dry,,P375354,Capture Totale Intensive Night Restorative Crème,Dior,175.0
7375781965,5,1.0,0.4000000059604645,5,3,2,2021-12-07,"I have never tried at home microdermabrasion and was very excited to do so with the right device. I have combination skin, enlarged pores, blackheads, blemishes and early signs of aging like fine lines and wrinkles. Everything that Elite Pro targets.It combines unique technology of vacuum suction and three-speed capability with multiple attachments even for ultra-sensitive skin. Did I mention you can use it on the body too?With weekly treatments I noticed my pores are cleaner, skin is smooth and soft.",great device,light,hazel,combination,blonde,P467969,Personal Microderm Elite Pro,PMD,299.0
5184254305,5,1.0,1.0,6,0,6,2020-04-23,"I have been using this since I received it in my FabFitFun box in early 2019. I finally am almost done after using it several times a week. I only need a small bit & it leaves my skin feeling wonderful; soft & smooth. I am repurchasing now due to the sale, but I would purchase even if there wasn’t a sale.","Sale or No Sale, Would Buy Again!",fair,blue,dry,blonde,P448710,pores no more Pore Purifying Cleanser,Dr. Brandt Skincare,38.0
2116782111,1,0.0,0.8999999761581421,10,1,9,2020-10-17,Every time I use this product my eyes were extremely dry in the morning. Even layered a simple hydrating rich eye cream on top of it and the same thing. Applicator carries it sometimes very close to depositing it into eye. Hydration it does not.,Cool dehydrated eyes,fair,blue,combination,brown,P429676,Hydra Life Cooling Hydration Sorbet Eye Gel,Dior,60.0
25161262187,5,1.0,0.75,4,1,3,2020-02-13,"I actually love it! So my skin were really dry and I didn’t wanna spend too much money for face masks every week so I bought it and it’s amazing, it feels stinging at first because my skin was too dry but after a while the stinging feeling was gone and after I wash them off my skin were super soft, the best part is that this is only 7$ but over ten uses per tube, and I love the smell! I’ve bought them three times and definitely still going to keep buying it in the future!",,medium,brown,dry,black,P446820,Grapefruit Peeling Mask - Skin Perfection,SEPHORA COLLECTION,8.0
2589463464,1,0.0,0.25,4,3,1,2020-07-28,I went to the store and I asked for a “peeling” mask and this is what they recommended. This is more of a light face scrub that you massage and then wash off. I was disappointed to say the least!,Not a “peeling” mask!!!!,fair,brown,dry,brown,P446820,Grapefruit Peeling Mask - Skin Perfection,SEPHORA COLLECTION,8.0
5087554364,5,1.0,0.5,2,1,1,2019-11-15,wonderful product I would recommend this to my friends and family.,great,mediumTan,brown,dry,brown,P449102,Crystal Ball Roller Gloss,INC.redible,12.0
11131500882,5,1.0,0.5714290142059326,7,3,4,2020-05-02,"Saw instant results, love how hydrating these were. Will be my new go too!",,tan,brown,combination,brown,P437960,Baggage Claim Rose Gold Eye Masks,Wander Beauty,26.0
9203617241,4,1.0,1.0,6,0,6,2022-08-18,"I love the texture of this jelly cleanser, it has a good lather and will clean the face well. It is very fragrant if that bothers you (so take that in mind). Overall I really like Innisfree products, so far I’ve also tried the Hydrating Cleansing Foam with Green Tea and its much more gentle.",Fun Cleanser,lightMedium,brown,combination,brown,P482007,Dewy Glow Jam Cleanser with Jeju Cherry Blossom,innisfree,13.0
21714698663,4,1.0,0.5,26,13,13,2019-10-18,Smells lovely! I love spraying this on my big happy face after I do my makeup just for extra pizazz,Smells lovely!,fair,blue,dry,blonde,P452004,Rose Hibiscus Hydrating Mist,Herbivore,36.0
32579845454,5,1.0,0.5,2,1,1,2022-09-06,"It helps my skin stay hydrated and healthy, smoother and moisturized! I haven’t noticed my wrinkles enormous reduction as well as the increase of them. Love the formula!",A must-have in my routine!,fair,blue,normal,blonde,P474121,SD Advanced  PLUS Intensive Moisturizer For Wrinkles & Stretch Marks,StriVectin,82.0
10135702085,3,0.0,0.25,4,3,1,2020-04-26,"Although this cleanser was hydrating and didn’t strip my skin, I didn’t really see any changes to my skin and I also didn’t feel like it was thoroughly cleaning my skin - more so just cleaning the surface.","Meh - not the best, not the worst",mediumTan,brown,combination,black,P448562,Barrier+ Foaming Clay Cleanser,Skinfix,32.0
43882014,5,,0.8333330154418945,6,1,5,2016-03-10,i rarely review any sort of face treatment as they all seem to be about the same. but i got this as a sample and love it! i have been using if for about 2 weeks without much thought because i wasn’t expecting much. but the past few days i have been thinking that my skin looks fantastic! and this is why! totally worth it! just purchased the full bottle. i do agree with some other reviewers that the spray bottle is a bit odd. but the results are worth it.,wow!  love it!,,,normal,,P404232,DermalQuench +Retinol Advanced Resurfacing Treatment,Kate Somerville,110.0
1313491209,5,1.0,1.0,1,0,1,2020-01-27,"I have sensitive skin and don’t like the feel of heavy products... this toner is very light and gentle, does not cause any negative reactions and is not drying.",Wonderful Toner,light,brown,normal,brown,P452004,Rose Hibiscus Hydrating Mist,Herbivore,36.0
11214081561,5,1.0,0.6666669845581055,3,1,2,2020-06-16,I have been taking this product for a couple months now and I’m pretty amazed by how it’s minimized the fine lines on my forehead! Excited to keep taking it to see more lasting results.,Pretty amazed!,mediumTan,brown,combination,black,P457002,SuperBeauty Daily Antioxidant SkinSupplement,Moon Juice,60.0
6268890929,5,1.0,1.0,2,0,2,2023-03-06,"I was a die hard fan of the previous version of this toner, and I am OBSESSED with this new formula. It’s slightly thicker which I feel helps preserve more of the product as it’s not running all over my hands, and also it feels more hydrating. My skin is so soft and glowy. I recommend this toner to everyone. It’s just the GOAT",Incredible must-have,light,green,combination,,P503890,Green Tea Hyaluronic Acid Hydrating Toner,innisfree,22.0
2503050904,5,1.0,,0,0,0,2022-08-10,"Amazing product, I will definitely buy full size once I finished it",,tan,brown,combination,brown,P471566,Mini Lemonade Smoothing Scrub,OLEHENRIKSEN,18.0
6552375137,5,1.0,1.0,4,0,4,2022-01-15,"This is my favorite cleanser I’ve tried. It’s super light weight on your face and washes off smoothly. As stated on the bottle, it can be used on a dry or wet face which makes it super easy to use this without any hassle or mess. It washes off my makeup well enough, but sometimes I’ll still have mascara left under my eyes. This cleanser leaves my skin feeling super soft and hydrated. I love that it’s composed of clean ingredients too.",,light,,normal,,P471547,Mini Beste No. 9 Jelly Cleanser,Drunk Elephant,16.0
22133972874,3,0.0,0.3333329856395721,3,2,1,2020-11-23,Nothin special! Nice texture and fragrance! But you can do it yourself without buyin such an expensive product! It washes ur face and no more than that! Save your money and do it at home using natural ingredients,just okay,light,brown,combination,brown,P433461,Rose Sugar Scrub,Lancôme,34.0
1520270141,5,1.0,0.84375,32,5,27,2018-01-11,In love! Switched to this from my beloved Sunday Riley products. The smell is soo much better (very pleasant light scent). I’m using this together with their glow serum and absolutely loving it,,light,blue,normal,brown,P427731,Capture Youth Glow Booster Age-Delay Illuminating Serum,Dior,110.0
31534032028,4,1.0,0.6666669845581055,3,1,2,2023-02-04,"I’m hooked! Started out with this pack of skin care, and I can’t say enough about it. I have mature skin at age 51 years old. And YED Biossance is WORTH EVERY CENT!",A Mature SKINCARE MUST,light,brown,dry,brown,P480278,Rapid Radiance Set,Biossance,35.0
36059575911,5,1.0,1.0,3,0,3,2023-03-12,I purchased this set yesterday and loved how my skin felt and looked this morning so much that I had to come and write this. My skin feels buttery smooth and supple I’ve never felt it this way unless after a mask. Just go and get it!,Just go and get it tbh,light,brown,dry,brown,P504303,Strengthening Nighttime Ritual Set,Tatcha,95.0
5220778816,5,1.0,1.0,15,0,15,2019-02-27,"My favorite mask. I have dryer skin, as well as sensitive, and my skin looks incredible every time i use this. When i started using it people asked what i do to my skin. It makes my skin look very well hydrated.",Very good collagen mask,light,green,dry,blonde,P440500,Super Collagen Mask,Mario Badescu,18.0
6671011173,5,1.0,0.5,4,2,2,2021-12-18,"I love how the texture of the mound skin looks after using this Personal Microderm Elite.  my skin is much smoother and smoother.  I have a lot of blackheads in the cheekbone area, I have been using it once a week and it has helped me a lot with the blackheads.  And I realized that it really helps in the penetration of my skincare products.  I find it easy to use and very practical.",Great!!!,lightMedium,brown,combination,black,P467969,Personal Microderm Elite Pro,PMD,299.0
12634770554,5,1.0,,0,0,0,2023-03-19,"I wanted to return this cleanser at first because I was not used to the texture and the scent. I kept using it for 3 more days, and I was hooked! I have tried so many different cleansers before and only stuck to Clinique for the past 2 years until Glossier came to Sephora. Clinique was very gentle on my skin, but I did feel dry after just a few minutes if I didn’t have any moisturizer on already. Glossier cleanser, on the other hand, leaves my skin super soft and hydrated. It’s actually quite a difference compared to other cleansers. It’s definitely not for makeup removal since it’s so gentle. I always use this as the last step of my double cleansing routine with my Foreo. It has a light rose scent, which I don’t really mind now that I’m used to it (would love it more if it was fragrance free).",One of the best cleansers for my sensitive skin,,brown,combination,black,P504524,Milky Jelly Gentle Gel Face Cleanser,Glossier,19.0
29909128757,2,0.0,0.6666669845581055,3,1,2,2023-02-19,yes they are pretty....yes lots of serum but girl they are slimy and not worth the hype. For all you non fresh faced over 30 year olds.... don’t buy if you are looking for results.,"why the hype? no results, soaked and yucky",tan,brown,dry,blonde,P437960,Baggage Claim Rose Gold Eye Masks,Wander Beauty,26.0
1760542789,4,1.0,,0,0,0,2021-03-03,I have been using this for about two months now. So far it’s better than any others I used and I tried at least 7 others. It has helped with my dark circles not perfectly but better.  So far this is a keeper.,Finally Something that works,fair,green,combination,auburn,P457519,Water Drench Hyaluronic Cloud Hydrating Eye Gel,Peter Thomas Roth,43.0
1482382338,2,0.0,0.8131870031356812,91,17,74,2020-03-06,"I got this product for free to test out. Honestly,  I didn’t see much of a difference. :( They hyperpigmentation around my mouth may have gotten a LITTLE bit better, but I used this for three weeks and noticed no difference with my dark spots.",Not Worth It,light,blue,combination,brown,P453822,Dark Spots No More Triple Acid Spot Minimizing Concentrate,Dr. Brandt Skincare,71.0
26716661609,5,1.0,1.0,8,0,8,2020-11-27,I have very dry and flakey skin. I was having a really hard time finding a product to keep me hydrated all day. This mist feels amazing on my face and keeps my skin flake-free through the day. One of the only products I’ve found to really help my dryness!,worth it!,fair,blue,combination,blonde,P452004,Rose Hibiscus Hydrating Mist,Herbivore,36.0
5668253476,3,0.0,1.0,5,0,5,2021-05-01,I love the color this gives my super pale red skin. It’s so pretty. But OMG it smells HORRIFIC and it doesn’t go away. The DHA is powerful in this unfortunately and it literally lasted 3 days and I couldn’t handle it. I was showering twice a day for 3 days to get the smell off. I probably won’t buy it again because of this.,beautiful but smells so bad!,fair,blue,dry,blonde,P459140,Self-Tanning Water Refill,Isle of Paradise,24.0
5695305506,5,1.0,0.6666669845581055,3,1,2,2022-05-30,"Extremely cooling. Helps with puffiness and dark circles. I store mine in the fridge.. after about 5 min on, you feel an intense cooling sensation. It helps me sooo much with my puffiness. Love. Will definitely repurchase.",extremely cooling,lightMedium,green,dry,brown,P481712,Party Recharge Cryo Me Crazy Under-eye Masks,INC.redible,20.0
9752481176,5,1.0,1.0,4,0,4,2022-02-24,"I have a medium skin tone, and this is the first physical sunscreen that doesn’t leave me a cast. It’s easy to blend and leaves a silky finish. I have combination skin, so It’s a little drying for my cheeks but nothing too crazy. I was breaking out due to chemical sunscreen, so I switched to this one, and my acne is gone. I think that many bad reviews are because people expect this to perform like a chemical sunscreen when it isn’t.",great physical SPF that helped with my acne,lightMedium,brown,oily,brown,P476733,Mineral Mattescreen Sunscreen SPF 40 PA+++,Supergoop!,38.0
23439050163,5,1.0,1.0,12,0,12,2019-07-12,"I have very sensitive skin but this product is not irritating. It made my skin feel happier and refreshed. It doesn’t peel off; however, the directions literally say to rinse after application so don’t be put off. Would recommend, especially for quality and price!!",,,,combination,,P446820,Grapefruit Peeling Mask - Skin Perfection,SEPHORA COLLECTION,8.0
9572994256,5,1.0,,0,0,0,2019-04-25,"This is definitely one of my favorite setting/priming sprays. I have a tiny breakout currently and have noticed that when I use this spray the redness nearly disappears. It smells wonderful and feels very refreshing. I personally prefer it as a primer, because it doesn’t seem to hold up at well for me as a setting spray.",Great Product and Great Value,fair,green,normal,blonde,P440483,"Facial Spray with Aloe, Cucumber and Green Tea",Mario Badescu,7.0
5736898006,4,1.0,1.0,6,0,6,2021-10-28,"This is the best sunscreen I have ever used and I highly recommend it with the caveat that I personally cannot use it daily because I can’t use titanium dioxide. If you have no sensitivity to titanium dioxide and you have normal to oily skin this stuff is so good and also easy to reapply throughout the day. It feels like a primer and even though it looks tinted I never had an issue with any orange or weird cast (for reference I have very pale skin (MAC NC10, PMG shade 3 in concealer, NARS Chantilly). Really sad I can’t use this because my skin can’t handle the titanium dioxide so my search for the perfect sunscreen continues! I do think this would work well for a lot of people though!",great but not for me,fairLight,Grey,combination,brown,P476733,Mineral Mattescreen Sunscreen SPF 40 PA+++,Supergoop!,38.0
2330399812,5,1.0,0.1666669994592666,6,5,1,2022-02-28,"This new oil serum product was gifted to me by FaceGym brand. Amazing skincare product that helps to eliminate signs of aging and wrinkles. I am close to become 30 years old and this is the perfect time to enhance your skincare routine. It is very soothing, doesn’t dry my skin out. Also Vitamin C has some brightening effect.",Amazing!!,fairLight,hazel,combination,brown,P476676,Youth Reformer Firming Vitamin C Oil Serum,FaceGym,110.0
8182363529,5,1.0,,0,0,0,2022-06-15,"I really love this cleanser, I was a bit apprehensive on reading some of the reviews but took the chance when it was on sale and I would definitely recommend, I don’t think it’s too strongly scented atal and it doesn’t leave my skin feeling stripped even though I have dry skin, lovely texture and packaging too.",,light,hazel,combination,brown,P482007,Dewy Glow Jam Cleanser with Jeju Cherry Blossom,innisfree,13.0
23493011171,5,1.0,1.0,5,0,5,2022-07-14,"I have an oily skin a very oily T zone , I was struggling to find a sunscreen that would keep my skin looking Matt and out of grease along the day, I felt like this was expensive but No believe me this sunscreen definitely worth every dollar I paid , I’m enjoying using it also blends perfectly with my foundation it gives me the soft Matt finish for my makeup it does work as a primer … love it!!!",game changer,lightMedium,brown,oily,brown,P476733,Mineral Mattescreen Sunscreen SPF 40 PA+++,Supergoop!,38.0
7463094599,1,0.0,0.7857139706611633,14,3,11,2019-01-10,"Love what this product does. I’ve used multiple bottles of this and the rose water one... only to realize that those sprays were the reason why I was breaking out! I wish I could use it without it breaking me out because it makes the skin feel so nice, hydrated, and refreshed.",,deep,brown,combination,black,P440483,"Facial Spray with Aloe, Cucumber and Green Tea",Mario Badescu,7.0
8067175953,5,1.0,0.9166669845581056,36,3,33,2019-01-03,One of my favorite masks from them. Not drying at all which is a super big plus for my super dry skin. Applies smoothly and after 20 minutes wash off. No crazy smell either.,yes from me,fair,green,dry,brown,P440500,Super Collagen Mask,Mario Badescu,18.0
11333921927,5,1.0,1.0,1,0,1,2021-10-13,"This product has helped me find the balance between scrubs and chemical exfoliants. For the proper water ratio, I lightly dust one of my wet hands and apply directly to my wet face, without trying to premix it in my palm.",Best exfoliator!,lightMedium,,normal,brown,P467112,Daily Microfoliant Exfoliator Refill Pack,Dermalogica,56.0
24486949963,5,1.0,1.0,2,0,2,2023-01-04,This face oil is one of the best I’ve ever used! It’s so hydrating without being greasy like most oils tend to be on my skin. It smells so good and the dropper style bottle is easy to use (and looks beautiful on my vanity). My skin is absolutely glowing after use and it lasts for so long. A few drops go a long way too! Highly recommend!,A Must Try!,fair,blue,combination,red,P504026,Mini Algae + Moringa Universal Face Oil,MARA,40.0
1142701963,5,,0.5,2,1,1,2016-02-17,"I love this stuff! I use it after my toner and before all of the serums and moisturizer, at night. I wake up looking better than with make up! The flawlessness doesn’t last all day, yet (I’ve only been using it a week), but I’m hopeful over time it will!",Awesome!,,,combination,,P404232,DermalQuench +Retinol Advanced Resurfacing Treatment,Kate Somerville,110.0
1228733025,3,0.0,0.947368025779724,19,1,18,2019-11-16,"I have tried various sunless tan products and was really hoping this would be a keeper. Pros: Dries fast and doesn’t transfer, has a natural effect with no streaking, doesn’t require a mitt for application, builds easily, first application makes noticeable color difference...Con: the smell! There is an initial scent of pineapple (?) and then a nasty smell that overpowered the sweet fruit smell. Since I used the lotion all over, it became a lot of a bad smell, enough to make me gag. Unfortunately it’s going to have to go back!",Gross Scent,light,brown,combination,blonde,P441645,Sunless Tan Firming Lotion,COOLA,46.0
6856477206,5,1.0,0.8333330154418945,12,2,10,2022-10-28,"Really love this set. I always wanted to try the pro-retinol butter & love the formula. Was a little apprehensive about the scented ones because I don’t like sweet smells. They are all different types of sweet but what I like is that they don’t linger & choke you lol (like and bath & body products I find.) I have to go sniff my arm up close to catch the scent which is perfect for me. The glazed apricot is my fave so far. Will be buying more as the sizes are so convenient - keeping one for my bathroom, bedside, handbag & travel : )",My Go To Body Butter From Now On,,brown,normal,black,P503123,Smooth Like Butter Kit,Josie Maran,30.0
1655741699,4,1.0,0.947368025779724,19,1,18,2020-02-05,"I’ve only been using this product for several weeks but not long enough to see a dramatic change in my skin or lightening of blemishes. However, I do like it due to its ingredients and the slight benefits I have noticed while using it. It’s been a very stressful time for me so my skin has been all over the place and I continue to use it on any new blemishes that appear to assist with leaving little to no dark spots upon my skin. The bottle is super tiny for the price, but a little of the product goes a long way. I only spot treat instead of applying it all over, so I can better see a change in areas that need it. The consistency is nice and thick and it doesn’t run down your face like a serum. I haven’t had any issues or side effects, but I also don’t have sensitive skin and my skin type is oily. I received this product in exchange for my honest review.",It takes time,mediumTan,brown,oily,brown,P453822,Dark Spots No More Triple Acid Spot Minimizing Concentrate,Dr. Brandt Skincare,71.0
47038187234,5,1.0,,0,0,0,2023-03-14,Love to clean organic ingredients and the set is so lovely and the sleeves my skin so silky and smooth and I can’t wait to see with long-term use how it will affect my skin. Will definitely be repurchasing this.Gifted by macreneactives,,,,,,P505047,High Performance Face Serum with Vitamin C and Hyaluronic Acid,MACRENE actives,195.0
1975031405,5,1.0,1.0,4,0,4,2021-03-19,Will never use anything else. It keeps my combination skin’s oil in check and wears really well under makeup. Even gentle enough to put on my eyelids (they need spf too!) without irritating my eyes. Love that it multitasks as moisturizer and spf too.,Best ever!,fair,blue,oily,auburn,P469524,RESIST Super-Light Daily Wrinkle Defense SPF 30,Paula's Choice,37.0
2773697974,4,1.0,,0,0,0,2022-08-07,"I was a little nervous to try at home micro-needling, but overall this is such an easy to product to use. I love how this makes my skin feel over time, super soft and hydrated - which is saying a lot because my skin is chronically dry and I struggle with dry spots. This doesn’t hurt at all, although my one gripe is that at home tools like this can’t be professionally sanitized, so I feel like you’re better off using this as single-use. The price point of this is pretty expensive though so I’m not sure I would purchase.",Fun treatment but expensive,light,green,dry,brown,P501024,Hydrating Active Roller with Hyaluronic Acid,FaceGym,70.0
6520638612,4,1.0,1.0,3,0,3,2021-05-02,"My skin doesn’t like it unless I’m going through a really, really dry phase (and I’m pretty dry on the daily). But it works great for my dry scalp! I apply and let it sit for ten minutes before washing.",,lightMedium,brown,dry,brown,P447597,100% Organic Virgin Chia Seed Oil,The Ordinary,8.5
7377800105,5,1.0,,0,0,0,2023-02-07,was pleasantly surprised after using this product. I actually look better. I stopped doing my usual facial treatments during the pandemic and have been trying different products. This is one that I will buy again.,Best serum!,light,brown,combination,gray,P476676,Youth Reformer Firming Vitamin C Oil Serum,FaceGym,110.0
22823587087,5,1.0,1.0,10,0,10,2019-09-17,This cleanser is sooo lovely for those who have dry skin but are still prone to breakouts. The consistency is so nice and it is so calming on my skin. Absolutely no tightness and it soothes even recently aggravated pimples. Highly recommend his product.,Amazing,fair,,dry,blonde,P448562,Barrier+ Foaming Clay Cleanser,Skinfix,32.0
7723975344,5,1.0,0.8333330154418945,6,1,5,2023-02-14,"I purchased this set and it is definitely a good deal! I have incorporated the 3 products with a gentle cleanser prior, and my favourite spf afterwards. They work together amazingly to create a silky smooth face. The textures are especially smooth and seamlessly absorb into my skin. After about 30 seconds the face feels that tightening effect, but not uncomfortable. My skin is already looking more even and lifted!",Amazing Value & Great Results!,fair,brown,dry,brown,P504848,Resveratrol-Lift Ultimate Firming Set,Caudalie,84.0
22319123814,5,1.0,1.0,2,0,2,2022-05-06,"Great travel size, perfect to try the products which all work great",,light,blue,dry,brown,P480278,Rapid Radiance Set,Biossance,35.0
28033565329,4,1.0,0.8500000238418579,20,3,17,2021-04-13,"So this stuff is pretty nice but unfortunately i have dry and sensitive skin so it doesn’t work the best on me. It literally makes your skin look so so flawless and has a matte finish. anyone with excess oil will love this. On me it started out look amazing but then I would get dry patches, but im holding out hope for the hotter months that it wont be so drying on me.",,light,brown,dry,brown,P469524,RESIST Super-Light Daily Wrinkle Defense SPF 30,Paula's Choice,37.0
40357111858,5,1.0,,0,0,0,2023-03-17,Complimentary from MARA. This is one of the best face oils I have used in a very long time. My skin is usually sensitive and does not react well with a lot of ingredients. My skin is smooth and super hydrated and feels absolutely wonderful. My results and experience has been a super positive experience. I would definitely love to keep using this product and brand.,GLOW UP,mediumTan,brown,combination,black,P504026,Mini Algae + Moringa Universal Face Oil,MARA,40.0
5699321689,5,1.0,,0,0,0,2023-01-25,I received this Universal Face Oil from MARA in exchange for my honest review. This nourishing facial oil is silky and lightweight. I have used it during the daytime layered with skincare and makeup with no issues. I have also enjoyed using it as part of an ultra-hydrating overnight slicking routine paired with an overnight mask. I love this facial oil and will be keeping it as part of my regular routine.,,light,hazel,combination,,P504026,Mini Algae + Moringa Universal Face Oil,MARA,40.0
1593522135,5,1.0,1.0,2,0,2,2023-02-11,"Love this stuff! This calms my red skin so much, it’s a sigh of relief to my skin.",Must have,fairLight,blue,normal,brown,P503890,Green Tea Hyaluronic Acid Hydrating Toner,innisfree,22.0
31964358541,5,1.0,1.0,8,0,8,2022-05-29,"I have been using the inkey list retinol as a beginner for 3 months now. I decided to move on and I was recommended this kit to try out by a few people are sephora. This is definitely stronger than inkey lists and did sting my face a little the first night of use, but that is to be expected — its retinol. If you are not used to retinol your skin WILL be irritated. But Im fine with the irritation, only woke up with a tiny bit of flaky skin around my nose but that was it. I actually LOVE the smell. I wouldn’t say its “overpowering”. Its a light scent and it goes away. Maybe im not sensitive to smells but thats my opinion. Its only been about a week since I have been using this every night and I already feel and see a slight difference in texture of my skin. Im very prone to acne and so far so good!",5 star retinol,lightMedium,brown,combination,brown,P454514,"Youth Renewal Retinol Trial Kit for Smoother, Younger-Looking Skin",Murad,59.0
27379600612,5,1.0,0.6666669845581055,3,1,2,2023-03-07,"Thankfully it arrived unbroken, but I will warn everyone that you must be careful with any Gua Sha as they are very fragile. I highly recommend them though, very cooling and relaxing for the face. My face is less puffy.","High recommended, just be careful, very fragile.",fair,blue,combination,brown,P477714,Black Obsidian Face and Body Gua Sha,SEPHORA COLLECTION,14.0
1722105818,5,1.0,0.7714290022850037,35,8,27,2019-01-09,"The green tea, aloe & cucumber in this really do their job. I have very sensitive skin & do different types of chemical & physical exfoliations & definitely need something soft & soothing after it. This does it for me. It ads a burst of hydration as well. Will buy forever!PS spray this on your legs after shaving too!",A staple for me.,light,brown,combination,black,P440483,"Facial Spray with Aloe, Cucumber and Green Tea",Mario Badescu,7.0
7193495210,5,1.0,,0,0,0,2022-12-22,"I’ve only used this a couple times but I like it so far. The oil is really rich and feels luxurious. The smell is a little strong, so be aware if you don’t like an oilly smell. I did notice my skin was less red and had a more even tone and a glow after using this at night. Excited to continue using this!",,lightMedium,brown,dry,,P504016,Mini Evening Primrose + Green Tea Algae Retinol Face Oil,MARA,66.0
20365557965,4,1.0,1.0,5,0,5,2020-05-21,"Great product! Gently exfoliates and is very soft so I would definitely recommend this for a scrub if you have more sensitive skin. It also feels like it heats up a little bit which I really like. The only reason I gave this 4 stars instead of 5 is because I feel like it hasn’t done much for my skin overall, but it definitely feels nice and exfoliates well!",,lightMedium,brown,normal,brown,P433461,Rose Sugar Scrub,Lancôme,34.0
23560868153,5,1.0,,0,0,0,2023-02-08,I received this product complimentary from FaceGym for testing purposes. I’m loving this serum because my skin looks firmer and more radiant. The packaging is so unique and their products high quality.,it's incredible,fair,,dry,,P476676,Youth Reformer Firming Vitamin C Oil Serum,FaceGym,110.0
6562385156,4,1.0,0.5483869910240173,31,14,17,2020-01-29,"I was sent this serum for free, in exchange for an honest review. I struggle with hormonal acne and I really wanted to try this for its ingredients. Azelaic acid is an ingredient I trust, it has worked for me in the past so I was curious to put this to test. I saw minimal difference in the two weeks that I’ve been testing it, so these are my first impressions and I would like to believe that I will see a major difference with long term use. I would love to see the packaging changed, this would work better as a pump than a dropper. Overall, fab ingredients give it a try if it fits your budget. This is no overnight miracle worker though, I think it needs it consistent long term use for significant results to be delivered",Love the ingredients!,medium,brown,dry,black,P453822,Dark Spots No More Triple Acid Spot Minimizing Concentrate,Dr. Brandt Skincare,71.0
20766714087,5,1.0,1.0,1,0,1,2020-04-09,"Absolutely love this spray. It is super refreshing, and really wakes you up in the morning. I have gone through two whole bottles, and will continue to buy this. I believe this is the best smell of the three sprays. I spray this in the morning, and it really wakes me up and helps me start my day. You will not regret it if you but this. Even though it is a bit pricy, it is very worth it!",Absolutely a must have!!,tan,brown,dry,black,P440483,"Facial Spray with Aloe, Cucumber and Green Tea",Mario Badescu,7.0
25809566319,5,1.0,0.625,8,3,5,2022-05-25,"I noticed some short, slightly itchy, reddish-brownish marks on one side of my torso. They developed slowly and knowing they could be stretch marks, I tried moisturizing better. But a couple of weeks later, they still came and after a couple of hours of crying, I figured that they were young, and I am young so this was worth a shot. I also once got a sample of this. I remember seeing the price and saying nahh but it’s worth every cent and more. My extremely young stretch marks vanished without a trace. I used it once daily for about three weeks. The best part: they have not returned. Even if they do, then I’ll use this again. And you don’t have to use a lot either so I think it lasts a reasonable amount of time. I have about half the tube left. I’m going to use it to tackle some extremely fine lines on the left side of my smile. Hopefully, they stay gone, and I’ll start sleeping on my back as well.But I digress. This product is a new holy grail. This is what high-end beauty should be. Not slightly above average products in nice packaging, but innovation that fixes real cosmetic problems, and makes THE difference.Sidenotes: - do NOT mix or layer this why glycolic acid. Probably applies to other aha’s and chemical exfoliants as well. I used glycolic acid on my body, and applied this, and developed a rash. Good thing the skin on the body is resilient.- in my experience, it has limited efficacy on old stretch marks sadly, but I can deal with them, especially since they’re quite faded- consistency is essential",Miraculous,deep,brown,normal,black,P474121,SD Advanced  PLUS Intensive Moisturizer For Wrinkles & Stretch Marks,StriVectin,82.0
6587057890,5,,0.800000011920929,10,2,8,2016-11-22,"I’m in my late 20’s and got a sample size of this with an order. I just finished the entire container (which lasted a long time!) and would only use it 2-3 times a week on my face and décolletage after showering. WOW! I’ve always had a bit of rough skin on my upper chest from sun damage, and this is the only product that has actually improved that drastically. The skin there is now smooth, and the sun spots on my face noticeably subsided with only semi-regular use. I’m just starting to develop fine lines by the corners of my eyes and the sides of my mouth and this product was also excellent at visibly reducing those lines. While I have sensitive skin, I did not experience any peeling, redness or pain with this product. Absolutely excellent. If it wasn’t so expensive I’d consider buying it for regular use.",Improves skin texture and brightens,,,normal,,P404232,DermalQuench +Retinol Advanced Resurfacing Treatment,Kate Somerville,110.0
1390631482,1,0.0,0.6000000238418579,5,2,3,2023-02-27,Truly the worst thing for the price tag:1. supposedly fragrance-free means the serum smells vaguely like rancid chemicals or old plastic2. the sizes are legit minuscule3. the micellar clanser didn’t remove even a regular day’s sebum,Worst Use of $50 Ever,light,brown,combination,black,P483701,Daily Essentials Travel Set,The Outset,50.0
2512763016,2,0.0,0.800000011920929,5,1,4,2020-07-20,Didn’t find it helped my breakouts. Thought it would be a good dupe for Kate Somerville’s but it didn’t work with my acne. Decent ingredients tho,,fair,blue,combination,blonde,P457439,Clarifying Lotion,SEPHORA COLLECTION,16.0
1735261718,2,0.0,0.4000000059604645,5,3,2,2022-11-10,"Basically,Vasoline. Which is fine, actually good around the eyes according to my dermatologist. But,alas, this amount of Vasoline would cost about $3.",Just say no,light,hazel,normal,,P457520,FIRMx Collagen Moisturizer,Peter Thomas Roth,88.0
21737155031,4,1.0,1.0,1,0,1,2023-02-25,"Super gentle cleanser! Especially in the morning! I wouldn’t use it take off makeup, best great gentle cleanser",,mediumTan,brown,dry,black,P504524,Milky Jelly Gentle Gel Face Cleanser,Glossier,19.0
6556270680,3,1.0,1.0,1,0,1,2023-03-06,It’s okay for what it is. By itself it does the job but if you’re looking for something to help break down makeup this probably isn’t it. I would use this as a double cleanser instead but for 20+ dollars. You can find something better. (Incentivized by Influenster),It’s okay.,medium,brown,combination,black,P504524,Milky Jelly Gentle Gel Face Cleanser,Glossier,19.0
5666486942,5,1.0,0.857142984867096,7,1,6,2020-08-05,I’ve definitely noticed a difference in my skin. It’s more plump and bright! My hair has been growing faster as well as my nails and stronger. I honestly love this stuff.,SuperBeauty is amazing!,light,brown,combination,brown,P457002,SuperBeauty Daily Antioxidant SkinSupplement,Moon Juice,60.0
2001434327,5,1.0,,0,0,0,2022-11-11,This is a great starter trial kit! The sizes are good for about a months use and I really like this line so far! It’s perfect going into winter because it’s super soothing and hydrating to the ski.,,fair,green,combination,,P483701,Daily Essentials Travel Set,The Outset,50.0
10191076213,5,1.0,1.0,3,0,3,2019-10-06,saved my skin!! I adore this toner. I bought this one instead of the glycolic acid one bc it was sold out. best mishap ever! My skin needed the nourishing rose water instead.,great toner,light,Grey,combination,auburn,P444615,Witch Hazel & Rosewater Toner,Mario Badescu,14.0
993849182,5,1.0,1.0,2,0,2,2022-05-10,"I love this cleanser, it isn’t as foamy as I usually like but one use and I was a convert. Safe for use on eyes, no stinging and removes stubborn mascara with ease. Rinses clean and my face feels so soft, smooth and squeaky clean but without tightness! Not sure I can use anything else from here on out. All other face washes are in the trash bin. Recommended!",My face hasn’t been so clean in years!,fair,brown,combination,brown,P471547,Mini Beste No. 9 Jelly Cleanser,Drunk Elephant,16.0
5246064950,5,1.0,,0,0,0,2023-03-11,"I just started taking this supplement. I already have a skincare routine but this has been a nice addition. I like that this is clean ingredients and super good ingredients for skin, hair and nails! I haven’t much in particular but my skin has been glowing!",A good addition to my routine!,,brown,oily,blonde,P457002,SuperBeauty Daily Antioxidant SkinSupplement,Moon Juice,60.0
37383449040,5,1.0,1.0,11,0,11,2022-10-30,"I liked this set a lot, the scents and consistency are amazing. Indeed, hydrates to a great extent. I only wish it could absorb even more quickly than it does but it is not really critical. High quality and good mood <3",,,brown,dry,,P503123,Smooth Like Butter Kit,Josie Maran,30.0
10829429945,5,1.0,1.0,2,0,2,2023-02-01,I have combination/oily skin (oily during summer and combo during winter). This product gave me the moisture I needed when I started getting dark dry patches on my face. Highly recommend. A little goes a long way.,Protected dry patches of my skin during winter,light,brown,oily,black,P459116,Mini Cream Skin Toner & Moisturizer,LANEIGE,15.0
1737994390,5,1.0,1.0,2,0,2,2022-04-25,This spray smells amazing. It’s so light and great for sensitive skin. I use this instead of toner under my morning serum,,fair,Grey,combination,blonde,P440483,"Facial Spray with Aloe, Cucumber and Green Tea",Mario Badescu,7.0
6614102405,2,0.0,0.75,4,1,3,2020-06-12,I noticed my skin looking and feeling better with this product vs the one in the silver bottle but not sure it’s worth the cost.,,lightMedium,brown,dry,brown,P404232,DermalQuench +Retinol Advanced Resurfacing Treatment,Kate Somerville,110.0
1738022745,5,1.0,,0,0,0,2022-07-28,"As a big fan of microneedling I see this as microneedling lite as it didn’t leave my skin irritated, just hydrated plump and glowy.  I didn’t notice any improvement in my discoloration or dark spots, but my skin looked healthier after rolling with these.  gifted by facegym",,fair,brown,dry,brown,P501024,Hydrating Active Roller with Hyaluronic Acid,FaceGym,70.0
8333430294,5,1.0,1.0,5,0,5,2022-03-11,"Wonderful cleanser. It feels very hydrating, but it doesn’t leave a residue on the skin. I like to use it after the Wishful cleaning balm, and I follow with the green tea toner.",Good for dry skin,lightMedium,brown,dry,blonde,P482007,Dewy Glow Jam Cleanser with Jeju Cherry Blossom,innisfree,13.0
938844474,5,,0.8999999761581421,20,2,18,2015-12-16,"I bought this mask and the SK-II masks. At this point, I am not sure which I like better. I will have to decide after a second use of the Tatcha mask. It is hydrating and makes your skin feel great, however, I’m not sure yet whether I like the SK-II or the Tatcha best. What’s nice about this mask is that there is enough fluid in the pouch left over to put on your face for about four more nights after using the mask. I have ordered a “try-it“ set of Tatcha products, so I will see if using this mask in combination with the serum and moisturizer makes a difference. I will post again after using both masks again, and after trying the mask in combination with other Tatcha products. I would recommend this mask.",Good Mask,,,,,P399622,Luminous Deep Hydration Lifting Mask,Tatcha,95.0
11591565122,5,1.0,0.6666669845581055,3,1,2,2023-01-15,"I got this with the additional 20% off sale and think it’s definitely worth the money. The packaging is a bit wasteful, but it comes with instructions on how to build your own morning and night routines. I also love how everything comes in it’s original packing so easy to split up and gift. The tote bag and socks are high quality/thick so it’s a nice added bonus.",Awesome Value,,,,,P501474,The Youth Vault: 13-Piece Vegan Skincare + Apparel Set,Youth To The People,340.0
7228544210,5,1.0,0.5,2,1,1,2019-12-15,I really did like this lipgloss it left my lips very soft. What I love the most about this lipgloss and it feels great on the lips.,Love it,lightMedium,brown,oily,brown,P449102,Crystal Ball Roller Gloss,INC.redible,12.0
5338661881,4,,1.0,10,0,10,2015-04-30,I’ve been using this religiously for 3 weeks now.I have noticed a few fine lines diminished and skin is smoother and softer after a nights sleep. At best it maintains where you are with no further wrinkles appearing.Feels really silky not greasy and absorbs fast.,It's a keeper,,,normal,,P375354,Capture Totale Intensive Night Restorative Crème,Dior,175.0
6727115651,4,1.0,,0,0,0,2023-03-17,"i’m so excited i tried this face oil! this product lives up to the hype, this oil is great for skin prep before makeup, mixed in with foundation to sheer it out, mixed in with moisturizer at night or even just applied as a final layer to my night time skincare to lock all my products in! this never feels greasy or heavy on the skin but there are a few essential oils i wanted to mention!",,light,blue,dry,blonde,P504026,Mini Algae + Moringa Universal Face Oil,MARA,40.0
1459240225,4,1.0,0.6666669845581055,3,1,2,2017-12-24,"I didn’t notice it doing anything honestly, when I looked in the mirror after a couple of weeks... but I was sitting at work and a co-worker asked me if I had changed my makeup. I replied no I’m trying this new brand of skincare. She said my forehead looked smoother than it used to and also my skin tone seemed smoother. Other people in the room said they had noticed too! Yay so it was doing something so much so that others noticed! I will continue to use every day!",wonderful!,mediumTan,brown,normal,black,P404232,DermalQuench +Retinol Advanced Resurfacing Treatment,Kate Somerville,110.0
5606767553,4,1.0,,0,0,0,2023-03-04,"the packaging itself feels super luxe and expensive. I haven’t been using it for very long so I can’t say it’s transformed my skin in any way. I like how the serum feels, luxe and smooth.",,,brown,combination,black,P504637,Equilibrium Resurfacing Retinoid Treatment,Hourglass,110.0
11914398171,4,1.0,,0,0,0,2022-08-01,"I’ve never used product like this before, so my expectations were minimal. My skin is naturally super dry and dull, but after using this I was stunned by how healthy my skin looked. This is definitely a must have for me now.",Must Have for Dry/Dull skin,mediumTan,brown,dry,brown,P501024,Hydrating Active Roller with Hyaluronic Acid,FaceGym,70.0
1823792604,2,0.0,0.8727269768714905,55,7,48,2022-05-10,"The product is decent but where in the world are they getting off charging $60 for what amounts to four ingredients? That’s over the top. I took the list to my local health food store and got individual bottles of the active ingredients - Glutathione, Astaxanthin, and a multi vitamin containing similar amounts of vitamin E and Vitamin C) and walked out with a three month supply of equivalent supplements for half the price of one bottle of this stuff. The other listed ingredients are primarily for the purpose of fillers and binders in the capsule so the four ingredients are the antioxidant actives in the moon juice formula .",Outrageous price for 4 antioxidants,lightMedium,hazel,oily,black,P457002,SuperBeauty Daily Antioxidant SkinSupplement,Moon Juice,60.0
9729818132,5,1.0,1.0,1,0,1,2023-02-25,"As someone with dry prone skin, it left my skin feeling clean without stripping it? Non irritating and soft. Super gentle and gets the job done at such a good price",Love it!!,medium,brown,dry,black,P482007,Dewy Glow Jam Cleanser with Jeju Cherry Blossom,innisfree,13.0
7518729892,5,1.0,0.4166670143604278,12,7,5,2020-02-28,I received this bottle complimentary from Dr. BrandtI been using this on my chin which has dark spots from me pinching out deep white heads. It seems to have faded the dark marks quicker than normal. Now the marks are not noticeable. It doesnt happen over night so dont think this will be a miracle worker.,Good for darker skin,mediumTan,brown,combination,blonde,P453822,Dark Spots No More Triple Acid Spot Minimizing Concentrate,Dr. Brandt Skincare,71.0
2079014373,1,0.0,,0,0,0,2021-06-06,I really wanted to love this product but it just does not mix with any moisturizers that I have without pilling. It does mix with my foundation well but only if there is absolutely nothing else on my skin.,Don’t do it :/,medium,blue,normal,brown,P471064,Max Matte Shine Control Sunscreen Broad Spectrum SPF 45,Peter Thomas Roth,38.0
33409016682,5,1.0,,0,0,0,2023-02-02,Lovely oil. Great texture and doesn’t feel oily.super hydrated and nourishing for my skin specifically during cold weather. Great ingredients list and cute package. I love to massage face with a couple of drops of it.,Lovely,light,brown,normal,blonde,P476676,Youth Reformer Firming Vitamin C Oil Serum,FaceGym,110.0
5716348448,5,1.0,1.0,7,0,7,2021-04-18,Oh my goodness. Didn’t know I could like it this much. I work in a hospital and haven’t worn foundation in over a year because of “maskne”. I was almost scared to try for fear of causing breakouts. But this is awesome! Smoothes the color of my complexion and so far my skin can’t tell the difference between tinted and untinted sunscreen. Im not convinced I will ever go back to normal foundation TBH,fear not maskne,mediumTan,brown,oily,blonde,P469524,RESIST Super-Light Daily Wrinkle Defense SPF 30,Paula's Choice,37.0
1035898919,3,0.0,,0,0,0,2023-01-05,"Skin feels clean yet not stripped. A little goes a long way, otherwise stings my eyes and takes forever to wash off. I am not happy about the scent either.",This will last me a while,,brown,combination,,P480346,SuperFruit Gentle Brightening Cleanser,ROSE Ingleton MD,38.0
7548744016,5,1.0,0.8125,16,3,13,2021-02-18,"This is my favorite moisturizer to use in the summer! I have combo skin during that time and it manages to perfectly keep me moisturized without being oily. It feels amazing, very light weight. I have been using PC for years and it is my all-time favorite product!",All time favorite,fair,green,dry,brown,P469526,Water-Infusing Electrolyte Moisturizer,Paula's Choice,37.0
5800197487,5,1.0,0.75,4,1,3,2021-08-02,I’ve tried several strivectin products and this is now one of my favorites m I really like the texture it’s not greasy. My skin feels hydrated and my stretch marks are less noticeable. I’ll definitely be continuing to use this on my skin.,,light,brown,combination,brown,P474121,SD Advanced  PLUS Intensive Moisturizer For Wrinkles & Stretch Marks,StriVectin,82.0
11981978017,5,1.0,0.7777780294418335,9,2,7,2019-07-19,I received a sample from estee lauder and i had no expectations. I just wanted to try a new night time serum. I absolutely love this stuff! Ive used it for two nights and each morning my skin is looking plump and hydrated. My fine lines and pores arent as noticeable in the AM which makes makeup look amazing! Also i have oily/combo skin and this does not break me out at all. I will probably purchase a bottle an continue to use it at night. If you are having an issue finding good anti aging products that dont break you out this is a great one!,plump skin and doesnt break me out,light,blue,combination,blonde,P446908,Advanced Night Repair Treatment Intense Reset Concentrate,Estée Lauder,92.0
9795558835,5,1.0,1.0,6,0,6,2021-03-06,Already in love with this and I got it three days ago. It feels like a refreshing drink of water for my thirsty skin without being too thick/greasy. Can already tell this is a hg,in love,light,brown,normal,brown,P469526,Water-Infusing Electrolyte Moisturizer,Paula's Choice,37.0
1633371528,2,0.0,0.947368025779724,19,1,18,2019-12-06,I’ve used Pores no More for years.  It was so amazing that I didn’t balk at the $36 price tag.  But they changed the formula.  It smells like plastic and is gooey instead of the light fragrance and feel that I’m used to.  Will be returning this new tube and won’t purchase again.,,light,hazel,combination,brown,P448710,pores no more Pore Purifying Cleanser,Dr. Brandt Skincare,38.0
1326817864,2,0.0,0.8333330154418945,6,1,5,2021-10-27,"The moisturizers both had a very overpowering, lasting scent that I couldn’t deal with — I had to return the kit. However, the eye cream was great and unscented.",,light,hazel,dry,brown,P454514,"Youth Renewal Retinol Trial Kit for Smoother, Younger-Looking Skin",Murad,59.0
24338984335,5,1.0,,0,0,0,2022-12-20,A luxurious night care retinol oil for fading imperfections and softening the signs of aging.simply love it ! Works like a magic !omg can’t wait to finish this and buy this again I’m happy cuz my skin looks very glowing  thank you,,lightMedium,brown,combination,blonde,P504016,Mini Evening Primrose + Green Tea Algae Retinol Face Oil,MARA,66.0
25479405930,5,1.0,0.0,1,1,0,2020-04-23,"LOVE IT! Smells so nice and perfect for before you’re makeup and/or after, or if you just need some hydration during the day! I use it almost everyday! Has a very nice rose smell!",MUST HAVE!,light,brown,dry,brown,P447607,Rose Milk Re-Hydrating Mist,Lancôme,30.0
5397454928,4,1.0,,0,0,0,2019-04-09,"I really like to use this spray for a refresh in the afternoon. It feels great and does a good job at hydrating areas of my skin that are getting dry. It can my skin a bit oily, but an oil blotting pad helps with that.",Refreshing and hydradting,light,brown,combination,brown,P440483,"Facial Spray with Aloe, Cucumber and Green Tea",Mario Badescu,7.0
5377036401,5,1.0,1.0,6,0,6,2022-04-08,"With the winter I started getting annoying dry patches. Oils, creams, serums - nothing got rid of it. I decided to splurge on this and will def be purchasing again! It feels amazing and goes on perfectly over serums/oils. When my skin is dry I use it solo, otherwise I use it on top of retinoid serums. I do see a difference after using for several weeks. My skin overall just looks nicer. Feels like I’m really treating my skin to something nice every night now. There’s a scent, but I don’t find it overwhelming. The price is a bit much IMO, but the tub lasts a few months. Wait for the VIP sale or use points, def worth the splurge.",,lightMedium,blue,combination,brown,P375354,Capture Totale Intensive Night Restorative Crème,Dior,175.0
1040143795,5,1.0,0.800000011920929,5,1,4,2020-05-21,I started to notice a difference in my skin after a week. Absorbs quick and leaves your skin looking supple and dewy.  Probably the best moisturizer I’ve e er tried!,Amazing,fair,green,combination,brown,P457520,FIRMx Collagen Moisturizer,Peter Thomas Roth,88.0
21662609647,5,1.0,0.8333330154418945,6,1,5,2020-05-07,Im a fan. I use it morning and night for moisturizer. I also mix my tea tree oil with it.,good product,light,green,combination,blonde,P447597,100% Organic Virgin Chia Seed Oil,The Ordinary,8.5
2568341968,5,1.0,0.800000011920929,5,1,4,2021-08-12,Combo sensitive skin here.Didn’t like at first because it felt sticky the night I used the sample but I really could tell a difference the next morning.Bought abs have loved ever since… gave even worn under tinted moisturizer in the day and it was like a primer! Bought the mini and it has lasted months.,,fair,green,combination,blonde,P459116,Mini Cream Skin Toner & Moisturizer,LANEIGE,15.0
5721273277,5,,1.0,15,0,15,2016-04-12,I received a deluxe sample of this and was instantly hooked!! Before adding this to my skincare routine my skin was dull and dry. I now get a complement on my complexion daily!! Everyone says I am glowing! This is a must have!!!,Amazing,,,,,P404232,DermalQuench +Retinol Advanced Resurfacing Treatment,Kate Somerville,110.0
9184623551,1,0.0,0.5625,16,7,9,2020-10-25,I never write reviews. But I’m very really disappointed at this moisturizer. It’s the worst that I’ve used. It leaves my face so dry!!! Never buy it again!!!,,,,combination,,P457520,FIRMx Collagen Moisturizer,Peter Thomas Roth,88.0
6527458518,5,1.0,0.3333329856395721,3,2,1,2021-11-22,"Best face care product I’ve ever used. It’s changed my skin in such extreme and positive ways, I am obsessed with skincare so I’ve tried a lot of different moisturizers, cleansers, toners, exfoliating treatments, this is the ultimate beauty product, it’s great for refilling containers like the one I’m the attached image",Literally the best,light,hazel,dry,blonde,P467112,Daily Microfoliant Exfoliator Refill Pack,Dermalogica,56.0
11115181564,5,1.0,1.0,6,0,6,2021-08-17,"This has got to be the best hydrating toner i’ve ever used. It leaves my skin feeling so soft and ready for moisturizer after. Perfect for all skin types, especially fry skin!!",HYDRATING AS HECK,light,blue,dry,brown,P459116,Mini Cream Skin Toner & Moisturizer,LANEIGE,15.0
22693391446,5,1.0,,0,0,0,2019-05-13,I’m obsessssssed with this spray! The fact that it’s a skincare product that can also be used after applying makeup is amazing! This is a staple in my makeup kit wherever I go! Love using this on clients and myself!!! It gives an amazing cooling sensation to your skin and makes the skin feel super moisturized!!!!,LOOOVVVEEE,light,green,normal,brown,P440483,"Facial Spray with Aloe, Cucumber and Green Tea",Mario Badescu,7.0
31702550038,5,1.0,,0,0,0,2023-03-17,I received a free complimentary from MARA. This oil has ruined me because now I have to use it forever! My skin feels and looks amazing. I’ve been using it Every morning for about 30 days and I’m in love. I did have a few zits pop up the first week that went away quickly but since then my skin has been completely clear! My face feels super soft and seems to stay hydrated all day. No more mid-day reapplying of my moisturizer! The scent was different at first but I’ve grown to like it!,,medium,brown,combination,black,P504026,Mini Algae + Moringa Universal Face Oil,MARA,40.0
2000566708,1,0.0,0.8888890147209167,9,1,8,2021-10-17,"I’ve gone through the whole bottle now, and I just don’t know that I’ve seen a difference! I have stubborn acne scars from cystic acne and was looking forward to this product. For the price, I thought I would see an obvious difference at some point. I want to rate it higher, but there weren’t any real pros for me.",,light,brown,combination,brown,P453822,Dark Spots No More Triple Acid Spot Minimizing Concentrate,Dr. Brandt Skincare,71.0
9325008642,5,1.0,0.8333330154418945,12,2,10,2022-06-30,"This is my first Gua ShaIf your on the fence and a beginner, just get it. This is my new favorite tool. I use the v shape on the end for my chin, eye brows and cheek bones, right center of the eyes on forehead is amazing.I have been using the other textured side and flat edges on sore muscles in my arms and legs, relaxing after a long day at work.I’m just new and I’m sure when I get the techniques down I will see even more benefits! All round I am so happy with this purchase, definitely making me feel zen if anything else. Great size too, easy to hold!","ditch the rollers, get this instead",light,green,normal,brown,P477714,Black Obsidian Face and Body Gua Sha,SEPHORA COLLECTION,14.0
2461790420,4,1.0,1.0,19,0,19,2020-02-23,I’m really liking this trio of acids! I’ve been using it for about 3 weeks now and I can see that the PIH on my face is starting to lighten. The texture of my skin is so soft after using. The only thing I don’t like is the dropper. It needs some major improvement. The serum is too thick for that kind of dropper so I find myself using way more product than I actually need.,Great trio of acids!,tan,brown,oily,brown,P453822,Dark Spots No More Triple Acid Spot Minimizing Concentrate,Dr. Brandt Skincare,71.0
9119673128,4,1.0,1.0,2,0,2,2019-11-16,This inc redible crystal ball roller gloss is so beautiful I really like the crystals in this lip gloss there so beautiful it look like a luxurious product and I like the roller ball it glides Across my lips so nice and made my lips shiny and not sticky and super soft I keep it with me all the time it’s my favorite go to lipgloss,,fair,hazel,combination,red,P449102,Crystal Ball Roller Gloss,INC.redible,12.0
5590706666,5,1.0,0.0,5,5,0,2021-02-04,"This product was gifted to me by the brand and wow it is now my absolute favorite skincare tool. I love how strong and effective it is. Also, I love how you can customize the settings to have a lighter setting all the way to a stronger setting. I am so excited to see the results after more time but wow even after one week of use I am obsessed with the benefits.",,fairLight,blue,combination,black,P467969,Personal Microderm Elite Pro,PMD,299.0
9835195077,5,1.0,,0,0,0,2023-02-26,"I love taking beauty supplements as I feel they are a great way to give myself the extra beauty boost I may need. This supplement gifted by moon jiuce is super easy to take . I love how theres no funny smell or taste . I do feel this has helped my skin feel healthier and hydrated, great for on the go.",Great product,fair,brown,combination,,P457002,SuperBeauty Daily Antioxidant SkinSupplement,Moon Juice,60.0
1428156575,5,,0.7777780294418335,9,2,7,2016-01-29,"I have combo/oily skin, with large pores and acne scars, and after 3 uses, I notice a huge difference! My pores are smaller, I have less redness, and the best part is that I used a lot less make up! I literally saw results overnight! I’ve always been self-conscious about my skin issues, but I think this might be a game changer! I received the sample, but definitely getting the large bottle!",It's a miracle!,,,combination,,P404232,DermalQuench +Retinol Advanced Resurfacing Treatment,Kate Somerville,110.0
12847274686,5,1.0,,0,0,0,2022-07-30,"Leaves the skin more plump and hydrated! I was hesitant when it comes to dermarolling , since it thought it might be tricky to use or painful. This product is so unique and effective! Results come only after several uses though.",,lightMedium,blue,oily,brown,P501024,Hydrating Active Roller with Hyaluronic Acid,FaceGym,70.0
1977602843,5,,1.0,38,0,38,2012-11-28,"I use this as a day and night moisturizer. I’ve been using for a month now and my face looks more plump, brighter, smoother! Can’t tell if it lightens dark marks yet .. Also this product doesn’t irritate, or burn at all and I have the most sensitive skin ever.. And allergic to everything, and it’s not greasy!",Heaven,,,,,P375354,Capture Totale Intensive Night Restorative Crème,Dior,175.0
9079710127,5,1.0,0.5,4,2,2,2021-05-05,"Not sure what the other reviews are about, but this sunscreen is definitely matte!!! It creates an even surface for my makeup- sorta feels like a silicone primer. My face doesn’t feel like an oil slick when applying it or after with makeup",def matte!,medium,brown,combination,brown,P471064,Max Matte Shine Control Sunscreen Broad Spectrum SPF 45,Peter Thomas Roth,38.0
5562002046,5,1.0,0.6666669845581055,3,1,2,2020-08-16,"I will buy this for the rest of my life. Feels amazing on skin, very refreshing, and great for after sun care. Also, not too pricey! Love.",,light,brown,combination,brown,P440483,"Facial Spray with Aloe, Cucumber and Green Tea",Mario Badescu,7.0
7069284378,5,1.0,0.625,8,3,5,2021-08-05,I started using this during the hot summer months when my skin is oily and have noticed an improvement in my skin. I plan on switching back to the oil foaming cleanser during dryer months. I’m a big advocate for all things Skinfix!,,light,green,dry,brown,P448562,Barrier+ Foaming Clay Cleanser,Skinfix,32.0
12354583932,4,1.0,0.800000011920929,5,1,4,2020-07-15,"Only giving this 4 stars because of the packaging.  Love the product, but Laneige should consider adding a spray trigger for this as I dumped so much into my hand and lost 1/2 of the bottle.",Great product...Change the bottle!,light,green,normal,blonde,P459116,Mini Cream Skin Toner & Moisturizer,LANEIGE,15.0
23201594549,2,0.0,1.0,6,0,6,2019-12-08,"I was drawn to green tea and cucumber in the title... I was dissapointed, it didn’t give any hydration to the face (am normal skin type on a slightly dry side), in fact it was quite drying, and I tried it in summer time and fall... Maybe because of peppermint (which i didn’t know it contains - myy bad), however overall the product is average at best, drying, sticky and with unpleasant scent. There are many other alternatives, don’t waste your money",Dissapointing,light,green,normal,black,P440483,"Facial Spray with Aloe, Cucumber and Green Tea",Mario Badescu,7.0
2093271709,1,0.0,1.0,1,0,1,2021-06-03,Leaves a white residue you have to rub off with a cloth and isn’t all that oil controlling. I really hate this sunscreen. I use tatcha and wanted something cheaper and I shouldn’t have wasted my money.,nope!!!,tan,brown,oily,black,P471064,Max Matte Shine Control Sunscreen Broad Spectrum SPF 45,Peter Thomas Roth,38.0
7375781965,5,1.0,,0,0,0,2023-03-17,"I was so impressed with Mara cleansing oil wanted to try clay mask so much and it didn’t disappoint. It smells amazing and has such a soft texture. I apply it twice a week for 15 minutes in cleanser skin. It makes my skin so clear, gently exfoliates and cleanses pores. Must have for my combination skin for sure. Gifted by MARA",,light,hazel,combination,blonde,P504040,Spirulina + Ashwagandha Volcanic Sea Clay Detox Masque,MARA,54.0
1345039456,5,1.0,,0,0,0,2023-02-28,As someone in my mid thirties i am much more mindful of what i treat my skin with. I have been very impressed with this formula. It is not harsh at all. I use it AM & PM and follow with SPF. The texture is nice & runny and very easy to work with. Definitely plan on restocking on this and I highly recommend it too. Complimentary from HourGlass Cosmetics,Amazing Serum,,brown,combination,,P504637,Equilibrium Resurfacing Retinoid Treatment,Hourglass,110.0
5178256485,5,1.0,,0,0,0,2022-08-01,Obsesssssed!! I have such dry skin and it’s always in super need of hydration.  This roller is my newest obsession. It feels so calming and good when I use it & roll it on my face. It definitely delivers so much moisture to my skin. My face instantly feels hydrated and supple. It also looks smoother and plumper. I’m in love!,Loveee!,light,brown,dry,brown,P501024,Hydrating Active Roller with Hyaluronic Acid,FaceGym,70.0
11599402129,5,1.0,1.0,1,0,1,2022-12-07,"Words cannot express how much I love this mask. I have been using it once a week for over a year now and have seen amazing results. I thought I had naturally red undertones in my skin, but I realized after using this mask that my skin barrier was damaged and needed some extra hydration. I look forward to Sunday nights to relax and apply this face mask while doing my self-care routine. My skin quite literally drinks up this mask and I have glowing, more even toned skin as a result. I look forward to see even more results this winter when the weather is dryer and my skin craves this mask even more. This is a must purchase Dr. Sturm product for me and will always remain a staple in my weekly routine. Apply the mask to clean, dry skin and watch it turn from white to transparent ask your skin takes in the hydration. It is amazing!!!",Dry Skin Must Have!,fair,green,combination,,P448711,Face Mask,Dr. Barbara Sturm,125.0
8703736203,4,1.0,0.8947370052337646,19,2,17,2018-08-18,I LOVE this mask. I put it on for an hour before I go to sleep and my skin already looked toned and glowy. I wish I could use this mask everyday! The only issue I have with it is how expensive it is. I’ve been using a sample that I got about a year ago and make sure to use as little as possible so I can save it. It makes your skin feel soft and amazing. Totally recommend it.,LOVE! But... expensive,fair,brown,combination,brown,P432255,Mini Black Tea Firming Overnight Mask,fresh,40.0
26467769690,5,1.0,,0,0,0,2021-07-28,"I love this moisturizer! I use it on my face every morning and night after cleaning it and after just a couple of weeks, it seems like the wrinkles on my forehead aren’t so pronounced! I love how light this moisturizer is! It’s easy to apply and a little goes a long way! It leaves my skin looking and feeling hydrated and youthful!",Leaves skin looking youthful!,light,green,combination,brown,P474121,SD Advanced  PLUS Intensive Moisturizer For Wrinkles & Stretch Marks,StriVectin,82.0
832473012,1,0.0,1.0,6,0,6,2020-08-25,"This “mist” sprays like a lotion, it’s sticky when it dries, and leaves an oily uncomfortable film on the skin, it doesn’t absorb well in my opinion.  Broke me out every time.  Smells wonderful but it’s awful on my skin.  I began using it on my hair instead, to tame flyways.",Smells wonderful but...,lightMedium,brown,oily,brown,P447607,Rose Milk Re-Hydrating Mist,Lancôme,30.0
21779828958,5,1.0,0.800000011920929,10,2,8,2021-08-02,As a 32 year old with maturing skin I have been loving this cream. I have been pairing it with the neck cream nightly and seen great results so far. I also have sensitive skin and have not had any trouble with these products.,,fairLight,green,dry,red,P474121,SD Advanced  PLUS Intensive Moisturizer For Wrinkles & Stretch Marks,StriVectin,82.0
1687398148,5,1.0,,0,0,0,2023-03-14,"An amazing product and works great for my dehydrated skin.  I always faced a problem of finding the serum that helps me with that problem. Very lightweight and not greasy. Love the packaging as well, so easy to use.",Great serum,,hazel,combination,,P504637,Equilibrium Resurfacing Retinoid Treatment,Hourglass,110.0
12120290198,4,1.0,1.0,9,0,9,2022-09-16,"I’ve been rotating this mask into my skincare routine for the last few weeks and have been pretty impressed withits performance and result, and based on my experience, am sharing my honest and authentic opinion of it as a Sephora Beauty Insider Community Ambassador.This unscented gel-cream feels light when spread across the face but there’s also enough richness to the consistency that my skin feels it is being nourished. There’s a slight apricot hue to the product in the tub but the tint is undetectable when the product is applied to skin. My drier leaning skin absorbs the product with ease and feels lightly moisturizing; there’s the slightest bit of tack that very quickly dissipates.Used as an overnight mask, my skin feels soft and smooth the next morning. It looks refreshed and brightened as well. Over time, thisbrighteningeffect takes on more radiance, as the product, with regular use, reduces the appearance of darker spots.I’ve also used this product as a daytime moisturizer in a pinch and it has performed well to hydrate and moisturize my skin, and also to prep and prime it for makeup.",Good overnight mask or daytime moisturizer,light,brown,combination,brown,P483145,Ultra Glow Mask with Vitamins C + E,SEPHORA COLLECTION,16.0
30685074189,5,1.0,0.5,2,1,1,2021-04-22,Love this product! I have generally dry skin and this leaves me refreshed and feeling clean without being too harsh. The recycled packaging makes it even better!,,fair,brown,normal,blonde,P470049,Clearcalm Clarifying Clay Cleanser,REN Clean Skincare,38.0
5847321551,3,0.0,0.0,2,2,0,2020-09-23,Smells Great! A nice refreshing addition to my skincare routine but haven’t noticed any improvements.,Refreshing/Smells Great but Doesn't Do Much Else,lightMedium,hazel,oily,blonde,P444615,Witch Hazel & Rosewater Toner,Mario Badescu,14.0
7648954819,3,,0.5,2,1,1,2016-02-17,"I have been using this product for a week straight. I have noticed less redness and an overall more even complexion. The dark circles under my eyes are starting to become less noticeable. I hope that with time these issues continue to get better. Not thrilled about the price, but the smoothness is worth it!",overall good product,,,,,P404232,DermalQuench +Retinol Advanced Resurfacing Treatment,Kate Somerville,110.0
27534502066,5,1.0,1.0,3,0,3,2022-06-26,Best sunscreen ever!!!!! This is my go-to for everyday sunscreen. Even my husband uses it. It’s tinted and leaves the skin looking so natural and it’s non-greasy No one can yell you have sunscreen. Make sure you use a light moisturizer before using this sunscreen; makes it even better and it won’t smudge. This us my holy grail!! I hope they never stop making it.,BEST SUNSCREEN EVER!,lightMedium,brown,oily,brown,P476733,Mineral Mattescreen Sunscreen SPF 40 PA+++,Supergoop!,38.0
9980290429,5,1.0,,0,0,0,2019-09-04,works great !! and it doesn’t make my face break out when I spray it on my face,great product,fair,green,dry,blonde,P440483,"Facial Spray with Aloe, Cucumber and Green Tea",Mario Badescu,7.0
9323334361,4,1.0,0.6666669845581055,9,3,6,2020-10-28,For a lip gloss roller it does it job i do have to roll it around my lips to produce product but it doesn’t take very long and it made my lips feel soft and my lips are normally picky when it comes to lipgloss not as sticky as fenty more oily type of gloss its cute and price wise its pretty good!,,fair,,combination,,P449102,Crystal Ball Roller Gloss,INC.redible,12.0
2069986630,4,1.0,0.136363998055458,22,19,3,2020-05-21,Love this spray. Really makes a difference especially your makeup looks a little caked on  you can spray this and it just does wonders. The only thing is that they changed their scent! It used to smell like fresh roses and now it smells like weird coconut water! Change the scent  back!!,works great...but the scent eww,lightMedium,brown,combination,black,P452004,Rose Hibiscus Hydrating Mist,Herbivore,36.0
2042331903,5,1.0,1.0,1,0,1,2022-02-16,"I love this mist. It’s refreshing, it smells great, it’s great under the brightening saffron serum or even over makeup for quick hydration during the day.",,tan,brown,dry,black,P481401,Hydrating Jasmine Mist - Royal Refresh,RANAVAT,45.0
47216467688,4,1.0,1.0,2,0,2,2023-03-18,"I love this so much, I got the mini in my birthday freebie. 100% recommended",a must you need!!,mediumTan,brown,normal,brown,P504636,Mini Watermelon Glow Niacinamide Dew Drops,Glow Recipe,20.0
11438633040,5,1.0,,0,0,0,2023-02-27,This is the most aesthetic and functional cleanser I have ever used. It’s creamy and soft on my skin but still cleans. It’s gentle but effective. I love the smell and feeling of this product. I have been using it every day because of the way it makes my skin feel. I’m obsessed !,I’m obsessed with this product.,,brown,combination,blonde,P454315,Milk Cleanse Gentle Foaming Cleanser,Moon Juice,32.0
1111370032,5,1.0,1.0,19,0,19,2020-07-16,"Expensive as heck but nothing is more moisturizing than this.  I put it on as a last step in my nightly regiment and my skin will never be dry, day or night.  If you use retinol products that make your skin dry, this is the only thing that will keep your skin from peeling.  Other night lotions don’t even compare.",Worth it!,lightMedium,brown,combination,black,P375354,Capture Totale Intensive Night Restorative Crème,Dior,175.0
1307541346,5,1.0,0.8888890147209167,9,1,8,2020-06-11,Doesn’t streak. Gradual color. Looks natural even on pale skin as long as I use it only every 2-3 days.,,light,brown,combination,auburn,P441645,Sunless Tan Firming Lotion,COOLA,46.0
7561451940,5,1.0,1.0,3,0,3,2022-07-19,I’ve been wearing this every single day since I tried it! I finally found a product I can use as a sunscreen and primer. It works perfectly for minimizing the appearance of pores as well! Highly recommend to give this a try if you have oily skin.,Amazing!,lightMedium,brown,oily,brown,P476733,Mineral Mattescreen Sunscreen SPF 40 PA+++,Supergoop!,38.0
11777122,5,1.0,,0,0,0,2023-03-17,"Gifted by Mara. Wonderful oil I use as my very last step in my routine. I press it into the skin and it leaves it so smooth, plump and hydrated. Really enjoy this brand, check them out, you won’t be disappointed",,,brown,dry,,P504026,Mini Algae + Moringa Universal Face Oil,MARA,40.0
6527596082,5,1.0,1.0,1,0,1,2021-03-26,I love this clay cleanser!! My skin is normally irritated from other clay cleansers but this one is easy to remove and leaves my skin so refreshed and clean. I use it as a mask too which is amazing. 2 in 1!,,lightMedium,green,combination,blonde,P470049,Clearcalm Clarifying Clay Cleanser,REN Clean Skincare,38.0
23684145529,5,1.0,,0,0,0,2023-01-26,"Maybe this doesnt work for everyone, but for me it was impeccable! I use the foam and press technique with this cleanser. I highly suggest to try it with that technique if you already bought it or if you’re buying it.",Not sure why the ratings are low,light,,normal,,P471547,Mini Beste No. 9 Jelly Cleanser,Drunk Elephant,16.0
11818203753,5,1.0,,0,0,0,2022-12-22,I had some Melasma above my upper lip due to my birth control. Once I started using Mara Retinol I noticed a change and I was shocked. The brown patches above my lip started to go away after a couple weeks. I was so pleased by this and now I use this product at least 2-3 times a week. My skin feels so smooth and fresh. Love it!!,,fair,brown,combination,,P504016,Mini Evening Primrose + Green Tea Algae Retinol Face Oil,MARA,66.0
21332294976,5,1.0,,0,0,0,2023-02-25,"In order to make my hair and skin stronger, I love using supplements and my favorite one is SuperBeauty® Daily Antioxidant Skin Supplement. In addition to the fact that it is made from clean ingredients, I can easily see the results of using it.  Complimentary from Moon Juice",Perfect!,,brown,combination,,P457002,SuperBeauty Daily Antioxidant SkinSupplement,Moon Juice,60.0
38470124695,5,1.0,,0,0,0,2022-12-20,Universal face oil from Mara came in a beautiful glass bottle. Vegan oil with a lot of amazing ingredients. I used it after cleansing and moisturizing. My face felt hydrated and nourished. Liked the lovely bounce. I have dry skin and I need the extra lift for my skin. It helped with hydrating my face without making it greasy. Loved the light fragrance.,Soft and bouncy feel,lightMedium,brown,combination,black,P504026,Mini Algae + Moringa Universal Face Oil,MARA,40.0
2808640971,3,0.0,0.699999988079071,10,3,7,2021-10-29,"I initially loved the matte finish but I ended up returning it when the weather started getting cold and windy bc it sucks all moisture out of my skin. This is a no-go for winter, but maybe I’ll try it again in humid summer months. I also disliked the texture once it dries down, it felt thick and rubbery to me, like the thickest foundation ever and I could just feel it sitting on top of my face. It was also difficult to remove with just face wash, I had to use micellar water to get it off.",Not for dry skin,light,blue,normal,blonde,P469524,RESIST Super-Light Daily Wrinkle Defense SPF 30,Paula's Choice,37.0
5067360400,5,1.0,,0,0,0,2023-03-15,I received this product complimentary from Hourglass Cosmetics. I am obsessed with this treatment! I’ve been using it for the past month and I feel like my skin genuinely looks better and younger. It feels healthier and more elastic to the touch. So happy with my results!,,medium,brown,dry,black,P504637,Equilibrium Resurfacing Retinoid Treatment,Hourglass,110.0
6799735808,5,1.0,,0,0,0,2023-02-27,"This retinoid treatment is a great addition to my skincare routine. I look forward to using it every night. It helps smooth out fine lines while giving my skin a healthy glow.  I have sensitive skin, It doesn’t irritate my skin at all. Gifted by Hourglass Cosmetics",Great product!,fair,brown,dry,black,P504637,Equilibrium Resurfacing Retinoid Treatment,Hourglass,110.0
8770458469,5,1.0,1.0,1,0,1,2022-03-07,I wanted to try some biossance products without breaking the bank and this set offered everything I was looking for. The only item in this pack that I had already tried was the lactic acid serum. It didn’t do it for me but the other products are amazing.,A great way to try them out,fair,green,combination,blonde,P480278,Rapid Radiance Set,Biossance,35.0
5288982662,2,0.0,0.6818180084228516,22,7,15,2021-02-11,"I’ve been using the Creme for years and it might just be my fave skin product ever. But this is a huge miss.First off, it smells awful. Like it’s rancid. Second, the exfoliating grains are so few that it doesn’t really function as an exfoliator, at least for me. But I seem to get a lot of build up and have been exfoliating regularly for a long time.But, it is moisturizing. So, what I do is use a different exfoliator, then this. Because especially in winter, I need to moisturize immediately after exfoliating, or my face will be all taut and uncomfortably dry by the time I’ve gotten out of the shower and dried off. But I’m only doing that to use it up. Using a cleansing oil after exfoliating works better and doesn’t make me gag from the rancid smell. Plus, it’s a whole lot cheaper!One of my worst purchases. I wouldn’t buy it at 1/10 the cost.",hard pass,fair,green,dry,brown,P431416,The Replenishing Oil Exfoliator,La Mer,135.0
31248900755,5,1.0,1.0,1,0,1,2023-01-18,The first thing I noticed about this face oil was the magnificent smell. Almost like clean rosemary. I would recommend this to anyone- I have sensitive skin and don’t feel any irritation. Gifted by facegym.,,,brown,dry,,P476676,Youth Reformer Firming Vitamin C Oil Serum,FaceGym,110.0
5073221542,5,,0.75,8,2,6,2016-12-29,"yaaaaaawl!!! This is the best sheet mask EVER! I know its obscenely expensive, but if you can afford it - its worth it! I love to use these once a week. I put on my black Glamglow mask, and then put this on right after. I leave it on as long as I can. My face looks soo amazing after. Its brighter, more hydrated, plump...its just wonderful. For real, if you are gonna splurge - this one’s worth it.",SHUT UP AND TAKE MY MONEY!!!,,,,,P399622,Luminous Deep Hydration Lifting Mask,Tatcha,95.0
1244699775,5,1.0,1.0,1,0,1,2022-02-11,This face mist truly is hydrating! The scent is intoxicating. It also has the best spray nozzle I’ve used. It provides a true mist that covers your face without feeling completely drenched after. I will never be without this beauty!,Addicted!,light,blue,normal,brown,P481401,Hydrating Jasmine Mist - Royal Refresh,RANAVAT,45.0
1504850769,3,0.0,0.7258059978485107,62,17,45,2019-12-21,"Okay, so, this product feels ‘great’ when you put it on, but I am nearly through my first purchase of this and I don’t think I notice anything the way I did with other products I’ve used. I love the ease of application...just not sure if it does much overall.",Not sure if it’s working.,lightMedium,hazel,combination,blonde,P449164,ELEVATE Firming & Lifting Neck Cream,Algenist,84.0
7807360123,4,1.0,0.8333330154418945,6,1,5,2022-06-06,"It’s surprising long lasting for the amount. I wear allot of winged eyeliner so I mainly got this to rehydrate. It is hydrating and it also removes waterproof makeup. It does not brighten at all though. If your main concern is dry patches then I would recommend, but if you want something to brighten and moisturize I would go with Olehenriksen banana bright eye cream.",,fairLight,green,dry,blonde,P457519,Water Drench Hyaluronic Cloud Hydrating Eye Gel,Peter Thomas Roth,43.0
23415802246,5,1.0,0.375,8,5,3,2021-02-12,"Gifted by PMD Beauty Let’s talk about skin care As all the people who create beauty content should know, we must constantly do deep cleaning on our face to eliminate all the impurities that our skin can generate, otherwise you do not have a tool to do it, I bring this tip for you.  Personal Microderm ELITE from, this tool will help you exfoliate your skin with its different types of exfoliators from the softest to the strongest, it also works as a sucker for impurities and at the same time its vibrations relax your facial muscles.ATTENTION Read the instructions carefully before use because it can cause damage to the skin, It is really effective, I love it but you must use it very carefully since you have 3 power levels and if you do not know how to use it, you can cause ematomas on your face.",Karla,lightMedium,green,oily,black,P467969,Personal Microderm Elite Pro,PMD,299.0
28013163278,5,1.0,,0,0,0,2023-01-05,"I’ve been using this retinol oil in my nighttime skincare routine for the past two weeks, and my results have been amazing so far! I’ve used retinol frequently in the past as my skin reacts well to it, and this algae version was no exception, yet felt less harsh than other types I’ve tried, which my skin loved- it drank it up, and it leaves me with the most beautiful glow in the morning. It’s also been pretty cold out of nowhere, and my skin has looked dewy and supple despite the huge temperature change, which is great because I usually dry out! If you’re looking for a strong retinol that goes easy on the skin that delivers results, I’d highly recommend this. Will be getting another!",,,blue,combination,blonde,P504016,Mini Evening Primrose + Green Tea Algae Retinol Face Oil,MARA,66.0
2143393305,5,1.0,0.0,3,3,0,2022-03-08,This is my first skin care set I’ve used and I’m hooked. It’s truly the best for hydrating my skin in the winter. Can’t wait to try more product from this company!,,lightMedium,,dry,brown,P480278,Rapid Radiance Set,Biossance,35.0
2290806118,4,1.0,0.5,2,1,1,2021-04-06,"It’s a big expensive for what you get, but it is very refreshing snd my skin feels lovely after. I do wish the bottle provided more of a mist though, which is why I knocked off a star",nice,fairLight,Grey,combination,auburn,P452004,Rose Hibiscus Hydrating Mist,Herbivore,36.0
6288853191,5,1.0,0.6666669845581055,3,1,2,2019-11-09,"Love this roller gloss, the bottle is of high quality. The beautiful ball portion of the roller is so pleasant to use. It makes the lips look and feel fantastic and glossy.",Love it!!!!,lightMedium,brown,combination,black,P449102,Crystal Ball Roller Gloss,INC.redible,12.0
2036753621,5,1.0,1.0,10,0,10,2019-09-13,"The Youth Junkie is one of my favorite Foreo masks for my UFO. I use it after I cleanse and before bed, with enough time to let it soak in. I really see my skin shine the next day.",Shine Shine Hush Hush Eye to Eye,light,hazel,dry,brown,P436346,Youth Junkie Activated Mask,FOREO,21.99
6274006178,5,1.0,,0,0,0,2023-01-04,"My face is always dry during the wintertime, so I was excited to try this new serum from Mara! I love the smell—it smells like algae and is so fresh. I used it at night underneath my moisturizer and felt like it helped with keeping my face hydrated until the morning.",,fair,blue,combination,blonde,P504026,Mini Algae + Moringa Universal Face Oil,MARA,40.0
5985463398,5,1.0,0.9090909957885742,11,1,10,2022-11-04,"I tend to forget to leave skincare reviews because it takes time to know if it works, then I forget and if I post, it won’t be “purchased verified”because it has passed the 90-days window. However, This deserves its flowers that it also is! I have sometimes sensitive, combo-skin that is exposed to drying chemical exfoliation. So I need something that will balance oil production w/o being too heavy to clog or too superficial that it will not actually absorb. It’s the reason I’m into gels/liquids more than creams. After looking through products, I bought this as it seemed to have a lot more pros and it surely does. It is simple, vegan, non-essential oil, non-irritant working with the acids I use, fine-misted, non-greasy/sticky, with no artificial fragrance. All packaged in a dark glass container, which is best to avoid rapid degradation and better for the environment when disposing. Most importantly, this jasmine mist has the ability to absorb into the skin to quench it rather than sit on top. Very soothing and the jasmine scent is not bothersome to me. I’m not a fan of jasmine scents sometimes, however, this one is natural and disappears shortly after misting!I keep it in my fridge to preserve, since it’s a more natural product composed of jasmine essence. 4 mists after the shower, when my face dries, is what I do even though 2 is really only needed but it feels great applying on the skin. Even topping up throughout the day is refreshing. My face doesn’t feel tight or sticky and my skin doesn’t over-produce oil to compensate for the lack of true moisture, usually the result from other products. Also, I haven’t broken out after incorporating this into my routine. I use it before all other skincare, my goat Ordinary Niacinamide serum, Glycolic Toner, sometimes AHA mask. So glad I bought 2 during the rouge sale so it can last me a while. Natural is not always better when it comes to skin products but here it is.",Effective,tan,brown,combination,black,P481401,Hydrating Jasmine Mist - Royal Refresh,RANAVAT,45.0
1302976495,5,1.0,1.0,21,0,21,2022-08-23,these are easy to use for peach fuzz. Tip: use  a gel cleanser on my skin so the blade glides without tugging and then I moisturize after to avoid any irritation.,,mediumTan,hazel,combination,brown,P482312,Facial Razor Set,SEPHORA COLLECTION,12.0
22751577453,5,1.0,0.75,4,1,3,2022-02-01,"This is a wonderful mist made out of natural ingredients, couple of sprays on my face and my I was feeling so fresh and skin was hydrated. The fragrance of the beautiful jasmine flower made me feel so good!",,lightMedium,brown,combination,brown,P481401,Hydrating Jasmine Mist - Royal Refresh,RANAVAT,45.0
22188820724,5,1.0,1.0,1,0,1,2023-02-06,Facegym gifted me their Youth Reformer Firming Vitamin C + Nootropics Oil in Serum. This serum helps firm and plump your skin with collagen and vitamin C. My skin looks so full and supple! I absolutely adore this serum,so great,light,blue,dry,auburn,P476676,Youth Reformer Firming Vitamin C Oil Serum,FaceGym,110.0
30342592486,1,0.0,0.6923080086708069,13,4,9,2022-01-23,I received this product in a sample size and I was able to use the whole packet for my morning and night routine. While it is moisturizing I can’t get pass the smell. It smells fake like plastic…not sure how else to describe it.,Received as a sample…,deep,brown,normal,brown,P471017,Super Anti-Aging Face Cream,Dr. Barbara Sturm,360.0
1335430925,5,1.0,1.0,11,0,11,2020-08-16,"This is the best exfoliator I’ve ever used, and seriously, I’ve used a ton! It leaves your skin so soft, and so smooth and moisturized that it feels like you’ve already put your moisturizer on! This is one of those products where you are totally getting your moneys worth. It’s expensive, but honestly, I’d pay more. I couldn’t be happier with this purchase!",Amazing!,fair,hazel,normal,blonde,P431416,The Replenishing Oil Exfoliator,La Mer,135.0
10431384207,5,1.0,,0,0,0,2022-11-12,"after using this, my skin looks redo it and very firm, plump, looking, which I really like I think after using this for 10 days the results for a longer time would be even better! I definitely think this is good for a normal to dry skin!!",,,brown,combination,,P483701,Daily Essentials Travel Set,The Outset,50.0
2756551740,5,1.0,1.0,2,0,2,2022-05-07,This tool is awesome! It gives a great face massage and I love the grove options for different parts of my face.,,mediumTan,brown,combination,brown,P477714,Black Obsidian Face and Body Gua Sha,SEPHORA COLLECTION,14.0
2030841701,5,1.0,1.0,2,0,2,2021-02-09,I really love this cleanser! I have been eying it for a while and I finally decided to make the purchase and I’m so happy I finally did. Lathers really nice and doesn’t strip my skin or feel dry at all after. Definitely a nice gentle cleanser for every day use.,,light,blue,combination,blonde,P454315,Milk Cleanse Gentle Foaming Cleanser,Moon Juice,32.0
2395992565,5,1.0,,0,0,0,2023-03-07,Perfect exfoliating scrub. I love acne prone skin and it leaves me moisturized. I use products that dry my skin out because of the acne but tho brings my complexion back to life. I use it twice a week.,,deep,brown,oily,black,P433461,Rose Sugar Scrub,Lancôme,34.0
24481603240,1,0.0,0.764706015586853,17,4,13,2022-10-01,So irritated. I sweat a lot and need a water and sweat resistant mineral face sunscreen and this WAS it. Now that they reformulated it’s not water and sweat resistant. Now on the hunt to find a new sunscreen.,Not water resistant!!,fair,green,combination,red,P476733,Mineral Mattescreen Sunscreen SPF 40 PA+++,Supergoop!,38.0
6217182209,5,1.0,,0,0,0,2023-03-14,"My skin is loving this treatment, it leaves such a beautiful glow! I’ve been using it for only a bit over a week and I’ve noticed minor improvement on the look of my fine lines. It’s also very gentle and will not dry out your skin. I have dry skin and haven’t had any issues with it. Love that it can be used in the morning and at night as well. (Use sunscreen if using during the day). Lastly, it’s unscented and non sticky. Overall, I’m loving it and can’t wait to see more results in the upcoming weeks.",,fair,brown,combination,,P504637,Equilibrium Resurfacing Retinoid Treatment,Hourglass,110.0
7861850486,5,1.0,1.0,2,0,2,2020-10-20,This is a really great mask! My skin feels super soft and plumped after one use!,PLUMPING,light,green,oily,blonde,P436346,Youth Junkie Activated Mask,FOREO,21.99
8299430993,4,1.0,0.857142984867096,7,1,6,2021-04-05,The feeling of having it on for 4-6 hours sucks. It’s a gross feelings to wait it out. I couldn’t take it anymore and left it on for 3 hours and still got nice results. It’s a bit of an oily feeling.. overall it gives me a glow but it can be kind of spotty so be careful. But definitely one of the best self tanners I’ve tried yet. Will be buying again,will buy again.. glowing results,light,brown,oily,brown,P459140,Self-Tanning Water Refill,Isle of Paradise,24.0
5800987569,3,0.0,0.642857015132904,14,5,9,2022-11-22,"Does what promised as far as been matte goes. This one has the primer type of slippery, silicone-ny texture which makes it difficult to know if I’ve applied enough sunscreen. It is also not a moisturizing sunscreen, I find it drying and not a good fit for winter. It also will amplify skin texture imperfections if you have skin peeling due to dryness.",Issues with texture,fair,brown,combination,black,P476733,Mineral Mattescreen Sunscreen SPF 40 PA+++,Supergoop!,38.0
6270357583,5,1.0,,0,0,0,2023-01-02,"Wow! Really lovely oil. Its very thin in consistency and leaves a lovely glow (too bad I’m only comfortable wearing retinol at night). So far I’m noticing my fair is a bit dry, even though I’m only using every other night. But acne has improved!",,,hazel,combination,,P504016,Mini Evening Primrose + Green Tea Algae Retinol Face Oil,MARA,66.0
8441167981,4,0.0,0.3333329856395721,9,6,3,2018-07-13,"I got this as a sample. I like the texture and how it easily gets absorbed into my skin. I just couldn’t get past the fragrance. It was too strong for me, I had to rinse my face.",Too fragrant for me.,medium,brown,combination,black,P427731,Capture Youth Glow Booster Age-Delay Illuminating Serum,Dior,110.0
1392482594,3,0.0,0.3529410064220428,17,11,6,2020-11-15,At home peels are a waste of money. They’re never strong enough. I’ve tried them all. Didn’t notice a difference w this.,,lightMedium,green,oily,blonde,P451745,30% Glycolic Acid Peel Concentrate,SOBEL SKIN Rx,46.0
5331695789,2,0.0,1.0,2,0,2,2020-06-20,"I thought this would be a fast absorbing oil but it didn’t real absorb into my skin. I noticed that it was very liquidy so I thought it would absorb quickly but I felt like it would sit on my skin. I noticed some red bumps so I think it broke me out, and the smell... it smells very very strong and not in a good way. I ended up returning it, the only good thing is that it made my skin LOOK glossy but it didn’t FEEL nice on my skin.",hmm,lightMedium,brown,combination,black,P447597,100% Organic Virgin Chia Seed Oil,The Ordinary,8.5
5762093127,4,1.0,0.6666669845581055,3,1,2,2021-12-31,"My brother gifted my mother and I this face wash and toner for Christmas! I see a lot of the reviews are people who are disappointed because it does not compare to the original formula. Unfortunately, I do not have experience with the original, but I very much like this face was! I only need a small amount. It’s doesn’t really get foamy, but a small amount goes a long way, trust me. It’s does what it needs to do for me, so I am pleased with the product.",Good product,mediumTan,brown,normal,black,P469448,Purifying Gentle Foaming Cleanser with Salicylic Acid,Clarins,30.0
24522870211,5,1.0,0.7272729873657227,11,3,8,2021-09-10,"I have combination skin with some really dry patches on some of my face, a very oil tzone, and really intense sebaceous filaments on my nose. This product hydrates my skin and is able to manage the sebaceous filaments on my nose! I love it",Get this product!,tan,brown,oily,black,P470049,Clearcalm Clarifying Clay Cleanser,REN Clean Skincare,38.0
8808595930,5,1.0,1.0,5,0,5,2022-04-09,"These are the first undereye masks Ive purchased that Ive actually noticed a difference with. They feel very cooling and hydrating, and surprisingly my eyes did look better/brighter after removing. Pleasantly surprised!",Actually noticed a difference!,fairLight,blue,oily,blonde,P437960,Baggage Claim Rose Gold Eye Masks,Wander Beauty,26.0
1926153340,1,0.0,0.6153849959373474,13,5,8,2020-08-06,"I bought this after several recommendations and feel so conned. It does basically nothing to hydrate my skin if it feels tight during the day. The rose scent is very strong too which isn’t really my thing... if you have drier skin and are already doing things like drinking a lot of water and prepping your skin properly, I’d recommend finding a squalane based product instead of this one for those refresh moments.",,medium,brown,dry,brown,P452004,Rose Hibiscus Hydrating Mist,Herbivore,36.0
6281589308,5,1.0,0.8333330154418945,6,1,5,2018-11-07,This is a truly beautiful mask.. It does what it claims..Hydrates and lifts. Face feels amazing,An excellent product,lightMedium,green,dry,red,P399622,Luminous Deep Hydration Lifting Mask,Tatcha,95.0
28119890624,5,1.0,0.6666669845581055,3,1,2,2021-05-11,"This is the first Drunk Elephant product I have tried. I love that they made a mini so I could dabble without splurging too much. I’m thoroughly impressed by this cleanser. It is SO gentle without having an oily formula or greasy residue, and removes all makeup so seamlessly. My skin feels so balanced every time I use this. It is the perfect product for cleansing without stripping the skin, and provide moisturize without having a balmy or oily texture or residue.I can say with confidence that this product is worth the price! (For reference, I had previously been using the CeraVe Foaming Facial Cleanser, which I also love)",,light,brown,combination,black,P471547,Mini Beste No. 9 Jelly Cleanser,Drunk Elephant,16.0
2793123276,5,1.0,,0,0,0,2018-04-03,"Best sheet mask ever, its expensive yet worth the price. Whenever I had breakouts or after extractions, I put on this mask and my skin healed immediately.",,fairLight,brown,combination,black,P399622,Luminous Deep Hydration Lifting Mask,Tatcha,95.0
23059388641,5,1.0,0.8695650100708008,23,3,20,2019-08-03,I love this oil. very lightweight I use it before bed and wake up with my skin soft and smooth.,,mediumTan,brown,normal,black,P447597,100% Organic Virgin Chia Seed Oil,The Ordinary,8.5
39301299307,4,1.0,,0,0,0,2022-12-27,bon mais pas plus je l ai assayer comme ecrits je crois que je l aime plus pour la nuit,le soir seulement dormir avec pour ma par,light,green,combination,blonde,P483145,Ultra Glow Mask with Vitamins C + E,SEPHORA COLLECTION,16.0
2571562511,5,1.0,,0,0,0,2023-01-10,Mara gifted this facial oil to me but my opinions are my own - I love using facial oils at the end of my evening routine to lock in all the moisture and this one is amazing! It’s smells really nice and leaves my skin feeling dewy and radiant the next day but not greasy. I love that it has the added Benefit of retinol and other great ingredients for anti aging. Definitely would recommend!,Love this!,fair,green,combination,,P504016,Mini Evening Primrose + Green Tea Algae Retinol Face Oil,MARA,66.0
2307955495,5,1.0,,0,0,0,2023-02-28,"Super milky, beautiful cleanser! Such a beautiful consistency. Very gentle, does not foam. On the wet skin coat skin in a gooey way. I needed a sponge to wash it off, skin felt very clean, not dry. Even my black mascara came off perfectly. Definitely recommend giving this a try!",,light,brown,combination,,P454315,Milk Cleanse Gentle Foaming Cleanser,Moon Juice,32.0
2076697530,1,0.0,0.1630430072546005,92,77,15,2019-07-07,It says it sets in 3 min. I waited 15 and it was still wet and unpeelable. Because it was still wet my face got itchy. I couldn’t stand it any more so I went to rinse it off but it is so viscous it took awhile to get it off. $9 for 5 applications and it doesn’t work. Rip off. My skin feels nice enough but half of the reason I bought it was for the fun of the peel. I’m going to go get my money back.,Doesn’t peel.,mediumTan,brown,normal,brown,P446820,Grapefruit Peeling Mask - Skin Perfection,SEPHORA COLLECTION,8.0
27763569314,5,1.0,,0,0,0,2022-12-20,"Owhhh My Goodness!!! This universal face oil is absolutely amazing! It works amazingly for my dry skin. This product smeels so nice and feels so hydrating, especialy during this winter time which my skin is super dry like a dessert. Seriously!! It really works since tge first time i tried it. Well, this product is my new favorite in my skincare routine, i would love to recommend this face oil to everyone.",Love it so much,tan,brown,dry,black,P504026,Mini Algae + Moringa Universal Face Oil,MARA,40.0
1133904561,5,1.0,1.0,1,0,1,2022-02-11,"If you like florals, this is a great facial mist for you. Beautiful jasmine smell. Gave my face the balance it needed after cleansing my face. It’s also a nice mist for refreshing throughout the day.",Refreshing as described,light,brown,combination,black,P481401,Hydrating Jasmine Mist - Royal Refresh,RANAVAT,45.0
25077963393,5,1.0,1.0,2,0,2,2020-01-31,"The rose hibiscus mist is hydrating! I like to use it after I workout and wash my face, so I don’t use it every day. But when I use it every now and then the tone of my face is balanced, I tend to have reddish skin. Recommend!",Recommend hydrating mist!,fair,,dry,,P452004,Rose Hibiscus Hydrating Mist,Herbivore,36.0
10644324380,1,0.0,1.0,7,0,7,2021-04-18,"The other reviews are 100% accurate. I first tried this on my hand and it blended in beautifully. I used a gel moisturizer on my face, waited for it to absorb, then applied this spf. It had a nice semi matte finish, which my oily skin loves. But, it piled like no other so bad. I will definitely be returning this. For the price, I expected it to be way better than this. The piling is just disappointing and too much. Not sure if we just got a bad batch or what",Pills like crazy!!!,lightMedium,brown,oily,black,P471064,Max Matte Shine Control Sunscreen Broad Spectrum SPF 45,Peter Thomas Roth,38.0
8334990915,5,1.0,,0,0,0,2023-03-14,"I can’t believe how quickly this serum worked. I’ve had it for 3 days and I can already see it working on my skin (brighter, more even, and clearer). The ingredients are incredible - and well worth the price.  I got this complimentary from Macrene Actives.",Amazing,,,combination,blonde,P505047,High Performance Face Serum with Vitamin C and Hyaluronic Acid,MACRENE actives,195.0
7619999948,5,1.0,0.5227270126342773,44,21,23,2020-02-02,"Absolutely amazing product for dark spots,it helped minimize my old acne scars.",works amazing for dark spots,lightMedium,brown,combination,black,P453822,Dark Spots No More Triple Acid Spot Minimizing Concentrate,Dr. Brandt Skincare,71.0
32087775934,4,1.0,0.5,4,2,2,2022-03-06,"This is a nice little kit to try several biossance products! I love biossance and the Vitamin C oil and the Omega cream are 2 of my favorites. I personally don’t love the Lactic Acid serum because I didn’t notice much difference. I may not have given it enough of a chance due to the strong smell. I know a lot of people swear by it. I’m not a huge fan of eye cream in general, but this eye cream does feel nice. If you are interested in trying biossance, this would be a good place to start!",Great starter kit to sample multiple biossance pro,fair,hazel,dry,brown,P480278,Rapid Radiance Set,Biossance,35.0
24117144012,1,0.0,0.3333329856395721,45,30,15,2022-04-14,Smells disgusting. Like dog urine. And makes my skin feel tingly and weird.,Absolutely not. I’m lucky I got this as a sample.,fairLight,blue,combination,blonde,P469200,The Good C Vitamin C Serum,Dr. Barbara Sturm,145.0
31252290342,4,1.0,1.0,3,0,3,2022-04-15,I like this scrub- it works well and smells nice. My only problem is that you don’t get much product in the Mini version for the price.,"Product is Great, but Small",fair,brown,combination,brown,P471566,Mini Lemonade Smoothing Scrub,OLEHENRIKSEN,18.0
1192657595,3,0.0,0.1428570002317428,7,6,1,2020-03-15,"The only one that made a little difference was the serum, it made my skin more soft, That’s all. The moisturizer doesn’t do anything for dry skin, and the eye serum it’s just meh!!..",Very little difference...,light,brown,dry,brown,P454514,"Youth Renewal Retinol Trial Kit for Smoother, Younger-Looking Skin",Murad,59.0
1338481293,3,0.0,0.6923080086708069,39,12,27,2020-01-27,"This is a difficult review for me to write. I want to be fair because I may not have used this long enough to see a significant enough difference, so I’ll continue to test on a patch of my skin that is suffering from PIH. I am just not pleased with this serum. The dropper packaging is clunky and not practical, especially given the price point. I would’ve preferred a pump, it would have been better to have more control over dispensing the product. I always get more product than I want, especially since this is a spot treatment serum and not meant to be used all over the face. The serum itself can be considerably sticky on the skin after application, which goes away if you use a moisturizer. And, it just isn’t working fast enough for me. I’ll continue to use, but I don’t see myself purchasing this when there are better and less expensive options in the market.",There are better products,mediumTan,brown,combination,black,P453822,Dark Spots No More Triple Acid Spot Minimizing Concentrate,Dr. Brandt Skincare,71.0
9450621232,5,1.0,0.8888890147209167,9,1,8,2022-11-22,"Love this little set! It got me hooked on the brand, especially because it’s a routine! Perfect and left my skin glowing.",Tbh you have to try this set.,light,green,normal,,P480278,Rapid Radiance Set,Biossance,35.0
2472482071,5,1.0,1.0,1,0,1,2022-04-08,This is a gentle cleanser and compact. I would buy it again.,Nice cleanser,fair,blue,dry,gray,P471547,Mini Beste No. 9 Jelly Cleanser,Drunk Elephant,16.0
26423363143,5,1.0,0.8500000238418579,20,3,17,2021-04-06,I was super nervous buying this product but let me tell you it is amazing. I am so freaking dark and I have been getting so many compliments. Just like any other tanning products be mindful of your hands and feet,yesssss,lightMedium,,combination,,P459140,Self-Tanning Water Refill,Isle of Paradise,24.0
5765406121,5,1.0,,0,0,0,2023-03-01,"The directions say to use this morning and night, but I have very sensitive skin, so I quickly found I could only use once daily. My skin has stopped looking so creepy and dry.  I have a nice, subtle glow lately. I’m excited to see the results of long-term use. Complimentary from hourglass cosmetics.",Maybe don't use this twice a day if sensitive,light,hazel,dry,black,P504637,Equilibrium Resurfacing Retinoid Treatment,Hourglass,110.0
7134466233,5,1.0,1.0,5,0,5,2020-04-04,I’ve had pesky clogged pores along my chin for years. I have tried everything under the sun to get rid of them but nothing worked. I bought this from a sale on fabfitfun and wasn’t expecting much but holy cow! After one use those pores are clear! Couldn’t be more excited. This stuff is magic.,Goodbye Blackheads,light,green,dry,blonde,P448710,pores no more Pore Purifying Cleanser,Dr. Brandt Skincare,38.0
1576671843,1,0.0,1.0,2,0,2,2023-02-16,I really wanted to love this product. I got a free sample at Sephora that made my skin look amazing for a week.  I went and purchased kept using it and my skin literally has broken out so horrible that my skin itches .. I don’t have sensitive skin ☹️ or bad skin .,Sad it didn’t work for me,tan,brown,combination,black,P483701,Daily Essentials Travel Set,The Outset,50.0
1442681288,5,1.0,1.0,3,0,3,2022-07-01,SILKY and MOUSSEY + sun protection. Love it. Please make this forever. The travel size is great. Only thing is wish the shade were brighter and not so neutral.,SILKY and MOUSSEY + sun protection,lightMedium,brown,normal,brown,P476733,Mineral Mattescreen Sunscreen SPF 40 PA+++,Supergoop!,38.0
2568331934,5,1.0,1.0,5,0,5,2019-11-11,"This scrub is great for anyone who has sensitive skin but needs to exfoliate at least once a week.  It has a fairly faint scent that is nice.  The product cleans well, comes off easily and leaves my 70  year old skin looking and feeling wonderful.  Would recommend for anyone at any age.","Good, gentle exfoliator/cleanser",lightMedium,brown,combination,brown,P433461,Rose Sugar Scrub,Lancôme,34.0
5523443943,4,1.0,1.0,2,0,2,2022-04-17,Love this scrub and it smells amazing! Would definitely recommend and will be buying again.,,light,green,combination,brown,P471566,Mini Lemonade Smoothing Scrub,OLEHENRIKSEN,18.0
12853174806,5,1.0,0.800000011920929,10,2,8,2020-08-06,"Best collagen ever!! Yet it plumps and softens with in days, the texture something you may have to get over. So far, the texture is the only downfall.  I Love this product, please don’t discontinue!!! I found what works for me❤️",Beccajmc41,fairLight,Grey,combination,blonde,P457520,FIRMx Collagen Moisturizer,Peter Thomas Roth,88.0
1156369819,4,,0.75,8,2,6,2017-01-20,I was surprised to see the warning not to use if allergic to coconut. I didn’t see this on either Sephora or Tatcha websites.  It is difficult to keep the fluid of the mask out of the eyes.  My skin did look great. The best effects lasting about 24 hours.  Kind of expensive to use often.,"nice, but",,,,,P399622,Luminous Deep Hydration Lifting Mask,Tatcha,95.0
26716157165,5,1.0,,0,0,0,2023-02-07,Complimentary from FaceGym. Although I have never used a face oil with vitamin C before I was pleasantly surprised.  Love carrying it in my purse because of its cute packaging too. If ever i feel like a need glow i usually apply this rather than applying concealer. Instantly gives the skin a little glow up!,love the smooth results,fair,brown,normal,,P476676,Youth Reformer Firming Vitamin C Oil Serum,FaceGym,110.0
31767918186,2,1.0,0.7142860293388367,14,4,10,2021-08-28,"I really wanted to love this product, but as I was first applying it, my face felt very sticky and left a greasy-looking cast on my skin. For reference, I have oily-combination skin. I let it sit overnight-hoping it would sink into my skin the next morning-but my skin was just as greasy and sticky as it was the night before. Although this didn’t work for me, I gave it to my sister with dry skin, and she loved it. It leaves her skin with a healthy glow and doesn’t feel sticky or make her face feel greasy. Overall, I would recommend this product to someone with normal to dry skin for the best results.","Not for me, but great for people with dry skin",mediumTan,brown,combination,brown,P459116,Mini Cream Skin Toner & Moisturizer,LANEIGE,15.0
5431637095,5,1.0,1.0,1,0,1,2020-06-20,Love this stuff. Already stocked up on a couple more bottles. My husband and I both use it after washing our faces. It’s gentle on my sensitive skin but it really gets any dirt or makeup left behind. Smells nice.,gentle on my sensitive skin!,fair,hazel,combination,brown,P444615,Witch Hazel & Rosewater Toner,Mario Badescu,14.0
1857141074,5,1.0,0.7142860293388367,7,2,5,2020-12-27,This is my new go-to cleanser. I have combination skin and have some hyperpigmentation. This cleanser leaves my face clean without being drying and shrinks my pores.,My New Go-To Cleanser!,deep,brown,combination,black,P448546,Darker Skin Tones Enzyme Cleanser,Dr. Barbara Sturm,75.0
2841046111,1,0.0,0.9545450210571288,22,1,21,2021-07-17,I’ve tried this a few times - at the most powerful suction - and barely saw a difference. I think a dermaplaning tool is cheaper and will outdo this anyday.,Shocked at the good reviews,mediumTan,green,dry,blonde,P467969,Personal Microderm Elite Pro,PMD,299.0
9257697668,5,1.0,1.0,1,0,1,2022-12-20,"* I love using my new MARA universal face oil with natural algae plankton ingredients. This facial oil has light yellow color and is very quickly absorbing, leaving my face beautiful, hydrated and glowing. My skin never looked better. This is definitely my daily must!",My New daily routine,light,blue,combination,,P504026,Mini Algae + Moringa Universal Face Oil,MARA,40.0
21102060484,5,1.0,0.1904760003089904,63,51,12,2021-01-18,"If we shake it, what happen ? Because I don’t see the “no shaking” and I shake it. Can I use it or no?",question,light,blue,normal,blonde,P457439,Clarifying Lotion,SEPHORA COLLECTION,16.0
5408464850,2,0.0,0.5454549789428711,11,5,6,2019-10-04,"Tastes disgustingly like fragrance. Had to wipe it off my mouth, still tasting it 15 minutes later. Super pretty, easy to use but the taste is horrible. Wish they didn’t add a floral scent.",,light,,normal,brown,P449102,Crystal Ball Roller Gloss,INC.redible,12.0
2512306651,3,0.0,0.75,4,1,3,2021-01-16,This is a cheap alternative to Kate Somerville but I still prefer the Peace Out dots or the Proactive on the spot treatment to this. This took several days to make any impact on a cystic acne spot on my face...like 4 days and the thing I liked least about it is after it dried it flakes off and gets the dust all over everything including clothes and even my phone screen. I won’t be purchasing this again.,Flaky,lightMedium,green,combination,brown,P457439,Clarifying Lotion,SEPHORA COLLECTION,16.0
2490560123,5,1.0,1.0,3,0,3,2021-09-26,Finally… A sunscreen that actually works on top of gel moisturizers! I had to cross my fingers on this & hoped that it would smooth over my moisturizer nicely & not ball up. It smoothed over beautifully! I have oily skin & large pores on my nose & cheeks. This primer sunscreen blurs my pores & gives me the satisfaction of wearing sunscreen. My makeup sits nicely on this primer & doesn’t break up throughout the day. My skin stays fairly matte for the entire day! I don’t get as oily or see oil production until further into the ending of my day. I am very pleased with this!,FINALLY,light,brown,oily,brown,P476733,Mineral Mattescreen Sunscreen SPF 40 PA+++,Supergoop!,38.0
5392587999,5,1.0,1.0,5,0,5,2021-10-09,Love this product! Works really well as a primer and sunscreen. It has made it into my everyday makeup rotation.,,fair,green,oily,blonde,P476733,Mineral Mattescreen Sunscreen SPF 40 PA+++,Supergoop!,38.0
7142632549,5,1.0,1.0,5,0,5,2020-04-16,The roller creates an even amount of shine on the lips. 10/10 would recommend when you want a gloss on the go.,,light,brown,oily,brown,P449102,Crystal Ball Roller Gloss,INC.redible,12.0
37173946873,5,1.0,,0,0,0,2022-11-04,These tips for the GLOfacial make using it super easy! Nice to have the small tip for getting around the more challenging places like the nose. The brush is convenient for cleaning the chambers!,Must have for the GLOfacial,lightMedium,hazel,combination,,P503560,GLOfacial Antimicrobial Treatment Tips + Cleaning Brush Accessories,BeautyBio,30.0
2572644355,4,1.0,0.842104971408844,19,3,16,2021-03-01,"I received the Microderm Elite complimentary from PMD Beauty for testing purposes. A little bit about my skin before diving into this review - I have sensitive, oily, acne-prone skin. I was honestly impressed at the overall experience of the kit - I liked having multiple caps and discs to choose from depending on the type of treatment I wanted to do - face, body, or even blackhead focused. However, I was most impressed by the thorough instructions the brand provides in the booklet that comes with the device. PMD explains the different components in the kit and provides instructions on how to use the device - which is essential for this type of tool. As someone with sensitive skin, I use the lowest setting and most gentle disc. My skin felt a little sore immediately after my first treatment, but I’m not surprised given my sensitive skin as well as the nature of the device and the fact that I am still getting used to using the tool. Don’t apply pressure to the device and make sure to keep it moving as you use it. Never go over the same area multiple times in one treatment! I personally have yet to see noticeable changes to my skin - but with regular use, I expect to see an impact. The *sole* reason I am giving this tool a 4-star rating is due to the complexity/learning curve when you first use the device. When I first tried the device on my arm, the suction was stronger than I expected, so the device got stuck in one spot and left a red mark. Be sure to read the instructions, watch the online tutorial on the website, and test on the arm prior to using on the face! With all the above said, I’d recommend the device to experienced skincare lovers looking for this type of at-home treatment.",Attn: Follow the Instructions + Practice,light,brown,oily,brown,P467969,Personal Microderm Elite Pro,PMD,299.0
10681220980,5,1.0,1.0,5,0,5,2022-07-17,This is the ONLY sunscreen I have ever used that doesn’t break me out. I wear this working outside in 80+ degree weather for over eight hours and I don’t get any new breakouts because of it. I have crazy sensitive skin! I also like the light tint the product has. Definitely recommend!!!,,light,blue,combination,brown,P469524,RESIST Super-Light Daily Wrinkle Defense SPF 30,Paula's Choice,37.0
1004980670,5,,0.3636359870433807,11,7,4,2013-11-21,"love,love,love the best cream ever except for the smell, it could be a little less expensive but it is Dior after all.",best,,,normal,,P375354,Capture Totale Intensive Night Restorative Crème,Dior,175.0
12484141824,4,1.0,,0,0,0,2019-10-25,"This gloss is just so cute! The formula is a little sticky, but the cool roller feels so nice.",Cute!,fair,brown,dry,brown,P449102,Crystal Ball Roller Gloss,INC.redible,12.0
1945150933,5,1.0,1.0,5,0,5,2019-06-04,"Amazing. Cleanses, replenishes natural oils, and exfoliates all in one. My skin has never looked or felt better. It’s perfect",HOLY GRAIL,mediumTan,blue,combination,brown,P431416,The Replenishing Oil Exfoliator,La Mer,135.0
8967592172,4,1.0,1.0,8,0,8,2022-08-14,"This is a really good cleanser. I was devastated when Sunday Riley changed the formula for their Ceramic Slip Clay Cleanser around 2018, and I’ve been trying to find another clay cleanser to love ever since. This cleanser is definitely better for my skin than most non-clay cleansers, and I plan to continue using it.",Solid cleanser at a great price,lightMedium,blue,combination,blonde,P448562,Barrier+ Foaming Clay Cleanser,Skinfix,32.0
30395159658,5,1.0,0.0,3,3,0,2022-02-26,This serum/face oil smells divine and I love the soothingness that comes with it. It is nourishing and I just love how it feels on my skin. I’ve only used it for the past week and I am already in love with it. I can’t wait to see more positive results using this! Complimentary from FaceGym,MUST HAVE,light,brown,combination,black,P476676,Youth Reformer Firming Vitamin C Oil Serum,FaceGym,110.0
9211448802,5,1.0,0.8235290050506592,17,3,14,2021-05-10,I absolutely love this serum. I saw a difference in my skin texture after only two days. I tend to be on the dry side and the good C (in combination with the face cream rich) makes my skin glow and feel so smooth while helping with hyperpigmentation.,Great!,lightMedium,green,combination,blonde,P469200,The Good C Vitamin C Serum,Dr. Barbara Sturm,145.0
6071894395,5,1.0,0.699999988079071,10,3,7,2020-02-19,"Smells just like roses, skin felt refreshed after using. A little goes a very long way!!!!",,light,brown,oily,brown,P444615,Witch Hazel & Rosewater Toner,Mario Badescu,14.0
6206533986,1,0.0,0.800000011920929,5,1,4,2022-02-08,Literally nothing special. I found they did nothing and will not purchase again. Overpriced eye masks with no results.,Not worth the price.,light,brown,normal,brown,P437960,Baggage Claim Rose Gold Eye Masks,Wander Beauty,26.0
1310732968,5,1.0,,0,0,0,2023-03-15,"I experienced very impressive results using High Performance Face Serum for Firm Skin!!! This is my first time using Macrene Actives and now I want to try the whole line!  This serum is rich, more like a lotion.  It has no scent, easy to apply and light weight.  I first used it under my eyes and noticed immediate firming and smoothness.  Next used around the mouth area and saw obvious results in marionette lines being way less prominent!  I’m actually very excited about the results in these trouble areas.  Love that this brand focuses on using clean, organic plant based ingredients.  Also, appreciate that this brand is vegan and cruelty free!",Impressive Results!!,fair,brown,normal,,P505047,High Performance Face Serum with Vitamin C and Hyaluronic Acid,MACRENE actives,195.0
1754391510,5,1.0,0.90625,32,3,29,2022-09-29,"Wow … not in tube but in tub again.  Now this is a good buy. Each of it 60ml total come up to be 240 ml. The holiday butter buttercream divine smells choco., vanilla vacation faint vanilla is pleasant sugar glazed apricot sweat smell as heavenly. Unscented is okay just no scent works well with everything ,J M body butter is the best in the market right now . I found this works much more than loccitante. Very smooth creamy ,little goes long way. Fantastic. I’m stocking more. Thanks jm.sephora to bring just for holiday n fall. I used it all year round. Grab it.",Best ever,lightMedium,,normal,auburn,P503123,Smooth Like Butter Kit,Josie Maran,30.0
2458041297,5,,0.9375,16,1,15,2015-05-05,"Using Dior make up and skin care for over 20 years. Capture Totale Intensive Night Restorative Crème one of the best Dior products. The jar has a bit different design love it as well. I have normal skin, works for me perfectly, not oily, easy absorbs. Definitely would recommend this product.",The Best!,,,normal,,P375354,Capture Totale Intensive Night Restorative Crème,Dior,175.0
7723972557,5,0.0,,0,0,0,2022-11-14,I was gifted the Outset 10 Day Starter Set and I really like it. This three-step regimen will leave your skin feeling plumper and more hydrated. If you are looking for a new skincare routine. Yall should check this out!!,,,,,,P483701,Daily Essentials Travel Set,The Outset,50.0
1749621802,5,1.0,,0,0,0,2023-02-27,I was gifted by Hourglass the Equilibrium Resurfacing Retinoid Treatment in exchange for my honest thoughts on the product…here goes! This is my first time trying a skincare product from this brand and I must say…I’m impressed. This went on really smoothly and didn’t cause my sensitive skin to break out. Excited to see how this product fairs on my dark spots over time!,So far so good,tan,brown,combination,black,P504637,Equilibrium Resurfacing Retinoid Treatment,Hourglass,110.0
5713534529,5,1.0,0.6666669845581055,3,1,2,2020-07-22,LOVE these eye masks. Very visibly improves my understanding eyes and smooths lines immediately. Easily my favourites. Wish you could get them in a jumbo tub like PTR eye masks.,,light,blue,combination,blonde,P437960,Baggage Claim Rose Gold Eye Masks,Wander Beauty,26.0
1535634024,2,0.0,1.0,2,0,2,2022-10-22,"This moisturizer is too thick and leaves a white cast. I wish I could exchange for something else, but it’s past the return window. It’s too bad the return policy has changed.",Too thick and past return window,tan,brown,dry,black,P500106,Everyday Mineral Moisturizer SPF 30 Sunscreen,Community Sixty-Six,30.0
33025484108,5,1.0,,0,0,0,2022-10-27,"So easy to use and clean! I love the two different size of tips to really target all different areas on your face. My boyfriend and I both use this product so we are cleaning it constantly, the cleaning brush makes it sooo easy to clean!",So helpful and easy to use!,,brown,combination,,P503560,GLOfacial Antimicrobial Treatment Tips + Cleaning Brush Accessories,BeautyBio,30.0
42342613198,3,1.0,,0,0,0,2023-03-20,"I tried this oil and it made my face super smooth and soft, and I love it! But once I used it in my hair, it made my hair look super oily. I only used 2 drops and the next morning it was still super oily. Smell is a little weird but I’m not too phased by that.","Great for skin, not sure about hair1",fair,brown,dry,,P447597,100% Organic Virgin Chia Seed Oil,The Ordinary,8.5
5557057578,5,1.0,,0,0,0,2022-11-17,"This starter set is fantastic! A great way to try out The Outset to make sure the products work for you and your skin type. I am combo/oily and found these those be perfect for my AM routine. The cleanser helped prep my skin and remove any build up and oils from the night before. The serum and the moisturizer work beautifully together and are absolutely made to go hand in hand. The serum just soaks into my skin, two pumps is plenty. And the moisturizer leaves me looking lit from within. Absolutely recommend and I can’t wait to get the full sized versions when I’m done with these.",Fab routine for mid 30s combo skin!,lightMedium,hazel,combination,black,P483701,Daily Essentials Travel Set,The Outset,50.0
1879451108,5,1.0,1.0,6,0,6,2021-02-04,"I can’t say enough about this wash! I have SUPER sensitive skin, rosacea and my pores have driven me insane. Using this product has CHANGED MY FACE completely. I can see the difference RIGHT AWAY! My pores are way smaller and my face is calmer and smoother than ever. I allow it to lather well before rinsing working in circular potions all over as instructed every night after I remove my makeup and wash my face. It’s AMAZING! I actually received this in my FFF Winter box and so thankful for it because I will forever buy it!",WORKS AMAZING ON MY SENSITIVE SKIN! HOOKED!,lightMedium,brown,dry,brown,P448710,pores no more Pore Purifying Cleanser,Dr. Brandt Skincare,38.0
5096987657,5,1.0,0.7142860293388367,7,2,5,2021-10-10,Wow! I love how hydrated and supple my skin feels after using this serum.,10/10,tan,brown,combination,brown,P476676,Youth Reformer Firming Vitamin C Oil Serum,FaceGym,110.0
27647891731,4,1.0,0.800000011920929,5,1,4,2022-09-23,"A nice gentle facewash, I really enjoy the smell. For the price point it’s a nice facewash.",,lightMedium,brown,combination,black,P482007,Dewy Glow Jam Cleanser with Jeju Cherry Blossom,innisfree,13.0
1641827059,5,1.0,1.0,11,0,11,2021-02-03,"❤️ I love these❤️ they really helped calm the area around my eyes, the dark circles disappeared for the remainder of the day! Plus the eye masks are just so cute to wear. They are nicely coated in the liquid and you even have a little left on the paper that you can pst around the corner of your eyes if you wanted a little more coverage. They stay in place. I am able to work with them on ( work from home in front of a computer ) and I am able to do my little one years old morning routine with them staying put. They don’t move around or fall off. It’s a must if you have some dark circle or just want to brighten the skin up. Nice too if you have an evening out to use before hand. My under eye area felt nourished and brighter after using these once!",my to go to for dark circles,light,brown,combination,brown,P437960,Baggage Claim Rose Gold Eye Masks,Wander Beauty,26.0
2006793669,1,0.0,0.4285709857940674,14,8,6,2021-04-06,It doesn’t work. I have no idea how you can possibly mess up a roller gloss but nothing comes out of mine whatsoever. It’s like a lip massager. Returning.,incredible ... doesn’t work lol,light,brown,oily,brown,P449102,Crystal Ball Roller Gloss,INC.redible,12.0
8224928748,5,1.0,1.0,2,0,2,2021-07-31,Not only does this cream work wonders on stretch marks but my forehead lines are diminishing before my eyes. Only a small amount is needed so a little goes a long way. Now im curious to see what it’s gonna do to my laugh lines. I’ll update in a few weeks. Worth every penny.,Worth every penny,light,blue,combination,black,P474121,SD Advanced  PLUS Intensive Moisturizer For Wrinkles & Stretch Marks,StriVectin,82.0
2563962713,4,1.0,0.75,4,1,3,2020-01-05,"Love this product, BUT it does not spray well (even when shaken). I bought this so I could spray it on my face without my hands having to touch my face (less chance for breakouts). Great product, though.","Great product, does not spray well",light,blue,combination,blonde,P447607,Rose Milk Re-Hydrating Mist,Lancôme,30.0
5829087048,5,1.0,0.0,1,1,0,2022-08-03,"Physical exfoliation is not for everyone, but I just find this one does the job so much better than the chemical exfoliators I’ve tried. It is pretty gentle for a scrub (similar to the Kate Somerville Exfolikate in terms of texture) and the smell is so lovely too. I use it 1-2 times a week at night and follow it with a hydrating oil. I wake up with the most soft, glowy skin in the morning. I’ll definitely continue purchasing this and unless you struggle with really sensitive skin, I’d recommend it!",,fair,brown,normal,brown,P471566,Mini Lemonade Smoothing Scrub,OLEHENRIKSEN,18.0
1812114505,5,1.0,,0,0,0,2022-12-21,"Very gentle and effective detox mask, cleans my skin like a miracle. Very easy to apply, there’s high quality tool included. Skin feels and looks so much healthier after using. I use for about 15 minutes and follow with my moisturizer. Great result. Also, packaging! It’s so pleasant. Going to get one to my friend as a gift, too.",,light,blue,normal,blonde,P504040,Spirulina + Ashwagandha Volcanic Sea Clay Detox Masque,MARA,54.0
8069322903,5,1.0,,0,0,0,2022-11-17,"I was so excited to finally try this brand and this is the perfect kit to start with and get your thoughts on the brand and see if can work for you, I love the texture of the products, mu dry skin feel moisturizer and hydrated, love how simple it is just this three steps, I want to point out that I been trying the skin cycling trend and for that reason I use the products on my exfoliating days. Honestly can recommend enough.",Loving this,medium,brown,dry,,P483701,Daily Essentials Travel Set,The Outset,50.0
12524157179,5,1.0,1.0,10,0,10,2019-12-04,A wonderful way to treat yourself. I’ve tried a bunch of scrubs but find this truly to be one of the best. A little goes a long way and tube should last awhile. Smells great. Skin is soft afterwards. I’ve tried a lot of La Mer. This is hands down one of their best products.,One of the best scrubs I’ve tried.,light,brown,dry,brown,P431416,The Replenishing Oil Exfoliator,La Mer,135.0
1461610922,5,1.0,0.6875,16,5,11,2021-08-05,"I love this serum. It’s different from all the other vitamin c serum I’ve used before. I love the consistency, it’s not super thick and sticky. It doesn’t look like you have a vitamin c serum on your face when you apply. It’s super expensive but I might put some money aside to grab some.",That GOOD vitamin c,light,brown,combination,black,P469200,The Good C Vitamin C Serum,Dr. Barbara Sturm,145.0
5474184518,5,1.0,0.6666669845581055,3,1,2,2022-06-16,Everything in this box is seriously amazing and a game changer. I always use biossance and changed to skin cueticals a few months ago and now right back to biossance. This makes your skin feel refreshed and definitely helps with dryness. Highly recommended!,,fair,green,dry,blonde,P480278,Rapid Radiance Set,Biossance,35.0
8934967564,5,1.0,1.0,3,0,3,2022-08-30,Absolutely love this! I have oily skin and this goes well with it! It almost covers my pores and looks great under makeup!,Amazing!,medium,brown,combination,black,P476733,Mineral Mattescreen Sunscreen SPF 40 PA+++,Supergoop!,38.0
23115452206,5,1.0,1.0,2,0,2,2023-01-25,Antes de usar maquillaje me gusta humectar muy bien mi piel y que mejor que con este aceite ya que hidrata muy bien mi piel haciéndolo sentir como piel de bebe me encanta sentir la suavidad que deja en mi rostro,Great,medium,brown,combination,black,P504026,Mini Algae + Moringa Universal Face Oil,MARA,40.0
12837623195,5,1.0,,0,0,0,2023-03-18,"The is my first time using Macrene activists and I can safely say I am in LOVE! This product has changed my skin! It’s been looking smoother, wrinkles have lessened and the overall appearance of my skin looks so great! I’ve gotten so many compliments! Highly highly recommend!",Obsessed!!!,,brown,normal,black,P505047,High Performance Face Serum with Vitamin C and Hyaluronic Acid,MACRENE actives,195.0
5099607656,2,0.0,0.9411759972572328,17,1,16,2021-04-11,"Anytime I apply this serum, I can’t get over how it smells like onions!! I don’t know if it’s just me, but the smell is very bothersome that I don’t see me re purchasing. I am not seeing a huge difference with my skin, overall a no for me.",Why do I smell Onion??,medium,hazel,dry,brown,P469200,The Good C Vitamin C Serum,Dr. Barbara Sturm,145.0
7612818096,5,1.0,0.5,2,1,1,2021-09-28,I usually use chemical exfoliants but wanted to try something new and I was pleasantly surprised at how much I enjoyed this product. The smell is really nice and not overwhelming at all. The texture is gritty enough without being too rough. I bought the small size to try it out but I will definitely be purchasing the larger size.,Absolutely love this scrub!,fairLight,hazel,combination,brown,P471566,Mini Lemonade Smoothing Scrub,OLEHENRIKSEN,18.0
5032373385,4,1.0,0.8125,48,9,39,2020-09-18,"Did exactly what I needed! I have had my fair share of acne and with acne comes with dark spots and scars. I went through accutane in my early 20s, so here I am 27 with light to medium dark spots on my cheeks. For the price, I think it’s too expensive and would probably say this gives you about $35-40 results. My medium dark spots definitely did lighten but not to the degree of disappearing entirely. I used this product consistently once every night for about 3 -ish months. I also used retinol and firming serum in between this product. My light dark spots definitely lighten and some disappeared. I’m no longer continuing this product due to price but also because I don’t feel I need a “heavy acid concentrate” now that my dark spots have lighten.. I’m switching to something that will help brighten my skin tone alongside lightening the dark spots but not as extensively or seriously as with this product. This is a great starter product for beginning your dark spot removal journey, but I don’t see it being a forever usage considering it’s an acid.",Perfect for starters/beginners!,medium,brown,combination,black,P453822,Dark Spots No More Triple Acid Spot Minimizing Concentrate,Dr. Brandt Skincare,71.0
21662659107,5,1.0,,0,0,0,2023-03-14,"This is such a great serum. First of all, it’s smooth and softens my skin. Second of all I can already tell that it has reduce the appearance of some fine lines. I’m excited to continue using it to see the positive benefits.",A must have for anti-aging,light,brown,combination,,P505047,High Performance Face Serum with Vitamin C and Hyaluronic Acid,MACRENE actives,195.0
5487548776,3,0.0,1.0,3,0,3,2020-06-20,Just okay. I have combination skin but find I lean more towards dry. This oil is okay for the price but I find I have issues with it absorbing into the skin even when using an essence/ lightweight moisturizer. It does add hydration but I find it doesn’t melt into the skin like other oils from this brand.,okay,light,brown,combination,blonde,P447597,100% Organic Virgin Chia Seed Oil,The Ordinary,8.5
1540621345,2,0.0,0.5,8,4,4,2021-10-12,Love how it feels so far but was really disappointed that it’s as much as it is and it’s a little less than 3/4 full!! If i use it everyday it definitely wont last a month,,light,blue,oily,blonde,P476733,Mineral Mattescreen Sunscreen SPF 40 PA+++,Supergoop!,38.0
2118874315,5,1.0,,0,0,0,2023-03-17,This facial oil makes my skin feel so fresh and bouncy! I love the packaging and the product itself is actually so high quality as well. I highly recommend to anyone looking to upgrade their skincare routine!,Great serum!,fair,brown,dry,,P504026,Mini Algae + Moringa Universal Face Oil,MARA,40.0
1510773603,5,1.0,,0,0,0,2023-03-08,"Loving this gentle Retinoid Treatment. It doesn’t irritate my skin, very gentle, and makes my skin more balanced and helped my skin become more smooth and also helps reduce the appearance of my fine lines. I’ve been using this morning and night and really loving the results.",Very gentle and doesn’t irritate my skin,fair,brown,combination,,P504637,Equilibrium Resurfacing Retinoid Treatment,Hourglass,110.0
1584487475,5,1.0,0.5,2,1,1,2023-01-26,"Oh my gosh, what a lovely facial oil, my winter skin loves this! I apply it as a last step in my skincare routine and it leaves my skin feels so much more moisturized. The bottle is just the perfect size, since a little bit of this goes a long way! My skin feels hydrated and nourished afterwards, like I’ve been to a luxe spa!",Skin feels amazing!,fair,blue,dry,blonde,P504026,Mini Algae + Moringa Universal Face Oil,MARA,40.0
42775478177,5,1.0,1.0,2,0,2,2022-12-10,This face mask is a life saver after a night out I often struggle with dry skin in the winter and this has been my life saver! The mask contains clay which soaks into skin and hydrates it. This mask helps my acne irritation be less visible as well. I highly suggest using this product if you have dry or textured skin. It is super calming and will always be one of my favorites.,Irritation calmer!,lightMedium,blue,combination,blonde,P448711,Face Mask,Dr. Barbara Sturm,125.0
8297640948,1,0.0,0.4090909957885742,22,13,9,2020-08-21,"People check the ingredients it’s not good for your skin. Please think about it before you buy it . It made my acne prone skin worse and it hurts my skin . I don’t recommend this mist , double check the ingredients if this get in your eyes it burn so bad.",,light,brown,combination,black,P440483,"Facial Spray with Aloe, Cucumber and Green Tea",Mario Badescu,7.0
32015623335,5,1.0,1.0,4,0,4,2021-05-28,Love the creamy way it feels on application and how soft my skin feels afterwards.,,light,blue,dry,blonde,P470049,Clearcalm Clarifying Clay Cleanser,REN Clean Skincare,38.0
22496313079,5,1.0,0.75,4,1,3,2021-07-16,This wonderful strivectin intense moisturizing cream really helped my deep wrinkles around where I squint a lot in my forehead and my crows feet I also have sensitive skin which I had no reaction one so whatever.  I would highly recommend the scream to anyone who has deeper wrinkles and looking for a product that actually works and you’ll see results within 2 to 3 weeks and just the longer you use proud of the results get better.  You can also wear make up over it which I liked or I can use it at night if I want in my night skin care routine I love this cream that much.  There is no order it’s lightweight the Photo on the left has been two weeks of use and the photo on the right is how my dark spot started,The best wrinkly cream in the world,fairLight,hazel,normal,brown,P474121,SD Advanced  PLUS Intensive Moisturizer For Wrinkles & Stretch Marks,StriVectin,82.0
37192280009,5,1.0,1.0,2,0,2,2022-06-16,Great mask! I really like this mask. Used at night and my skin really glowed all day the next day.,,fair,Grey,combination,blonde,P483145,Ultra Glow Mask with Vitamins C + E,SEPHORA COLLECTION,16.0
1165012347,5,1.0,1.0,2,0,2,2022-12-26,"I’m on my 10th bottle! This smells great and cleans well! I use it every day ! Cleans up left over makeup, tones, gentle!",Love,light,brown,combination,blonde,P444615,Witch Hazel & Rosewater Toner,Mario Badescu,14.0
45739185225,5,1.0,,0,0,0,2023-03-15,"I just love the fact that it has so many ingredients such as hyaluronic acid, green tea, since they are products that help our skin to regulate it, to have an equal gift, apart from that it helps me to keep it hydrated, very soft I love its formula It is not sticky and the best thing is that it is absorbed very quickly.  I’m testing it and I can’t say more than I’m fascinated with the result.  I think that when it is finished I will continue buying more definitely, it is a product that is worth it.",Serum,fair,hazel,dry,blonde,P505047,High Performance Face Serum with Vitamin C and Hyaluronic Acid,MACRENE actives,195.0
21394308748,1,0.0,0.5555559992790222,9,4,5,2021-02-07,I was severely disappointed.  The product had way too much scent.  And the formula pretty much dissolved before it did anything for your face.,not worth the price point or hype.,fairLight,blue,combination,red,P433461,Rose Sugar Scrub,Lancôme,34.0
1413833282,5,1.0,0.5,2,1,1,2022-02-01,So refreshing. The jasmine scent makes my face feel like a field of jasmines. I spray in on after cleansing my face. Sometimes even midday just for a little pick me up.,A field of jasmines,tan,brown,combination,black,P481401,Hydrating Jasmine Mist - Royal Refresh,RANAVAT,45.0
2536340821,4,1.0,0.3939389884471893,33,20,13,2020-02-09,Second week and very impressed with how effective this product is. I am using less foundation daily to cover acne scars. Looking forward to seeing the results after a full month,very true to its promise,rich,brown,oily,black,P453822,Dark Spots No More Triple Acid Spot Minimizing Concentrate,Dr. Brandt Skincare,71.0
6394813647,5,1.0,,0,0,0,2022-12-23,"This product is giving luxury, you can travel with it as well. it’s a very unique bottle can be used with other products. id definitely talk about this item some more in the future. my audience would definitely love this face oil.",,tan,brown,combination,black,P504026,Mini Algae + Moringa Universal Face Oil,MARA,40.0
10052784676,5,1.0,,0,0,0,2022-11-21,This kit is the perfect starter kit! Especially when you want to just try the products. I haven’t tried the outset before until now and really love these! It’s really the perfect morning skincare routine.,,,blue,combination,blonde,P483701,Daily Essentials Travel Set,The Outset,50.0
36013632426,5,1.0,,0,0,0,2023-03-17,"OBSESSED! I’ve been using this mask when I take a bath for the ultimate bath night, it leaves my face feeling so hydrating & looking bright! I just love how refreshed I look & feel after using this mask a few times! complimentary from MARA",,,blue,oily,blonde,P504040,Spirulina + Ashwagandha Volcanic Sea Clay Detox Masque,MARA,54.0
7478011027,5,1.0,0.875,8,1,7,2021-11-08,This is my new favorite SPF. I am combo and this doesn’t make my face oily AT ALL. I love the little tint it has but not sure how that would look on a deeper skin tone. It sits nicely under makeup and does the tiniest bit of evening out your skin if you wear it alone. The only con is I wish it had a higher SPF for when I’m out more in the spring/summer.,I Will Keep Buying,fair,blue,combination,brown,P469524,RESIST Super-Light Daily Wrinkle Defense SPF 30,Paula's Choice,37.0
2172412246,5,1.0,,0,0,0,2022-11-06,This was exactly what I was looking for from a skin care company. Makes it easy so I don’t have to think and just has everything I need. The actual product worked so well as well! I really liked how my skin felt after using it.,,light,blue,combination,blonde,P483701,Daily Essentials Travel Set,The Outset,50.0
5660435354,5,1.0,,0,0,0,2022-12-08,"This face mask instantly makes my skin feel better. I only leave it on for 10 minutes then wash it off with warm water. It’s not one of those face masks that hardens on the skin - it absorbs right into my skin and has a creamy texture. After I travel and my skin feels dull and dry, this face mask really gives a hydrating boost.",So Hydrating!,,brown,combination,blonde,P448711,Face Mask,Dr. Barbara Sturm,125.0
30584973006,2,1.0,1.0,1,0,1,2023-02-24,"I was very excited when I first tried it since it leaves a very smooth textures, but after using this product for the last couple of days it has clogged my pores... I might try other Supergoop products but this one is not working for me",,,brown,combination,,P476733,Mineral Mattescreen Sunscreen SPF 40 PA+++,Supergoop!,38.0
1249378526,5,1.0,1.0,9,0,9,2019-09-01,"I have another of their roller balls, and I love them. The bottles are high quality and the amethysts added a nice touch to the one that I have.  The beautiful ball portion of the roller is so pleasant to use. I grew up in the 90’s, and using this is somehow comforting to me, in addition to making the lips look and feel fantastic and glossy. I didn’t have an issue with the gloss coming out like the other reviewer, mine was easily rolling upon the first try but if yours isn’t, their advice sounds like a great idea!",Love these roller balls!,fair,blue,dry,blonde,P449102,Crystal Ball Roller Gloss,INC.redible,12.0
28110273141,5,1.0,0.0,1,1,0,2022-08-24,I love it little bit expensive. But work it Soo ……………………………………………………………….,I use every single morning ……………………,medium,brown,oily,black,P471064,Max Matte Shine Control Sunscreen Broad Spectrum SPF 45,Peter Thomas Roth,38.0
1737922340,5,1.0,0.75,4,1,3,2021-03-18,"I am so mad that this product is so expensive because it is amazing and my bank account will forever hate me. I thought the price was reasonable at first...until I realized the amount of product. It’s a little nuts. But I think it’s worth it. It applies really easily. Doesn’t feel thick, sticky or slimy like a lot of spf products. It has a subtle tint. I saw some people say it leaves a white cast initially, but that has not been true for me. Most of those reviewers labeled their skin tone as fair or light if I’m not mistaken. I’m light but not light enough where a white cast wouldn’t be noticeable so I’m not sure what they were experiencing. I loved the way this sat on my skin throughout the day. It didn’t get greasy and I forgot I had applied spf at all which is the selling point for me bc I typically LOATHE the way spf sits on my skin.  I wouldn’t wear this to the beach or anything obviously, but as an every day spf, highly recommend!",,light,green,combination,brown,P469524,RESIST Super-Light Daily Wrinkle Defense SPF 30,Paula's Choice,37.0
11348660797,5,1.0,1.0,1,0,1,2022-02-17,A great starter kit. love every product in this box. they make my skin glow and soft!!i love the vitC rose oil the best. it’s non greasy but moisturizes every inch of my skin.love this set a lot!!!!,This set will make you fall in love with Biossance,fair,brown,dry,black,P480278,Rapid Radiance Set,Biossance,35.0
7738132540,5,1.0,0.5,2,1,1,2020-09-10,awesome product. love the foamed up texture and how easily it melts into skin. instantly smoothes and brightens your skin.,fluffy light texture and hydration,light,green,oily,brown,P404232,DermalQuench +Retinol Advanced Resurfacing Treatment,Kate Somerville,110.0
1848019326,5,1.0,1.0,1,0,1,2022-02-12,I Love this Jasmine mist. The smell is absolutely wonderful! I use it after cleaning to add moisture. I also spritz it on during the day as a “refresher“ and to add some glow. I cannot say enough about this entire product line. I love Jasmine mist as well as all the other Ranavat products!,Love Jasmine Mist!,light,blue,dry,blonde,P481401,Hydrating Jasmine Mist - Royal Refresh,RANAVAT,45.0
1481231505,3,1.0,1.0,2,0,2,2023-03-03,I really like the way my skin felt while using this smooth and dewy however I had a couple of break outs. I stopped using it went way and when I started back the rashes and back. return,Really wanted to like it,tan,brown,normal,blonde,P504026,Mini Algae + Moringa Universal Face Oil,MARA,40.0
6217182209,5,1.0,1.0,2,0,2,2022-12-24,"This is the creamiest clay mask that I have ever used. Also the first one to leave my face feeling so soft, moisturized and not dry.Unlike other clay masks, this one doesn’t fully dry out and crack like other masks do, so I consider it a gentle clay mask… gentle enough for sensitive skin types.After about 15 minutes or so, I removed  it with warm water without any difficulty whatsoever.I put on makeup after and wow, my skin looked amazing and i know that this mask contributed to that result. Definitely recommend trying it out for yourself",,fair,brown,combination,,P504040,Spirulina + Ashwagandha Volcanic Sea Clay Detox Masque,MARA,54.0
1331527313,1,0.0,0.6000000238418579,5,2,3,2021-11-02,"I have never written a review for Sephora as a shopper for over 20 years, or returned much of anything. Usually purchase Lancôme as preferred line of skincare but this mist was not to be ! From the get go the spray misfired, and leaked all over the bottle/ my hand. The lotion/ oil  is just too thick to be sprayed as a mist - need to go back to the drawing board ! One star for the tolerable fragrance but it’s not for the sensitive - it’s more on the perfumey side. Would return if I could but waited too long to use…",Terrible packaging !,fair,green,combination,brown,P447607,Rose Milk Re-Hydrating Mist,Lancôme,30.0
2708555145,5,1.0,,0,0,0,2021-07-15,I’m a huge fan of StriVectin and have been using their products for about 10 years now - they rarely disappoint! This moisturizer is no exception: it gives my skin a nice healthy glow and makes the skin tone look more even.,,fairLight,hazel,combination,auburn,P474121,SD Advanced  PLUS Intensive Moisturizer For Wrinkles & Stretch Marks,StriVectin,82.0
11561316292,5,1.0,0.8518519997596741,27,4,23,2019-08-04,"On of the best serum I had. This product seems new to a Estee Lauder fan. Compared to the old version ANR, it works better. It is not only easy to absorb, but also very keep my face really moisturized. The price is much expensive than the old one too, lets see what will happen to my face when I empty the bottle. FYI I am dry skin and have some fine lines. I use this serum after toning lotion and I will use a thin layer of face cream after this product.",5 stars serum,lightMedium,brown,dry,brown,P446908,Advanced Night Repair Treatment Intense Reset Concentrate,Estée Lauder,92.0
21850019338,5,1.0,1.0,5,0,5,2021-12-17,"Love this! Originally bought the purple one, I loved the that one so much I went and bought the pink one. The gloss is incredibly glossy, and it’s not sticky which is such a bonus. It lasts on me for a while but could vary on other people. The lipgloss itself is pretty big and has a good amount of product for the price. I thought it was worth it, might even get the green one to have all three!",Love it,mediumTan,brown,dry,black,P449102,Crystal Ball Roller Gloss,INC.redible,12.0
11288354778,5,1.0,1.0,3,0,3,2020-08-05,"Awesome product, it evens out my skin tone really well. Noticed a difference after the first use. Highly recommend.",fabulous,fair,brown,combination,brown,P446908,Advanced Night Repair Treatment Intense Reset Concentrate,Estée Lauder,92.0
1347843888,5,1.0,1.0,2,0,2,2021-01-04,"Great product, good value, instant results! The mask quality and size is perfect",Pretty eye masks! Instant results,mediumTan,brown,combination,blonde,P437960,Baggage Claim Rose Gold Eye Masks,Wander Beauty,26.0
11018638330,5,1.0,0.846153974533081,13,2,11,2020-08-26,"Great retinol product, one of my favorites! I’ve tried quite a couple & this one is isn’t as abrasive to the skin as say Drunk Elephants. This one slowly begins to show the effects instead of peeling your skin, the smell is refreshing & light. Definitely worth trying.",,medium,brown,oily,brown,P454514,"Youth Renewal Retinol Trial Kit for Smoother, Younger-Looking Skin",Murad,59.0
2656513233,5,1.0,0.875,16,2,14,2020-01-17,"I have sunspots and dark acne spots left behind from previous acne.  I can really see my dark spots slowly fading , I put it on mostly at night before bedtime and when my skin is clean. I feel like it works better and is more effective . Easy to apply and has no d’instinct smell which is a plus.",,mediumTan,brown,combination,black,P453822,Dark Spots No More Triple Acid Spot Minimizing Concentrate,Dr. Brandt Skincare,71.0
1360801487,5,1.0,,0,0,0,2021-07-25,I’m in love with the result! It helped improving mu skin dramatically over the past two weeks. My skin feel really smooth and moistures all day and i love the hydration it provided. My wrinkle was visibly much less visible and I’m so happy with the result! I have hugs stretch mark on my leg too and I also saw great improvement on that too.I love the case and the tube that is easy to use and store. I highly recommend using this!,Amazing,mediumTan,hazel,dry,black,P474121,SD Advanced  PLUS Intensive Moisturizer For Wrinkles & Stretch Marks,StriVectin,82.0
13034718210,5,1.0,0.5,2,1,1,2020-09-23,"Very good  High quality product.I have delicate , mature skin and I want to use this mask every evening .This mask and enzyme cleanser are the best from this line ❣️",,light,blue,dry,blonde,P448711,Face Mask,Dr. Barbara Sturm,125.0
43897671521,2,0.0,,0,0,0,2023-03-14,I love a lot of their products but this matte one pills immediately and will hardly apply to my skin. I’ve heard it works for others but for me it’s a no!,A no from me,fairLight,hazel,normal,brown,P476733,Mineral Mattescreen Sunscreen SPF 40 PA+++,Supergoop!,38.0
5441955044,5,1.0,,0,0,0,2022-12-26,This is the only face oil you need! Its soo hyrdrating and I have noticed a reduction in my fine lines and wrinkles. A total win!,Best Face Oil!,,green,dry,red,P504026,Mini Algae + Moringa Universal Face Oil,MARA,40.0
1738022745,5,1.0,,0,0,0,2023-02-27,"I have sensitive and acne prone skin and a lot of retinols are very heavy and strong, but this seems pretty gentle and I was excited to read the ingredients and see that it’s oil free and doesn’t contain any obvious pore cloggers. Since this is gentle I didn’t have any peeling after using it morning or night. So far so good and my skin looks great!",,fair,brown,dry,,P504637,Equilibrium Resurfacing Retinoid Treatment,Hourglass,110.0
12066426032,5,1.0,0.5,2,1,1,2022-12-26,"After using this products for a few weeks along with a gua sha, I am noticing a huge difference in the reduction of my double chin. Even though I am slowing losing weight, I feel like my face has transformed more than my body with the help of this product. It also reduces the appearance of my undereye bags which is so great.",Necessary for a Double Chin,fair,blue,dry,,P457520,FIRMx Collagen Moisturizer,Peter Thomas Roth,88.0
22578298243,1,0.0,0.6571429967880249,35,12,23,2022-10-11,"Is this set hydrating? Yes. Does it do anything else? No. To top it off, my husband said my side of the bed smelled like a towel that had been used too long- that smell of mold or mildew. When he got really close to me, he said, oh that’s your face that smells like that. Sorry- wouldn’t care if this product did everything it says….if my husband tells me my face smells like a moldy towel, I’m not using the product. The only part of this set that doesn’t smell horrible is the pink serum. The actual lotion- wow. I’d avoid this unless you a) don’t care about real results or are only looking for hydration, or b) don’t care about the nasty, nasty smell.",Look anywhere else,light,blue,dry,red,P480278,Rapid Radiance Set,Biossance,35.0
7488135938,5,1.0,0.75,4,1,3,2023-02-15,"I’ve gone through two bottles of this and I think its a great beginner AHA. I even found that if I applied Solution an emerging spot it would be gone within hours/by morning. The only reason I switched from Solution to other AHA products was because the pump mechanism isn’t the best if you do not use a cotton pad. If they had a bottle where you could shake it into your hand I would def switch back. Others have found that it can be drying, to combat this I only used it at night with a very think moisturizer (I personally use the Farmacy Honey Halo cream).I’ve only purchased through Glossier’s website, but now that its available at Sephora it is easier to try and return if it does not work out for you. Pros: I actually saw results-especially on my forehead and chinCons: does sting, the pump requires the use of cotton pads, and it can be drying for some",Great Starter AHA/PHA!,,brown,combination,black,P504786,Solution Skin-Perfecting Daily Chemical Exfoliator,Glossier,26.0
23373761797,5,1.0,,0,0,0,2022-12-22,The MARA Algae + Moringa® Universal Face Oil has been a game changer to my skincare routine. The cold weather has been causing havoc on my skin. I love how hydrated my combination skin feels after using this face oil.,,lightMedium,brown,combination,,P504026,Mini Algae + Moringa Universal Face Oil,MARA,40.0
2580544196,4,1.0,1.0,4,0,4,2019-11-22,"I gave this 4 stars just because it’s advertised as a mist and it’s truly a softening lotion with a milky consistency. That being said, it’s an AMAZING softening lotion. Keeps your skin feeling hydrated and soft and supple. After I wash my face, I spray it on my hands and apply it to my face like a serum. It is truly too thick to spray on. You can spray it but you will end up spreading it with your fingers.",,lightMedium,brown,combination,brown,P447607,Rose Milk Re-Hydrating Mist,Lancôme,30.0
2114300095,5,,0.2000000029802322,10,8,2,2014-11-19,I love this creme! Love it love it love it!,Wonderful!,,,combination,,P375354,Capture Totale Intensive Night Restorative Crème,Dior,175.0
24621085485,1,0.0,0.8666669726371765,15,2,13,2020-06-19,it is not a peeling mask it is more like an face scrub and also on the app it says 10  min but on the package when it comes in say 3 min,was not what I was expecting (clickbait),light,blue,combination,blonde,P446820,Grapefruit Peeling Mask - Skin Perfection,SEPHORA COLLECTION,8.0
6155859807,5,1.0,0.5,2,1,1,2021-12-20,Fantastic Exfoliant. Makes my combination 64yr old skin look younger & refreshed. I use it 2-3 times per week (I would honestly use it daily but I know that’s not a good idea). Bought the small size to try & now I keep a small in my travel bag & large in shower. Does not dry out my face at all & I live in the high desert!,Fantastic Exfoliant!,mediumTan,brown,combination,brown,P471566,Mini Lemonade Smoothing Scrub,OLEHENRIKSEN,18.0
23716105015,5,1.0,0.8999999761581421,10,1,9,2020-08-29,"this one of the best face masks i’ve ever used. i love the soothing effects the kaolin and aloe vera provide. i remember the first time i used this product. after washing it off, i couldn’t believe how smooth and hydrated my skin felt. it was unbelievable in my opinion. also, the mask isn’t messy at all and doesn’t leave your skin feeling greasy like some other masks do. if you’re looking to improve your skin to the next level, this product is for you.",happy customer,mediumTan,hazel,combination,black,P448711,Face Mask,Dr. Barbara Sturm,125.0
39263582368,5,1.0,,0,0,0,2023-03-01,I really enjoyed using this cleanser. It made my skin feel super hydrated and clean after using. My skin has been looking better only after a few uses. I would definitely recommend this.,New fav!,light,brown,oily,,P504524,Milky Jelly Gentle Gel Face Cleanser,Glossier,19.0
32579866171,5,1.0,1.0,2,0,2,2022-06-28,"I was surprised to find out that I REALLY like this. It foams up nice, and actually makes my skin look brighter and feel properly cleaned, unlike other things I have tried. If you don’t like cherry scents, it may not be for you. It’s decently strong, however it doesn’t linger. A little bit goes a long way with this one too, so this will last me a long while!",Actually helped my skin,fairLight,blue,dry,red,P482007,Dewy Glow Jam Cleanser with Jeju Cherry Blossom,innisfree,13.0
28979818647,1,0.0,0.5,2,1,1,2020-11-30,"I was so exited when this arrived in the mail. When I first sprayed it, it felt fine. However, after days, I realized my skin got so much dryer. This product DRIES your SKIN!! I seriously dislike this product. It also makes my face turn so red after I spray it on for about 2 minutes. This was so bad for my skin. I don’t know about others but this product didn’t work for me. I also bought it when it was 7 dollars. I regret it. Even if it was 3 dollars, I wouldn’t buy it. If it was 1 dollar, I probably would but for the spray not whats inside it.","Dries your skin, not for sensitive skin",fairLight,brown,dry,black,P440483,"Facial Spray with Aloe, Cucumber and Green Tea",Mario Badescu,7.0
2432231512,5,1.0,,0,0,0,2022-12-24,This face oil has changed my skin! I use this everyday morning and night as the last step in my skincare routine. It literally makes my skin glow and feels so luxurious on my face.,Amazing,,hazel,combination,,P504026,Mini Algae + Moringa Universal Face Oil,MARA,40.0
25748038006,5,1.0,1.0,1,0,1,2021-01-26,This cleanser is fantastic. I have oily acne prone skin and this cleanser has done a fantastic job of clearing my skin without stripping. I can use this twice a day with actives and my skin does not feel dry at all. This is a great cleanser for oily acne prone skin.,perfect for acne prone skin,lightMedium,blue,combination,brown,P448710,pores no more Pore Purifying Cleanser,Dr. Brandt Skincare,38.0
7672510951,5,1.0,0.25,4,3,1,2021-12-11,"Handheld device that is very easy to use. The color and the design is beautiful too. It’s great for exfoliation especially around my chin and nose. I use the first setting and it works perfectly well on my skin. Despite it being like a vacuum, it’s still very gentle, not causing any redness. I noticed that my skin feels a lot softer and smoother after using this. I love that it has a travel case where you could keep everything.",Gorgeous set!,lightMedium,brown,combination,black,P467969,Personal Microderm Elite Pro,PMD,299.0
6599606282,5,1.0,1.0,1,0,1,2019-08-16,"great facial sprays! will continue to purchase... I have tried the pink one with aloe, herbs and rosewater. I like it. Then I decided to try the cucumber and green tea spray... instantly refreshing! definitely makes me feel awake and smells great. I think I love this one more!",Instantly refreshing,lightMedium,brown,combination,brown,P440483,"Facial Spray with Aloe, Cucumber and Green Tea",Mario Badescu,7.0
31248900755,5,1.0,,0,0,0,2023-02-25,"When it comes to skincare, it should be more common knowledge that what you put in your skin is just as, If not more important, than what you put on your skin. I am a herbalist and can tell you that the ingredients in this are great.",,,brown,dry,,P457002,SuperBeauty Daily Antioxidant SkinSupplement,Moon Juice,60.0
5302164869,5,1.0,1.0,1,0,1,2022-11-23,I have been blown away by the Outset Starter Set! I was so excited when this brand came out and the quality has really surpassed my expectations! The Gentle Antioxidant Micellar Cleanser did Ana amazing job of removing all remaining makeup on my face after cleansing and it was so gentle on my sensitive skin! The Firming Vegan Collagen Prep Serum soaked into my skin quickly allowing for flawless makeup application on top! The Nourishing Squalane Daily Moisturizer felt light and hydrating on my skin and dries quickly! I will definitely be purshasing full size of this products and can’t wait to try the rest of the brand!,Great for sensitive skin!,light,blue,dry,blonde,P483701,Daily Essentials Travel Set,The Outset,50.0
22493683583,5,1.0,0.6000000238418579,5,2,3,2021-04-26,"This was recommended to me to assist with my maskne and I am so pleased with it.I put it on the area my mask sits every night after my shower. I let it sit for approx. 3-5 minutes on clean skin and the results are wonderful. My maskne has improved so much. Since the introduction of masks, as well as yearly reactions to extreme Canadian cold, my skin has been super sensitive. This product is gentle and soothing to my skin. I saw results within about 1-2 weeks and continue to see results as I continue use. I love it!",This rescued my face from maskne!,mediumTan,,combination,,P470049,Clearcalm Clarifying Clay Cleanser,REN Clean Skincare,38.0
6413494705,5,1.0,,0,0,0,2023-03-10,By far my favourite go-to winter skincare combo.  The moisturizer is light and hydrating. I usually apply 1 pump of the lactic acid and then 1 drop of the vitamin c as the last step. Flawless skin in the morning,A winter essential!,fair,brown,combination,blonde,P480278,Rapid Radiance Set,Biossance,35.0
1152102127,5,1.0,1.0,2,0,2,2019-05-07,"I use this clay mask 2-3x a week, depending on how much love my skin needs. A thin layer goes a long way, usually takes about 10-15 minutes to dry and rinses off pretty easily. There isn’t really any noticeable smell to it. After the mask, my skin feel plumper, more glowy and like it just got a little boost.",,lightMedium,brown,normal,black,P440500,Super Collagen Mask,Mario Badescu,18.0
9713475143,5,1.0,,0,0,0,2023-03-16,"Very luxurious product. I love the minimal packaging too. As someone who suffers from hyperpigmentation, I am always looking for a product that will help brighten up those dark spot areas that I have. Even though I haven’t used this product for very long, I look forward to seeing the full results! Gifted by Macrene*",,medium,brown,combination,black,P505047,High Performance Face Serum with Vitamin C and Hyaluronic Acid,MACRENE actives,195.0
31140558711,5,1.0,,0,0,0,2021-07-21,"I really enjoy every Strivectin product I’ve tried so far, so I was super excited to give this a go. It is a silky consistency and an easy, smooth application. There is a subtle, clean odor.. smells just like the rest of the line. Not irritating at all, and very moisturizing.",Silky & Moisturizing,lightMedium,hazel,combination,brown,P474121,SD Advanced  PLUS Intensive Moisturizer For Wrinkles & Stretch Marks,StriVectin,82.0
1307080911,4,1.0,0.9915969967842102,119,1,118,2020-03-09,"I wanted to hate it, ladies, gents and folks.  I gave it 4 stars because of price. Over $100 for a face scrub!!  Ugh.  I suffer from dry skin and rosacea.  I got the rosacea under control with a wash, cream and oral pill and to help keep my skin dewy and healthy this was recommended to me.  I waited until I’ve been through 3 tubes of the stuff.    Maybe you’ll hate it...?  All I know is that I normally need moisturizer within 10 seconds of a shower or face wash.  I actually forgot moisturizer the other day.  Unheard of for me!!!!!  It leaves my skin soft, dewy and glowing.  My moisturizer sinks in so much faster after use, too.  I use it approx 3-4x per week.   I’m not overly fond of the smell,  I can’t place it but it’s not my thing.  But I can’t complain about the results.  It does not irritate my sensitive skin, it sloughs off dead/dry skin, it leaves my skin feeling smooth and refreshed.   I included a flare up photo of my rosacea and what my skin looks like currently.",Amazing but for the price!,fair,Grey,dry,blonde,P431416,The Replenishing Oil Exfoliator,La Mer,135.0
1747971900,2,0.0,0.2857140004634857,7,5,2,2021-10-22,I’m sure it works as a sunscreen but it leaves a film on my skin that catches every tiny bump and hair and makes me look cakey and powdery. Not cute. And if I try to out any makeup or anything on top I get a filmy residue that balls up on my face.,get it if you like the cakey look,lightMedium,brown,oily,brown,P476733,Mineral Mattescreen Sunscreen SPF 40 PA+++,Supergoop!,38.0
8223136545,5,1.0,,0,0,0,2022-12-31,I have used this retinol oil few nights a week for the past two weeks and I love the results I’ve seen! My skin is smoother and more supple. I’ve also noticed a major improvement in dark acne spots. This is a must have!,,,hazel,combination,,P504016,Mini Evening Primrose + Green Tea Algae Retinol Face Oil,MARA,66.0
1313305351,1,,0.75,12,3,9,2015-04-22,i use lots of dior products and was very exited to get this cream. i am trough half of the jar and have to say it is a big disappointment and a waste of money. i am 41 with combo skin on the dry side and good night cream is essential. this one does not deliver any of what’s promised. every morning i wake up to dry skin and look like i had no sleep at all. it might be suitable for a younger 20-something skin but definitely not for mature.,,,,combination,,P375354,Capture Totale Intensive Night Restorative Crème,Dior,175.0
1232964242,1,0.0,,0,0,0,2023-02-22,"While this might work well for some, I was on the opposite end of the spectrum. This dried out my neck to the point of extreme redness and rippling. This was followed by skin peeling much worse than a major sunburn. I developed a splotchy neck rash where it wasn’t burned.  I dont tend to have sensitive skin normally either. Be careful if you try this. I used it for a couple of weeks. It started out okay, but my skin quickly started to redden and then dry out. For anybody trying this, I recommend discontinuing at the first sign of anything not quite right. This is not a fit for my skin. I will not use this again.",Not a good fit for my skin,light,green,dry,,P449164,ELEVATE Firming & Lifting Neck Cream,Algenist,84.0
12486079369,4,1.0,0.9285709857940674,14,1,13,2020-02-21,"I bought this because I read reviews that the Rose Hip Seed Oil was too heavy for day so I wanted this to be my day oil. So far I have much preferred the Rose Hip Seed Oil. The Chia Seed Oil is very light, so that’s a benefit, but it has a very subtle smell that did not sit well with me. I doubt it would bother most people, but that was just my personal experience. The smell does linger throughout the day, so using it as a day oil I would get whiffs throughout the day that bothered me. I might end up returning to it for the summer when I want a lighter oil and don’t need as much heavy duty hydration but for now it’s going in the drawer. 4 stars because it’s not the oil’s fault that I don’t like the smell! I’d probably still recommend it to others, just not more than the Rose Hip Seed Oil. Try both!",Decent—not my go-to,light,green,normal,brown,P447597,100% Organic Virgin Chia Seed Oil,The Ordinary,8.5
27437010166,5,1.0,,0,0,0,2023-01-03,I received Mara evening primrose  + green tea algae retinol face oil. This is perfect for all skin types. I currently have dry skin this helps significantly. This has cleared up my dry skin and reduced my fine lines that have appeared. Easy to apply and absorbs nicely into my skin. This does not leave any residue on my skin and it goes with my other skincare products. Defiantly recommend.,Works for all skin types,,hazel,combination,,P504016,Mini Evening Primrose + Green Tea Algae Retinol Face Oil,MARA,66.0
5408853734,5,1.0,1.0,5,0,5,2022-05-05,"Very good. Exceeded my expectations. I have very oily/combo skin with acne. I’m used to products that strip my skin to give it that “clean” feeling. As I get older, I know better - you don’t want to completely strip your oils or else your skin will increase production. I didn’t know if I would love it at first but after finishing the bottle - I’ve already put in an order for another. Gentle, effective, protects my skin barrier",surprising!,light,hazel,combination,brown,P448562,Barrier+ Foaming Clay Cleanser,Skinfix,32.0
2736600180,5,1.0,0.0,1,1,0,2021-12-07,"I received PMD Personal Microderm Elite Pro in exchange for my personal opinion. I have always wanted one of these but was nervous about the price. I was SO excited to try it out and honestly I wish i got this sooner. Its so easy to use, comes with a bunch of different attachments (ranging for sensitivity levels) and really gets deep into your pores. My face feels super smooth just after ONE use!!!",,light,brown,combination,brown,P467969,Personal Microderm Elite Pro,PMD,299.0
33887448344,5,1.0,0.3333329856395721,3,2,1,2022-10-03,I needed a good razor for my face because all of the previous razors I tried wouldn’t work. I was shocked when I first tried it because it immediately got the peach fuzz off my face while being gental!,Love it,fair,hazel,oily,brown,P482312,Facial Razor Set,SEPHORA COLLECTION,12.0
35415916358,1,0.0,0.6111109852790833,18,7,11,2023-01-25,"Super duper upset about how fragile it is barely used it and it broke after coming into contact with my sink! What a shame really hoping I can get a refund or replacement of some kind, but by seeing some of the other reviews looks like I won’t :((",EXTREMELY FRAGILE,,brown,dry,,P477714,Black Obsidian Face and Body Gua Sha,SEPHORA COLLECTION,14.0
9374744256,2,0.0,0.75,4,1,3,2021-07-30,Reallllly wanted to love this but I hate it. it leaves your face SO STICKY and I think it may be breaking me out?,STICKY,lightMedium,brown,combination,blonde,P459116,Mini Cream Skin Toner & Moisturizer,LANEIGE,15.0
1690399411,4,1.0,1.0,4,0,4,2023-03-05,"I had wanted to try the Tatcha Indigo Overnight Repair Cream for a while but it is so expensive!  I bought this set because it had the full size cream I wanted to try but samples also of the essence and eye cream (always on the hunt for an eye cream I like that works).  I have some redness in my face I am always dealing with and knew the benefits of indigo in textiles for a long time.  It is admittedly a bit rich for combo/oily skin, even if the skin is sensitive in places.  I’m currently purging from using it, but my skin is also powdery soft the days after I use it and not nearly as greasy later in the day either.  The essence is ’meh’ for me, and not something I’d purchase in the future - I have a countertop full of essences I prefer of all different textures and types.  I wouldn’t purchase this eye cream for myself again either as it doesn’t really do anything for my needs and seems to be geared more toward more mature skin in need of moisture with wrinkles and fine lines whereas my issue is dark circles.  I love the little gold spoon but wish the lid on the night cream had that gold thing on the top like the other creams do to stick the spoon through to make sure I didn’t lose it (Tatcha doesn’t even sell it this way on their website in any formulation for the Indigo series which is weird but whatever I guess).",Thumbs up for Indigo,fair,brown,combination,black,P504303,Strengthening Nighttime Ritual Set,Tatcha,95.0
8613094979,5,1.0,,0,0,0,2023-03-18,I love how much it has changed my skin. My skin appears a lot more firm and just glowing all the time. I think this is such a great product and worth investing in. It’s clean and doesn’t have those chemically smells,,medium,brown,combination,,P505047,High Performance Face Serum with Vitamin C and Hyaluronic Acid,MACRENE actives,195.0
2788639609,5,1.0,0.9090909957885742,11,1,10,2020-12-21,"This fixed my skin! I had the worst breakouts all over my face after using a face mask that didn’t agree with my skin, and the breakouts would NOT go away. It lasted over a month, even if pimples popped, they’d come back stronger, I’d get new ones constantly, and nothing was helping. THIS cleanser fixed my skin!!! I used it once every night and even after 1 use, I saw a difference. I have dry, sensitive skin and this didn’t irritate my skin at all. I got this from a subscription box but I’d totally buy this with my money even though it’s so expensive.",Fixed my disgusting breakouts!,fair,blue,dry,blonde,P448710,pores no more Pore Purifying Cleanser,Dr. Brandt Skincare,38.0
13006062084,5,1.0,,0,0,0,2023-03-17,"This oil is amazing! I use it with my moisturizer for a burst of hydration. It soothes my skin and leaves it so dewy and hydrated! It’s definitely become a staple in my skincare routine, morning and night.",,light,brown,normal,black,P504026,Mini Algae + Moringa Universal Face Oil,MARA,40.0
1864233002,5,1.0,,0,0,0,2023-03-02,I’ll love these supplements. I love that they’re easy to take and I can take them with or without food. I’ve noticed that my skin looks amazing. And the supplements are definitely very effective. I love taking them with my smoothie or just without any food.,Love,light,blue,dry,blonde,P457002,SuperBeauty Daily Antioxidant SkinSupplement,Moon Juice,60.0
28436090727,3,1.0,0.6086959838867188,23,9,14,2021-04-04,"It is advertised as a moisturizer, but really it’s just a sunscreen. I have oily skin, but I use a retinol at night so I need a good moisturizer that isn’t too heavy with a matte finish. Thought I found the perfect moisturizer... As soon as I started using it I noticed my skin was getting really dry which it never does. The Super-Light Daily Wrinkle Defense simply isn’t very moisturizing. I had to use another lightweight moisturizer plus this SPF in order to get enough moisture which defeats the purpose of a 2 in 1. Does a decent job providing a matte finish and I do enjoy the fact it is tinted (although still too light for my olive skin!). I will continue to use in combination with a moisturizer. Just bummed that I’m back to 2 products instead of 1.","SPF, not a moisturizer",medium,brown,oily,brown,P469524,RESIST Super-Light Daily Wrinkle Defense SPF 30,Paula's Choice,37.0
22473815344,5,1.0,,0,0,0,2019-03-11,"I love it..it had my face feeling like a baby’s butt, even though it might not work for all skin types it sure works for mines it makes my skin feel refreshed and moist. I love it!!!",Love it!!!,lightMedium,brown,,brown,P440483,"Facial Spray with Aloe, Cucumber and Green Tea",Mario Badescu,7.0
26621382055,5,1.0,1.0,8,0,8,2022-07-20,love this guasha not sure if the obsidian claim is just for marketing purposes but overall super cooling and it’s a big step up from the small amazon guashas absolutely love i’m not sure if the price is very reasonable i feel as if you could get a cheaper one same size with a roller combo but it’s really nice either way! it works best if your face is slathered in some product down to your neck and jawline! have at it!,,medium,brown,oily,brown,P477714,Black Obsidian Face and Body Gua Sha,SEPHORA COLLECTION,14.0
11844154673,5,1.0,1.0,1,0,1,2022-12-30,"This is a really lovely deep-nourishing oil. It’s a thicker consistency, and it sinks in without feeling greasy or leaving any residue. My skin feels calm and I love the spa-like herbal scent it has. Overall I’m a fan!",,fair,hazel,dry,blonde,P504026,Mini Algae + Moringa Universal Face Oil,MARA,40.0
29982279917,3,0.0,0.8888890147209167,9,1,8,2022-03-29,It doesn’t do anything major to my skin. It does give me a glow but that’s about it. I didn’t find that it helped with my dry flakey winter skin . The smell is a bit funky but doesn’t bother me that much. What bothers me the most is that this oil just sits on top of the skin. It’s a fun step in my routine but I think I’ll look for another oil to use.,Not so impressed,light,brown,combination,brown,P447597,100% Organic Virgin Chia Seed Oil,The Ordinary,8.5
9029876835,5,1.0,,0,0,0,2023-01-03,"Algae Retinol Face oil from Mara is amazing! I’m using it over a month and my face are getting younger every day! I notice less wrinkles, smoothness and full hydration this dry winter. Will continue to see even more results!",,fair,green,combination,,P504016,Mini Evening Primrose + Green Tea Algae Retinol Face Oil,MARA,66.0
33323341332,4,1.0,0.5,6,3,3,2023-01-23,I would use with a serum and not on dry skin. Also would advise disposing each razor after each use as I do.,,light,hazel,combination,blonde,P482312,Facial Razor Set,SEPHORA COLLECTION,12.0
24335337654,5,1.0,1.0,1,0,1,2020-02-06,"Best hydrating mist I’ve ever tried. I normally never use the same product twice, but I will never go without this mist again. High quality, amazing performance","High quality, amazing performance",light,hazel,normal,blonde,P452004,Rose Hibiscus Hydrating Mist,Herbivore,36.0
8139834175,2,0.0,0.7857139706611633,14,3,11,2022-03-26,I used to LOVE this product and it was my go to! But they changed the formula and I have noticed my skin is breaking out more and it has a horrible smell when you rub it in! I will be returning and need to buy something new! :(,Change back the formula!!,,,,,P476733,Mineral Mattescreen Sunscreen SPF 40 PA+++,Supergoop!,38.0
6045037569,5,1.0,1.0,1,0,1,2022-05-05,This lemon facial scrub is WONDERFUL. Smells like a fresh sliced lemon & the scrubbing action is fabulous to start my morning. I LOVE THIS STUFF!!!  :),Lovely Lemon Scrub,lightMedium,hazel,combination,blonde,P471566,Mini Lemonade Smoothing Scrub,OLEHENRIKSEN,18.0
25557840159,5,1.0,,0,0,0,2023-03-11,"I was gifted this product complimentary from hourglass cosmetics in exchange for an honest review. So far, I’ve really loved using this product. I noticed my skin looked brighter after using it and will continue to try it.",,,brown,oily,black,P504637,Equilibrium Resurfacing Retinoid Treatment,Hourglass,110.0
9851694882,5,1.0,1.0,18,0,18,2022-09-04,"This sunscreen feels SO silky when I put it on, it’s amazing! Smooth and NOT greasy at all. I have oily skin and large pores. It’s a little hard to tell from my pics but Supergoop Mattescreen is very mattifying, and it blurs my pores. The texture is incredible. I could use just this as makeup. Because it’s a small and pricey bottle, I’ve been applying my cheaper sunscreen around the edges of my face and this one in my T zone where I need it. Worth the money spent though.",Best face sunscreen I’ve ever used,fair,blue,oily,blonde,P476733,Mineral Mattescreen Sunscreen SPF 40 PA+++,Supergoop!,38.0
5284066595,4,1.0,0.8666669726371765,30,4,26,2020-05-08,"This stuff really does work it helps shrink your pimples significantly and helps reduce redness. However, the only thing to beware of.... this does rub off easily compare to other products I’ve used similar to this. When waking this stuff was all over my pillows. Overall, very good product works very well.",WORKS BUT...,lightMedium,green,dry,auburn,P457439,Clarifying Lotion,SEPHORA COLLECTION,16.0
26264004418,5,1.0,1.0,5,0,5,2020-12-31,"Gentle, effective, and soothing! I love using this as a second step in a double cleanse regime :) I’m on my second bottle and I’m ordering a third.",,fair,green,combination,brown,P448562,Barrier+ Foaming Clay Cleanser,Skinfix,32.0
7216816360,5,1.0,0.9200000166893004,25,2,23,2022-06-16,"I was SHOCKED at how much I ended up loving this oil!  I initially used it in my night routine however, under makeup it’s absolutely amazing.  I never thought you can use an oil like this under makeup but it makes your skin plump and your foundation look flawless.  This oil is worth every penny!",,mediumTan,green,dry,brown,P500248,Collagen Superfusion Firming & Plumping Facial Oil,Charlotte Tilbury,85.0
35617337426,5,1.0,0.75,4,1,3,2023-01-04,Good face razor makes skin smooth. Be careful I took the clear lid off and almost cut my finger off. But my face is smooth so whatever,,light,hazel,combination,black,P482312,Facial Razor Set,SEPHORA COLLECTION,12.0
5734796857,5,1.0,1.0,1,0,1,2021-07-30,Strivectin Moisturizer has been my mother’s favorite face cream as she feels the difference of her wrinkles and elasticity.  Now I became a fan of Anti-Wrinkle cream as became 51. It tightens my skin absolutely. I like to use it in the morning.,My mother's favorite became my favorite as well,lightMedium,brown,dry,black,P474121,SD Advanced  PLUS Intensive Moisturizer For Wrinkles & Stretch Marks,StriVectin,82.0
1465783118,4,1.0,0.9285709857940674,28,2,26,2020-02-22,This mask is pretty good for small little white heads that are hard to get rid of. I noticed after a few uses that the white heads were smaller and a lot had gone away. It definitely gives your face a tighter appearance. I noticed changes in nasolabial folds. The only thing I don’t like is that it’s very thick and green so it’s messy and you have to scrub it off.,pretty good mask,lightMedium,hazel,combination,blonde,P440500,Super Collagen Mask,Mario Badescu,18.0
22272481772,5,1.0,0.7777780294418335,9,2,7,2020-12-04,"I use this twice a day, morning and night and my skin is loving me for it! It does everything it says it does for me. Although on days I wear makeup I double cleanse with another cleanser first then follow with this right after just cause it doesn’t do the greatest job of removing all makeup. Will likely repurchase.",,lightMedium,brown,combination,black,P448710,pores no more Pore Purifying Cleanser,Dr. Brandt Skincare,38.0
20177911403,5,1.0,0.5,2,1,1,2023-02-25,Dry skin holy grail I love this milky jelly cleanser it’s so lightweight and has a light clean smell. Reminds me of CeraVe hydrating cleanser but it’s expensive name brand sister. You have to try the formula to see it is so hydrating.￼￼,Jelly Hydration,mediumTan,brown,normal,black,P504524,Milky Jelly Gentle Gel Face Cleanser,Glossier,19.0
2542412832,5,1.0,1.0,1,0,1,2017-12-20,I absolutely love this sheet mask. My skin feels great right after but it looks and feels so much better in the morning. I’ve already repurchased it twice!,Definite favorite,tan,brown,combination,black,P399622,Luminous Deep Hydration Lifting Mask,Tatcha,95.0
6302171878,5,1.0,0.857142984867096,7,1,6,2020-12-26,"I’ve been using this religiously for a year now. I’m a college student so I do a lot of moving around for the time being, and the new apartment I moved into has hard water unfortunately. As soon as I introduced this face wash into my routine, I stopped breaking out. Now I can’t live without it. Being that I have combo skin and hormonal acne (only chin and neck area), this actually helps seize the acne as long as I’m using it!",My Holy Grail,mediumTan,brown,combination,black,P448710,pores no more Pore Purifying Cleanser,Dr. Brandt Skincare,38.0
22518158184,5,1.0,0.942857027053833,35,2,33,2020-12-04,"I found my favorite retinol serum and eye cream! This kit gave me the perfect chance to try out this murad grail that I’ve heard a lot about. I’ve tried the ordinary retinol, drunk elephant, Sunday Riley, and inky list. This one outperforms by miles. I felt a totally different texture after one week and it’s gentle so I didn’t have any dryness or peeling. (Also probably because I’ve built up quite a tolerance to retinol!) however, this has my skin feeling so smooth and I loved it so much that I already bought full size items. I would recommend this as a trial kit to anyone wanting to try a different retinol.",holy grail,fair,brown,combination,blonde,P454514,"Youth Renewal Retinol Trial Kit for Smoother, Younger-Looking Skin",Murad,59.0
2425200513,3,0.0,1.0,5,0,5,2022-04-10,"This is not the best or the worst makeup removing cleansing oil I have used. It does a decent job at removing my face makeup, but could do better with waterproof eye makeup removal. I’m not a big fan of the formula or consistency. It’s very runny and too thin for my personal preference. The amount of product for the price point is steep too. Most of the other cleansing oils on the market I’ve used are bigger in quantity and less in price. Because this cleanser does its job and removes my makeup, I’ll finish the bottle, but I won’t be repurchasing. If you are looking for a similar product comparison, I have used Biossance squalene cleansing oil and Clinique take the day off cleansing oil, and both are less expensive with a larger amount of product and more effective with better formulas in my opinion.",Average,fair,,combination,brown,P467757,Total Cleansing Oil & Makeup Remover,Clarins,37.0
2183272269,4,1.0,0.857142984867096,7,1,6,2019-11-12,"my daughter is loving this and says it is helping with blackhead. The only downside is that I bought it as a peel-off mask, and it does not do that. One of the other reviews here clarified that it is peeling as in exfoliating, which makes more sense but is definitely a source of confusion.","Bad description, good product",fair,blue,combination,red,P446820,Grapefruit Peeling Mask - Skin Perfection,SEPHORA COLLECTION,8.0
7191901192,5,1.0,0.6666669845581055,6,2,4,2021-12-29,"Highly recommend this for people with large pores and/or oily skin. It truly does matte-ify your skin and blur your pores, which was an unexpected added bonus!",Perfect for my oily skin!,mediumTan,brown,combination,brown,P476733,Mineral Mattescreen Sunscreen SPF 40 PA+++,Supergoop!,38.0
2252292270,5,1.0,,0,0,0,2023-03-07,"I received it complimentary from Hourglass cosmetics and am thoroughly impressed by its effectiveness in improving the texture and appearance of my skin. This product has helped reduce the appearance of fine lines and wrinkles while also enhancing my skin’s overall radiance. Despite being a retinoid treatment, it does not cause any irritation or dryness, which is a major plus. It is easy to use and feels comfortable on the skin. I have noticed a significant improvement in my skin’s texture and overall complexion since incorporating this product into my skincare routine.",A great addition to my skincare,lightMedium,brown,normal,black,P504637,Equilibrium Resurfacing Retinoid Treatment,Hourglass,110.0
1069980601,5,1.0,,0,0,0,2019-02-12,Love this product after being outdoors in the sun,Calm,lightMedium,green,oily,brown,P440483,"Facial Spray with Aloe, Cucumber and Green Tea",Mario Badescu,7.0
7368332079,5,1.0,0.800000011920929,15,3,12,2020-05-11,"Love these under eye masks. I got a sample gold one and then ended up buying a box of the rose gold. I use mine once a week when I get off night shifts ( cause that’s when I need it the most hahah). Helps w fine lines, and hydration (my eyes are never too puffy so can’t speak to that). Keep in mind it’s an eye mask not some type of surgery - it can only do so much!",perfect for once a week use,light,brown,combination,brown,P437960,Baggage Claim Rose Gold Eye Masks,Wander Beauty,26.0
9981000545,5,1.0,,0,0,0,2023-03-17,This looks and feels so amazing now after using this serum. It really gives a deep hydration without being too heavy. I noticed that my skin looks firm and more healthy. I love to add it to my liquid foundation. Gifted by MARA,,medium,hazel,combination,black,P504026,Mini Algae + Moringa Universal Face Oil,MARA,40.0
31989287134,5,1.0,,0,0,0,2022-10-20,The glo facial is fantastic!  I love the way my face feels after I use it and the two different heads make it easier to glide across your face.,A must have!,lightMedium,green,combination,,P503560,GLOfacial Antimicrobial Treatment Tips + Cleaning Brush Accessories,BeautyBio,30.0
7861906277,5,1.0,,0,0,0,2021-09-02,"Leaves my skin shine free and gives it a smooth glowy complexion. For me, works well with the Anti Aging Cleansing Gel. cc: Peter Thomas Roth don’t ever discontinue this product. It’s literally magic.",Shine Free,tan,brown,normal,gray,P471064,Max Matte Shine Control Sunscreen Broad Spectrum SPF 45,Peter Thomas Roth,38.0
2685656616,5,1.0,,0,0,0,2023-03-01,"I love trying retinoid treatments and this serum is definitely impressive! I use it in the evening and it’s gentle enough to not cause any purging, but strong enough to see results. I always wake up with the most glowing and smooth skin! My skin tone is definitely more radiant after using this. I received this product complimentary from Hourglass Cosmetics.",,light,brown,combination,,P504637,Equilibrium Resurfacing Retinoid Treatment,Hourglass,110.0
2578293276,4,1.0,,0,0,0,2023-03-18,This oil transports me to a spa! It feels so nice on the skins and gives a nice glow. The scent is very natural and soothing. The only downside is the price is a little steep for such a small amount but it’s obvious it’s a high quality oil mixture ( I have uneven skin tone in the pic but focus on the glow!),Lovely oil,fair,brown,dry,,P504026,Mini Algae + Moringa Universal Face Oil,MARA,40.0
22846750801,5,1.0,,0,0,0,2022-12-09,"My skin was breaking out. It was also dry due to the cold weather, which was not helping my blemishes. I began using this mask and within a few days, my skin began clearing up and feeling more hydrated. I will definitely be using this product consistently this winter!",Must have!,,brown,combination,,P448711,Face Mask,Dr. Barbara Sturm,125.0
29961231855,5,1.0,,0,0,0,2023-03-17,"First of all, I’m obsessed with the package and aesthetic. It works well and dries my pimple so they disappear faster. I like how my skin feels cleaner and fresher after. It doesn’t get my skin dry or constricted. Highly recommend!",Love it,fair,blue,dry,blonde,P504040,Spirulina + Ashwagandha Volcanic Sea Clay Detox Masque,MARA,54.0
1494561543,5,1.0,0.4000000059604645,10,6,4,2022-03-31,"I’m honestly surprised at the bad reviews for this sunscreen. I’ve been using this for several months and have had no issues at all. I really like it. For those having issues using this sunscreen, you may be using to much; a little goes a long ways.",Great Sunscreen,rich,brown,combination,black,P471064,Max Matte Shine Control Sunscreen Broad Spectrum SPF 45,Peter Thomas Roth,38.0
5966074067,2,0.0,0.5,16,8,8,2022-11-09,"They smell really cheap, I bought this along w the new fenty body butter which the scent of that one blew me away. These were underwhelming and a bit nauseating. Wish these were more yummy like the fenty one",,fair,brown,dry,black,P503123,Smooth Like Butter Kit,Josie Maran,30.0
2610293859,4,1.0,1.0,2,0,2,2021-07-28,"I’ve been using this product for a few weeks now and have noticed improvement in the look of my stretch marks, particularly around my chest and stomach. This moisturizer really hydrates my skin and makes it appear plumper and smooths texture. It has a nice, slightly cooling sensation as well.",,fairLight,blue,dry,brown,P474121,SD Advanced  PLUS Intensive Moisturizer For Wrinkles & Stretch Marks,StriVectin,82.0
10586075203,5,1.0,1.0,2,0,2,2022-11-15,"I really don’t know why I continue to buy foundations when this product makes my skin look so nice all on its own, and gives me the SPF I need too. Skin care, then an SPF, then foundation, it’s just too many layers and chances for products to not work well together.  If I feel I need it, I might apply a very light moisturizer first, then this…it is lightweight, provides light coverage, and dries down to a soft, matte finish - I really don’t even need powder.  Doesn’t burn the eyes, I wouldn’t say this is moisturizing, but it doesn’t make my skin look dry either. I’ve tried putting foundation over it, but then I’m back into that too many layers area…however, it will work under foundation, unlike so many mineral sunscreens.  I’ve tried other tinted SPF products, but have to say, this one is the best.","Best tinted SPF, no need for foundation!",light,brown,normal,blonde,P469524,RESIST Super-Light Daily Wrinkle Defense SPF 30,Paula's Choice,37.0
8447021668,5,1.0,,0,0,0,2022-11-14,I totally adore this little set from The Outset. Their Firming Collagen Prep Serum is currently my fav thing to moisturize and prep my face with and I am so glad to see it in a travel size form. You also get to try their moisturizer and cleanser which this set great and complete for travels. I love it!,This serum is great,,hazel,combination,blonde,P483701,Daily Essentials Travel Set,The Outset,50.0
33546494775,3,0.0,1.0,1,0,1,2023-03-12,it has a nice fragrance but for the price i did not notice any difference in my skins condition. overpriced big time,rip off,light,brown,combination,brunette,P504985,Abeille Royale Bestsellers Travel Set,GUERLAIN,195.0
2393571358,5,1.0,,0,0,0,2023-02-28,This clarifying scalp shampoo is incredible. It works well with my curly hair and allows me to remove excess product buildup while also helping with flakes and soothing my scalp. I love the smell of it too!,,light,brown,combination,,P504637,Equilibrium Resurfacing Retinoid Treatment,Hourglass,110.0
6726952080,5,1.0,1.0,5,0,5,2021-11-16,It’s so expensive but so worth it! I enjoy using this exfoliator since I have really sensitive skin. I’ve used so many different exfoliators and none of them are as good as this one. It always leaves my skin so beautiful and I have oily skin.,The best!!!,mediumTan,brown,oily,black,P431416,The Replenishing Oil Exfoliator,La Mer,135.0
29494167721,5,1.0,1.0,1,0,1,2023-01-26,Love these they do a great job !  Great price too.,,lightMedium,hazel,dry,blonde,P482312,Facial Razor Set,SEPHORA COLLECTION,12.0
5032936266,5,1.0,1.0,5,0,5,2022-02-26,"I’m happy with the size, shape, and overall quality of this!",Just get it,light,blue,dry,red,P477714,Black Obsidian Face and Body Gua Sha,SEPHORA COLLECTION,14.0
32469489915,5,1.0,1.0,2,0,2,2022-11-07,Honestly amazing its sent is to DIE for its not sweet so it wint make you queasy and its very subtle very moisturizing definitely recommend,AMAZING,fair,green,combination,,P440483,"Facial Spray with Aloe, Cucumber and Green Tea",Mario Badescu,7.0
1139755747,2,0.0,1.0,1,0,1,2023-03-12,"I wanted to love this. I’m 40 with sensitive skin, acne scars, and large pores. This seemed like a great deal, but my skin gets clogged easily and all this set did was clog my pores so deeply that I ended up scarring my skin more by picking at it. It has taken months and more products to fade the scars. I’m sad now because my skin looks bad.Caudalie uses a lot of fragrance in their products, which is known to be a skin irritant. I don’t know why companies keep putting fragrance in everything! The moisturizer felt nice, but also heavily fragranced; I ended up just using it for my hands. The eye cream is the only product in this set that didn’t bother me. Overall, I didn’t see much of a difference in my skin, but I also didn’t use it for that long because of the acne.","Caused bad acne, too much fragrance",fair,brown,oily,blonde,P504848,Resveratrol-Lift Ultimate Firming Set,Caudalie,84.0
2841543991,5,1.0,,0,0,0,2023-02-27,"I have been using this retinol for a couple weeks now and it has been helping my overall skin texture as I notice the morning after using it, my skin looks and feels super smooth! I think overtime this will really help my skin!",Great for skin texture,medium,brown,normal,black,P504637,Equilibrium Resurfacing Retinoid Treatment,Hourglass,110.0
5250519700,5,1.0,,0,0,0,2023-03-19,"I’m absolutely obsessed with anything that has moringa in. Such a powerful tree with so many benefits. This oil is great, can’t recommend it enough. The bottle it self screams luxury. And oil is fantastic, my skin loves it.",Love,fair,blue,combination,blonde,P504026,Mini Algae + Moringa Universal Face Oil,MARA,40.0
5399034659,5,1.0,1.0,1,0,1,2023-03-02,"This is my second bottle of Superbeauty, and I can confidently say that this works! My nails are stronger and my skin is GLOWING. Haven’t seen extra fast hair growth like I do with Superhair though, I use tret so my skin is constantly dry, but this has helped with the flaking.",My favorite skin supplement!,light,brown,combination,black,P457002,SuperBeauty Daily Antioxidant SkinSupplement,Moon Juice,60.0
5707004059,5,1.0,1.0,4,0,4,2022-03-06,"I took a chance on a new product and I absolutely love it so far! This cleanser is like a makeup balm, clay mask, and soap wash in one. It removes eye makeup like a dream, and without having to rub harshly. I wouldn’t call it a foam, but it does lather. I have very oily skin and this leaves me feeling clean and dry without being dried out. It creates a nice canvas for serums. It does not feel irritating feels gentle enough to use every day.",Perfect for Oily Skin!,fair,blue,combination,brown,P448562,Barrier+ Foaming Clay Cleanser,Skinfix,32.0
11324903479,5,1.0,,0,0,0,2023-03-03,"This is my first retinoid serum and I am so surprised how well my skin reacted to it. Ive noticed a reduction in dark spots, and my skin tone looks a lot more even. I also havent had any breakouts since using this! Im so happy for the radiance and clarity. I definitely started off gradually and still use it only a few times a week. I hope to get my skin used to it daily soon. I love Hourglass makeup and I’m so excited this skincare product is such a hit.",Gentle yet so effective!,,green,combination,blonde,P504637,Equilibrium Resurfacing Retinoid Treatment,Hourglass,110.0
21255429542,5,1.0,1.0,5,0,5,2020-03-31,Extra hydration and super refreshing to wake up your face!!! It can also prime/set your makeup or just a quick pick me up during the day!!! Love the big and small size,Great Facial spray!!!,lightMedium,brown,combination,brown,P440483,"Facial Spray with Aloe, Cucumber and Green Tea",Mario Badescu,7.0
5051685554,5,1.0,1.0,1,0,1,2023-03-13,I struggle with hormonal cystic acne and I’ve tried every type of sunscreen but this is the only one that doesn’t break me out. The light tint provides sheer coverage that evens out my skin tone. I also use an oil cleanser to get it all off at the end of the day,Holy grail sunscreen(for me),lightMedium,brown,combination,brown,P469524,RESIST Super-Light Daily Wrinkle Defense SPF 30,Paula's Choice,37.0
24748028672,5,1.0,1.0,2,0,2,2022-06-12,i love this product!! new fave great combo with the juno&co cleansing balm for dry skin !!,soothing & gentle !!,light,hazel,dry,brown,P448562,Barrier+ Foaming Clay Cleanser,Skinfix,32.0
1568774266,5,1.0,0.0,1,1,0,2021-07-15,"I’ve been using this moisturizer for years first of all for stretch marks because it really works! It improves skin texture, minimizes lines and deep wrinkles. I love the creamy soft formula that melts into the skin and keeps it hydrated and nourished. I have never found anything that works so evidently and makes as much difference!",Works wonders!!,light,brown,normal,blonde,P474121,SD Advanced  PLUS Intensive Moisturizer For Wrinkles & Stretch Marks,StriVectin,82.0
5600756945,5,1.0,,0,0,0,2022-11-16,"I loved this set! The bottles were large, I think it will last me almost 2 months. The cleanser is probably my favorite, it left my skin so soft and clean and didn’t even need a second cleanse. The serum and moisturizer worked really well together too.",Loved it!,light,brown,dry,,P483701,Daily Essentials Travel Set,The Outset,50.0
11677529534,5,1.0,1.0,3,0,3,2020-02-17,"My skin likes this a lot! It’s not too heavy of an oil formula, and sinks in moderately quickly. The first time I used it, I woke up and my skin looked so refreshed and rejuvenated. Definitely would recommend as part of a nighttime routine!",,light,green,combination,blonde,P447597,100% Organic Virgin Chia Seed Oil,The Ordinary,8.5
12551884248,5,1.0,0.3333329856395721,3,2,1,2021-12-17,This has officially been added to my holy grail skincare tools!!! I use this once every week and can’t believe how more my skin is at accepting hydration and how mush cleaner my face feels overall!!! I love it,Holy Grail,deep,,combination,black,P467969,Personal Microderm Elite Pro,PMD,299.0
10859287802,5,1.0,0.5,4,2,2,2020-02-23,"The best toner I’ve ever tried. I’ve had everything from Acwell to Clinique, but they would either irritate my skin or do nothing. This rose water helps my face stay a nice, fresh color - like you just came back from a chilly walk - and hide imperfections. It calms it down a lot and keeps hydrated. The only con is the game rice, but it’s well worth it",Holy grail,fair,blue,combination,brown,P452004,Rose Hibiscus Hydrating Mist,Herbivore,36.0
2035645806,5,1.0,1.0,3,0,3,2019-04-21,I bought the small one and and use it everyday it has helped me with my acne routine and now I’m buying a bigger one ! I love it my fave is getting clearer and clearer since I started using this !! So I know it works,love this stuff and smells great too,lightMedium,brown,oily,brown,P440483,"Facial Spray with Aloe, Cucumber and Green Tea",Mario Badescu,7.0
36886767912,5,1.0,,0,0,0,2023-02-05,"i think everyone should start with these products. every single one is a game changer! u won’t recognise your skin, it will be absolutely perfect! thank you the outset!",,,hazel,dry,blonde,P483701,Daily Essentials Travel Set,The Outset,50.0
10337981061,5,1.0,,0,0,0,2022-01-09,Really liked the product. I’m currently using this line of skincare and tried this product thanks to the free samples. The face feels fresh. Will buy.,Love it.,light,brown,combination,black,P459116,Mini Cream Skin Toner & Moisturizer,LANEIGE,15.0
1121733233,5,1.0,1.0,4,0,4,2020-06-11,"This oil is great!  I have been using squalane, but its a little thinner and my skin is super dry. This chia seed oil is an affordable alternative that seems to be a little thicker and more hydrating.  The smell doesn’t bother me, but might take a little getting used to for some people. Otherwise, I would highly recommend!",Love this oil,fair,hazel,combination,blonde,P447597,100% Organic Virgin Chia Seed Oil,The Ordinary,8.5
38959888983,5,1.0,,0,0,0,2023-02-27,"Beautiful skin just got so much easier. I am in love with this whole formula from our glass. My skin is aging. I’m 39 years old and I have fine lines and wrinkles and dry skin texture surface. It is uneven this product takes care of all of that leaving my skin, looking supper with less wrinkles, extreme hydration did my skin is smooth and silky and perfect for under my foundation.",Flawless Skin!,light,brown,combination,blonde,P504637,Equilibrium Resurfacing Retinoid Treatment,Hourglass,110.0
43691551227,5,1.0,,0,0,0,2023-03-09,Amazing product! Goes on so smooth and flawlessly! This product does not irritate my skin and feels so gentle and light on the skin! Love this product and will definitely me making this a staple in my everyday routine!,,fair,blue,combination,blonde,P505047,High Performance Face Serum with Vitamin C and Hyaluronic Acid,MACRENE actives,195.0
9020207133,5,1.0,,0,0,0,2019-03-24,"leaving my skin refreshed an clean, a quick burst of freashness for sent i love this line of products a must buy for me.",Looooovvveee,deep,brown,oily,black,P440483,"Facial Spray with Aloe, Cucumber and Green Tea",Mario Badescu,7.0
34904181334,5,1.0,1.0,2,0,2,2022-05-08,I love this product so much! It is a great product! It probably lasted about two months and was so worth the price! I will buy this again!,You need to buy this!!!,fair,blue,combination,brown,P471547,Mini Beste No. 9 Jelly Cleanser,Drunk Elephant,16.0
2321771011,4,1.0,1.0,5,0,5,2020-09-23,"This is a mild cleanser.  The texture of “clay“ isn’t as thick as I had expected and the product does not create as much foam when lathered.  I like it this way because some of the stronger cleansers irritate my skin but if you’re looking for something that feels like you’re deep cleansing every time, it may not be for you.",Mild cleanser,light,brown,combination,black,P448562,Barrier+ Foaming Clay Cleanser,Skinfix,32.0
35165387347,4,1.0,,0,0,0,2022-02-13,Love the mist but not a huge fan of the jasmine scent. It’s great to spray after applying makeup for a fresh glow.,Great mist!,mediumTan,brown,normal,black,P481401,Hydrating Jasmine Mist - Royal Refresh,RANAVAT,45.0
5872481247,5,1.0,0.800000011920929,10,2,8,2021-11-12,"The only sunscreen I’ve ever loved is the Unseen sunscreen by Supergoop! because it feels like a primer and doesn’t leave me feeling super greasy. Unfortunately, it’s not a mineral SPF so I was still on the hunt for something that would work well with my super oily skin. I’m so happy I purchased this one by Paula’s choice! Oily skin girls, no need to look further! It has a tint but it’s light. It blended out intomy complexion if that makes sense lol! Doesn’t leave your face orange like most tinted sunscreens do. & yes, NO WHITE CAST! After a couple minutes it dries down matte which is AMAZING. Doesn’t feel heavy and super easy to blend out. If you have a light complexion and are super oily like I am, try this out - TRUST ME!",FINALLY,light,brown,oily,brown,P469524,RESIST Super-Light Daily Wrinkle Defense SPF 30,Paula's Choice,37.0
5405197325,5,1.0,1.0,12,0,12,2022-09-24,"I absolutely love this machine and did not receive it for free. This is the closest one can get I feel to a professional microdermabrasion which costs about $150-$250 anyway. I love the different attachments for blackhead removal and for the body, and for the face. I like that different abrasion levels are given so you can see what fits your skin needs. Definitely start off on the gray you will be surprised how effective this is at removing dead skin while polishing the skin. I will say be cautious when using and follow directions. You risk giving yourself abrasions and irritated skin if you are not thorough with following directions. AKA Don’t leave the machine lingering over one spot too long keep the machine free flowing and moving. My skin texture has drastically changed over a month, of course in addition to serums, moisturizers, oils and spfs to protect the skin. Also this product recommends strictly to not use AHAs and BHAs with it. I however living in sunny so cal haven’t had any problems using both and seeing amazing results over my texture, fine lines, wrinkles, acne scars, and melasma. A typical session is about 15-20 minutes long. The price is worth it, this machine is excellent!",Love it,mediumTan,brown,normal,brown,P467969,Personal Microderm Elite Pro,PMD,299.0
2668107345,3,0.0,0.5714290142059326,7,3,4,2021-04-16,"Enjoyed the texture. However an hour after applying, my cheeks felt so tight and dry. I expected more from this moisturizer",Not hydrating enough for dry/dehydrated skin,lightMedium,brown,dry,black,P469526,Water-Infusing Electrolyte Moisturizer,Paula's Choice,37.0
5479246428,3,0.0,0.642857015132904,42,15,27,2018-05-15,"Does exactly what it claims to do, it plumps and hydrates but that’s about it. Not sure is worth the price as there are many amazing serums that do the exact same. Also did not like that % on ingredients not listed and not even Dior’s customer service can provide you with the information.",Good but not amazing...,lightMedium,blue,dry,brown,P427732,Capture Youth Plump Filler Age-Delay Plumping Serum,Dior,110.0
7050433482,5,1.0,1.0,4,0,4,2020-08-11,Provides a heavy dose of moisture and is absorbed quickly. I’ve applied this under my eyes at night and the skin feels plumper right away. No eye redness/inflammation in the morning when I wake up.,Worth the price,fair,brown,dry,brown,P429676,Hydra Life Cooling Hydration Sorbet Eye Gel,Dior,60.0
26537708535,4,1.0,0.6666669845581055,3,1,2,2022-01-30,"Tried switching to a cheaper sunscreen, broke out and hated the feeling compared to this. Back to buying this one. Great matte finish and adds a bit of light coverage. Perfect since I’m not a makeup person. Just wish I could buy a bigger bottle. Four stars for this reason; it’s expensive for the size.",Favorite Sunscreen,fair,brown,oily,blonde,P476733,Mineral Mattescreen Sunscreen SPF 40 PA+++,Supergoop!,38.0
2630919169,5,1.0,1.0,1,0,1,2020-08-09,Started taking this after I fell in love with SuperYou. It’s been a week and I already see my skin and my maskne clearing up. Loving the whole Moon Juice line and can’t wait to see what happens with continued use.,Already a fan,medium,blue,combination,blonde,P457002,SuperBeauty Daily Antioxidant SkinSupplement,Moon Juice,60.0
11192905470,5,1.0,0.0,2,2,0,2021-09-20,Loved the way this made my skin feel- too small for long term results type of review but I’ll be trying a full size,I liked it a lot,fair,hazel,dry,auburn,P471566,Mini Lemonade Smoothing Scrub,OLEHENRIKSEN,18.0
33323344731,1,0.0,1.0,2,0,2,2022-07-27,"I’m going to give a super honest and genuine review. I was gifted this complimentary from face gym. I was super excited to try this product as it appears high end and there’s been lots of hype about this brand. I followed all instructions and was incredibly disappointed. It feels like absolutely nothing is transferring onto your face. During the dry roll I felt my face and nothing had gotten onto it. The amount of actual “tiny bits of infused product” that they say is in there is definitely not evident. Then it’s hard to tell once you add your own serum if any product from the roller is coming on your face. The roller as is looks very nice, but as an actual face product does not work at all and is definitely not worth the price. I would not recommend this at all.",do not recommend,fair,hazel,combination,brown,P501024,Hydrating Active Roller with Hyaluronic Acid,FaceGym,70.0
1441162569,2,0.0,0.4444440007209778,9,5,4,2021-06-02,This moisturiser pills. Can’t wear it on days where I have makeup.,,fair,hazel,combination,brown,P469526,Water-Infusing Electrolyte Moisturizer,Paula's Choice,37.0
6389963086,3,0.0,0.800000011920929,10,2,8,2019-08-28,I bought this from fabfitfun as part of the add on sale for 12 bucks and was super excited about getting it for that price since it just came out! And usually I am a HUGE fan of anything dr Brandt. Most of my skincare is dr Brandt. But honestly I wasn’t impressed.  It isn’t a bad cleanser but it isn’t a great cleanser either. Honestly even at the discounted price I got it at I wouldn’t buy it again even for 12 bucks. It didn’t dry me out or anything I just think that there are much better cleansers out there. I found it to be the equivalent of the Olay mattifying cleanser.,nothing great,fairLight,brown,combination,brown,P448710,pores no more Pore Purifying Cleanser,Dr. Brandt Skincare,38.0
1913464681,5,1.0,0.8958330154418945,48,5,43,2022-07-18,"This stuff is absolutely amazing. I very rarely leave reviews on products, but this one is a winner. My skin has never looked so good…I’m 44, but I’m telling y’all, this oil melts into your skin and gives you a gorgeous glow. I like to massage mine in as soon as I get out of the shower/bath…you barely need any makeup…a little cream blush, mascara and your fav lipgloss…I highly recommend!!!",Glowing skin with this amazing oil!!!,light,blue,normal,blonde,P500248,Collagen Superfusion Firming & Plumping Facial Oil,Charlotte Tilbury,85.0
21791452945,5,1.0,0.6666669845581055,12,4,8,2021-04-20,"I bought this cleanser when my skin barrier was damaged and extremely sensitive. It did not overly strip my skin, helped and helped with my occasional acne too.  It was a game-changer and paired with their lipid peptide lotion for the day, and lipid peptide cream for the night saved my skin!","Great for oily/combo, sensitive & acne prone skin!",lightMedium,brown,combination,brown,P448562,Barrier+ Foaming Clay Cleanser,Skinfix,32.0
9201907881,5,1.0,1.0,4,0,4,2023-02-06,"these are a god send for the price. there’s no tugging the hair bc the blades are super sharp. I’ve bought some crappy ones from other places and was hesitant bc of some of the reviews, but these are the best quality.",10/10 buy them,fairLight,blue,dry,blonde,P482312,Facial Razor Set,SEPHORA COLLECTION,12.0
921302573,4,1.0,1.0,1,0,1,2018-10-12,"Feels great. Very pricey, so I’ll have to monitor over time to see if the results are worth it.",Goes on easily,light,brown,oily,red,P429676,Hydra Life Cooling Hydration Sorbet Eye Gel,Dior,60.0
2330399812,5,1.0,0.0,2,2,0,2021-12-08,"With new Personal Microderm Elite PRO that I received from PMD beauty, I discovered that you can get professional results even at home. It will save you so much money but you still have the great quality equipment.  Weekly treatments with this tool reduce the appearance of fine lines and wrinkles, blemishes, and enlarged pores. I am just starting but it is already very exciting!",Professional care from home,fairLight,hazel,combination,brown,P467969,Personal Microderm Elite Pro,PMD,299.0
1481793138,1,0.0,1.0,1,0,1,2022-05-09,I used the entire container hoe it shows the pics on this website and I saw no results! It’s two different creams and yes one is definitely thicker but disappointed I wasted my money!,NO RESULTS,light,blue,combination,blonde,P448565,Clinique Smart Clinical MD Multi-Dimensional Age Transformer Duo Resculpt + Revolumize,CLINIQUE,74.0
24755800380,5,1.0,0.8333330154418945,6,1,5,2020-05-06,i love this mask.  Feels so refreshing and makes my skin so happy.,Love this,mediumTan,hazel,combination,brown,P440500,Super Collagen Mask,Mario Badescu,18.0
7064666058,5,1.0,,0,0,0,2023-03-17,"This product is gifted by Mara beauty. This mask is everything! Application and consistency is nice and thick but creamy. It’s very easy to apply. I set a timer for fifteen minutes. My skin slightly tingles from the product. After washing it off, my skin felt very refreshed and hydrated!",,,hazel,dry,blonde,P504040,Spirulina + Ashwagandha Volcanic Sea Clay Detox Masque,MARA,54.0
1467362495,3,0.0,0.8947370052337646,19,2,17,2020-03-15,"I’ve been using Dermadoctor Ain’t Misbehaving cleanser for years, but it’s no longer available through Sephora so I decided to give this cleanser a try. I’ve tried the Pores no More mask and loved it, however this cleanser broke me out on my cheeks, which I never get breakouts there. I tried using it for two weeks and the bumps wouldn’t go away. Once I purchased my old cleanser through another site and started using it they cleared right up. I don’t know what’s in it that caused me to break out since my skins not overly sensitive.",,fair,blue,combination,auburn,P448710,pores no more Pore Purifying Cleanser,Dr. Brandt Skincare,38.0
8770354063,5,1.0,,0,0,0,2022-11-21,"I have used the Outset Starter Set for 10 days. This combo (micellar cleanser, serum, moisturizer) is my new favourite. It works great for my sensitive skin. Love the way my skin feels after I use it - soft, hydrated and bright!",,,hazel,combination,blonde,P483701,Daily Essentials Travel Set,The Outset,50.0
1343884181,4,1.0,1.0,5,0,5,2022-04-06,"This all-mineral sunscreen is really easy to spread, has a really beautiful demi-matte finish, and leaves zero white cast on my light skin. My skin is normal to dry, so there’s an occasional tight feeling on low-humidity days. I’ve learned to apply a moisturizer underneath to mitigate that.Two things that would make this sunscreen even better:1. increase the SPF to 50 (I want all the protection I can get!)2. make it water-resistant (I have to set my eye area with powder, or I get stingy eyes when this migrates in)",Almost a perfect sunscreen,light,brown,dry,brown,P469524,RESIST Super-Light Daily Wrinkle Defense SPF 30,Paula's Choice,37.0
1416542946,5,1.0,1.0,4,0,4,2021-04-29,"I was hesitant to try a new cleanser. I’ve been using DE jelly cleanser for 2 years now, it cleans off makeup without over drying my skin but doesn’t really do anything else for me. I have combination/dry skin that can be sensitive. I tried this on a whim and was pleasantly surprised. It has a minty/tingly feeling while you’re scrubbing, which at first worried me that it would leave my skin dry, but it rinses off well and my skin was not tight at all! I found my oily t zone and dry cheeks were very balanced. I’m excited to use this as a mask one day as well! I followed this with the Ren vitamin C day gel cream. Which has also been working well. The bottle is expensive, but you need so little! This will last at least 5 months if not longer!",Happy with my purchase,fair,hazel,dry,brown,P470049,Clearcalm Clarifying Clay Cleanser,REN Clean Skincare,38.0
25250372720,5,1.0,1.0,1,0,1,2023-03-08,I am acne prone & also struggle with post acne marks that just seem to stay around so long after the pimple is gone. I have been using this twice a day for 2 weeks.. and I wish this bottle would just never go empty. My overall complexion has just improved. My skin feel smoother & looks brighter. Those stubborn post acne marks are definitely smaller in size so I’m super excited to see more results with continued use.,It’s soo good!!,fair,brown,combination,,P504637,Equilibrium Resurfacing Retinoid Treatment,Hourglass,110.0
2455381567,5,1.0,0.3000000119209289,20,14,6,2020-03-28,It is absolutely amazing. but your face will stink of fish. It might actually be worth it...Its worth it!,stinky,lightMedium,brown,normal,brown,P447597,100% Organic Virgin Chia Seed Oil,The Ordinary,8.5
21933677102,5,1.0,1.0,34,0,34,2020-10-24,"Most eye creams and gels either don’t moisturize or make my eyes itch terribly. This one is ultra hydrating and doesn’t itch at all. It feels so soothing going on. Ive been using this about two weeks, as I recently bought a few eye creams/gels (including this one) to try, and I’m afraid to try the others after how amazing this gel has been. Magical stuff!",The BEST for hydrating my sensitive undereyes!!,light,brown,combination,blonde,P457519,Water Drench Hyaluronic Cloud Hydrating Eye Gel,Peter Thomas Roth,43.0
5834636323,5,1.0,,0,0,0,2023-02-27,"Gifted by Hourglass Cosmetics, this retina treatment is incredible. I have only been able to use it for a couple days. I would’ve liked to use it for two weeks before reviewing but I will come back and review after two weeks. After four days using it twice a day my skin looks different, my fine lines are less noticeable. This is an incredible product, by an incredible brand. Everything I’ve used from our glass has been awesome and this is no exception. For anybody looking for a retinal treatment. This is a great solution is used it twice a day and you’re going to see your skin transform . Make sure to wear sunscreen and stay out of the sun like with any retinoid. I highly recommend this to anybody who has any signs of aging. It was also gentle enough to use twice a day which I was worried about it first, but I had no problem with that.",This is the Retinoid to use super effective!!!!!,fair,blue,combination,blonde,P504637,Equilibrium Resurfacing Retinoid Treatment,Hourglass,110.0
21864916394,3,0.0,0.6000000238418579,5,2,3,2019-05-15,"This actually feels pretty nice and cooling, but the aloe and cucumber and green tea in it made my face get so itchy! If you are allergic to aloe, cucumber, or green tea it will make your face itch so DONT BUY IT!","...so like, itchy?",lightMedium,blue,dry,blonde,P440483,"Facial Spray with Aloe, Cucumber and Green Tea",Mario Badescu,7.0
6457758107,5,1.0,1.0,10,0,10,2021-03-11,"I am on my eight bottle of this sunscreen already and will continue to use this sunscreen until they stop making it (please Paula’s Choice NEVER STOP making this)!  This sunscreen has it all.  The percentage zinc oxide (13%) offers amazing physical protection and the formula is great for sensitive skin.  It dries matte, but if you wear it over a heavier cream it stays luminous.  This is my holy grail sunscreen!!!!! I cannot praise it enough.",,light,Grey,combination,blonde,P469524,RESIST Super-Light Daily Wrinkle Defense SPF 30,Paula's Choice,37.0
34136751646,5,1.0,0.8333330154418945,6,1,5,2022-07-03,These products are great! Smells great and makes my skin glow when I wake up after using the night before. It does draw out any impurities at first then it does what it does best. Does not make my skin feel oily at all. I will be buying these in full size after I use them up. A little goes a long way with these products. Must have might set!,must have nighttime set!,lightMedium,blue,combination,brown,P480278,Rapid Radiance Set,Biossance,35.0
25412108144,1,0.0,1.0,1,0,1,2021-12-10,"This new formula is nothing like the original. It doesn’t foam as much, difficult to wash off among other issues. I am now going through samples of other cleansers, in my search for a new face cleanser. :(",I will avoid this new formula,deep,brown,oily,black,P469448,Purifying Gentle Foaming Cleanser with Salicylic Acid,Clarins,30.0
10632822316,5,1.0,0.5,2,1,1,2023-02-25,"I don’t usually leave reviews, but I just have to for this toner. I drop a few drops of this toner on a cotton pad and gently wipe my face before my moisturizer regimen. It cleans, refreshes, calms, and moisturizes wonderfully. I think I’ll get the moisturizer as well.","Cleans, calms, refreshes, and moisturizes!",light,brown,combination,black,P503890,Green Tea Hyaluronic Acid Hydrating Toner,innisfree,22.0
1363803828,4,1.0,0.0,1,1,0,2021-07-30,I love this moisturizer. It has really nice packaging! It smells amazing and feels really nice on the skin. After two weeks I noticed an improvement on fine lines and wrinkles. Also very impressed with the ingredients in the moisturizer.,Love this,fair,,normal,blonde,P474121,SD Advanced  PLUS Intensive Moisturizer For Wrinkles & Stretch Marks,StriVectin,82.0
1568774266,4,1.0,0.9787229895591736,47,1,46,2020-01-21,This is very effective as a spot treatment. I use it at night as a part of my routine. I am trying to fade couple of post-acne spots and so far so good. They definitely look lighter and not as prominent. I like this treatment because it is gentle which is not always the case with brightening/acid treatments. Little goes a long way and texture is really nice and soft.,It works great as a spot treatment,light,brown,normal,blonde,P453822,Dark Spots No More Triple Acid Spot Minimizing Concentrate,Dr. Brandt Skincare,71.0
1318355490,2,0.0,1.0,1,0,1,2023-02-27,I know this is clean but it made my skin worse. I have mild rosacea & it made me break out and the smell really bothered me. Tried for a few weeks & couldn’t continue. I was excited for this so was really bummed and disappointed,Not For Me,fair,blue,combination,blonde,P483701,Daily Essentials Travel Set,The Outset,50.0
21874960962,3,0.0,0.4000000059604645,5,3,2,2021-06-01,"Does a great job of providing sun protection, and the tint truly does blend in without any sort of white cast (or conversely, orange hue). My complain is how heavy it feels. I’ve tried other mineral sunscreens that felt lighter, and I honestly dreaded reapplying this throughout the day because it felt so heavy and drying on my skin.","Decent, but so, so drying",fair,green,oily,brown,P469524,RESIST Super-Light Daily Wrinkle Defense SPF 30,Paula's Choice,37.0
11902253580,5,1.0,,0,0,0,2023-03-17,AMAZING oil for face and neck! Been on the hunt for something that helps to hydrate and replenish my skin and neck. My skin is super dry so oil is so important in my routine. The Mara oil is perfect for dry skin,Best oil for face,light,blue,dry,blonde,P504026,Mini Algae + Moringa Universal Face Oil,MARA,40.0
22635144156,4,1.0,1.0,1,0,1,2021-07-26,"This Anti Wrinkle SD Advanced Plus + Intensive Moisurizing Concentrate by StiVectin is my new powerhouse skin care essential..It’s made to target 10 types of collagen to help reduce fine lines ,wrinkles, & stretch marks..& with it’s new concentrated formula it also gives up to 72 hours of continuous moisture!I can trully say that this fragrance free moisturizer in just one week of using - morning & night- my skin is noticeably softer & more plump ..& even my under eye area shows improvement in over all skin texture ..though I had never tried anything  from StriVectin before this is now definitely a game changer for me !!",,fair,blue,combination,brown,P474121,SD Advanced  PLUS Intensive Moisturizer For Wrinkles & Stretch Marks,StriVectin,82.0
1416050076,4,1.0,,0,0,0,2022-05-19,Very good basic cleanser ! Perfect quality price match. I put 4 stars because probably I won’t repurchase it.,Very good cleanser,light,blue,combination,blonde,P482007,Dewy Glow Jam Cleanser with Jeju Cherry Blossom,innisfree,13.0
2048643069,2,0.0,0.0,8,8,0,2021-05-29,"Nothing special. Not worth the expensive price tag, granted I should have taken note of the ML size.",nothing special,light,brown,normal,brown,P469526,Water-Infusing Electrolyte Moisturizer,Paula's Choice,37.0
9184741213,5,1.0,1.0,3,0,3,2022-09-25,"Gentle and effective cleanser, great for my sensitive skin.",delivers great results,fair,hazel,combination,brown,P471547,Mini Beste No. 9 Jelly Cleanser,Drunk Elephant,16.0
24674491563,5,1.0,0.8888890147209167,9,1,8,2020-10-25,"This is the best gentle/creamy cleanser I’ve used. It’s super  calming and hydrating without leaving a residue. It has a lovely rose/earthy scent *no scent left behind after washing off* I’d say it does a great job at cleansing the skin, my skin looks visibly calmer after use & my pores feel “refined” love this as a morning cleanser. Def recommended to anyone with sensitive blemish prone skin- like myself. (Used a whole bottle, definitely repurchasing)",perfect gentle cleanser for sensitive skin <3,fair,hazel,dry,brown,P454315,Milk Cleanse Gentle Foaming Cleanser,Moon Juice,32.0
2354375130,4,1.0,1.0,11,0,11,2020-05-25,"First of all let me just say that I have pretty oily skin so I think I’m crazy for even ordering this. The first time I tried it was during an extra oily day (it was new and I wanted to try it!) and I could probably fry an egg on my forehead. No surprise there, honestly. I used it for the second time after having a few too many drinks and my skin was pretty dry and crepey and this stuff is a miracle. I feel like it cleaned all the junk from my skin and moisturizer it just enough. The third time was a more normal day (somewhat oily but not hormonal oily) and it made my skin soft and moisturized. I didn’t add any extra moisturizer after using it. I could see how it is a holy grail for dry and combo skin, but even oily skin can benefit from this especially on those dehydrated mornings! Really like it and I reccomend anybody try it if it’s got your interest!",Very soft skin!,light,green,oily,black,P431416,The Replenishing Oil Exfoliator,La Mer,135.0
1527676574,5,1.0,1.0,1,0,1,2022-03-29,I am surprised that I have had results with this natural skincare line. The products leave my skin glowy and my wrinkles are less. Worth every penny.,,light,green,combination,brown,P480278,Rapid Radiance Set,Biossance,35.0
1178180150,5,1.0,1.0,25,0,25,2021-02-17,okay. i am a regular paulas choice customer so i have bough many of their products. I love this water cream. i when it comes our of the tube. it seems like a super thick cream with a whipped texture but as soon as you melt it on your skin it burst into water like many water cream it’s nice amd hydrating and dewy. one thing as a Paula’s choice fan i love is that this product feels luxe. i also love that it is fragrance and essential oil free for something to be luxury fragrance isn’t always necessary.,not over priced luxe water cream.,light,green,normal,blonde,P469526,Water-Infusing Electrolyte Moisturizer,Paula's Choice,37.0
1451421459,5,1.0,1.0,3,0,3,2020-02-06,"I’ve been using this in the shower about 4 times a week. It keeps my skin smooth and clean, really removing dirt in a gentle way. I am a huge fan of Dr Brandt products and this one does not disappoint! You can feel the difference!",,light,brown,combination,blonde,P448710,pores no more Pore Purifying Cleanser,Dr. Brandt Skincare,38.0
6551592731,4,1.0,,0,0,0,2022-12-22,This face oil by mara is great. Its my first time using this brand and i really enjoy the products. It kept my face nice wasnt too oily . I really enjoyed it you should definitely try that brand if u see it,,,brown,dry,,P504026,Mini Algae + Moringa Universal Face Oil,MARA,40.0
12226800154,5,1.0,0.8999999761581421,10,1,9,2018-07-30,"Amazing cooling sensation, eye looks awake and feels hydrated and fresh .   The best eye cream I used so far.",,fair,green,combination,blonde,P429676,Hydra Life Cooling Hydration Sorbet Eye Gel,Dior,60.0
1496480942,5,1.0,,0,0,0,2021-07-27,Feels nice on the skin. No breakouts. Smooth texture. Does not have scent. Love that you can use it on wrinkles and stretch marks! Overall very happy with the cream! I would recommend this to others who are looking!,Great,light,brown,combination,black,P474121,SD Advanced  PLUS Intensive Moisturizer For Wrinkles & Stretch Marks,StriVectin,82.0
44315497498,5,1.0,,0,0,0,2023-03-13,WORTH THE MONEY!! This product shows instant results and deserves all the hype. I had never heard of this brand prior to using this product but am now definitely looking into all of their other products. Your skin deserves the best and this serum is that!,A serum that does it all,fair,green,combination,blonde,P505047,High Performance Face Serum with Vitamin C and Hyaluronic Acid,MACRENE actives,195.0
10656834842,5,1.0,0.78125,32,7,25,2018-04-28,Love this serum!  I’ve been using this serum and Dior’s Capture Totale Dreamskin during the day and have been getting so many compliments on my skin!,New go to serum,fairLight,blue,dry,blonde,P427731,Capture Youth Glow Booster Age-Delay Illuminating Serum,Dior,110.0
1837002316,5,1.0,0.9818180203437804,55,1,54,2023-01-10,"I’m really loving these. I worked for a dermatologist for 10 years and am very familiar with dermaplaning practices. I’d say this is a great product for beginners, especially if a spa/derm isn’t in your budget or of any interest. The most important thing is the angle at which you hold the razor and not performing this too frequently (over-exfoliation is a def a thing). Make sure you’re always holding the razor at a 45-degree angle against your skin. Short downward strokes are the best way to go when you’re dermaplaning at home after you cleanse and dry your face. Keeping the skin taut and moving from top to bottom is the general rule of thumb. Take it slow too and be conscious of the unique angles/curves of your face. Dermaplaning is a very intuitive practice! I’d recommend only doing it every 3 to 4 weeks for optimal results. Afterward, avoid direct sun exposure/extreme heat for a few days days, don’t use scrubs or other exfoliators for a week, avoid chlorine on your face for a week, apply serums, moisturizers, and sunscreen as usual.",Economical Dermaplaning Results,,blue,normal,,P482312,Facial Razor Set,SEPHORA COLLECTION,12.0
1869980623,5,1.0,1.0,5,0,5,2020-02-06,"I use Mario Badescu Skin Care Facial Spray with Aloe, Cucumber And Green Tea before or after putting makeup on. It is refreshing and smells great.  You can use it also use it before moisturizing.  I keep it with me to refresh through the day.",refreshing,lightMedium,brown,combination,blonde,P440483,"Facial Spray with Aloe, Cucumber and Green Tea",Mario Badescu,7.0
5453536298,5,1.0,0.6666669845581055,6,2,4,2022-02-17,"My skin has been graced by these products for almost two years and has SAVED MY SKIN! I was using argan oil based products for a while... When my face started getting so dry, and started flaking, leaving red irritated spots around my inner cheeks around my nose. I made the switch and I’m so glad I did!!! The squalane oil in Biossance’s products rehydrated and helped balance and heal all of the redness, no more flaking, ALL GLOW! This set is a must have for anyone that wants to try a new skin care line, as a gift for a friend/loved one, or you just need your favorites in a smaller, travel-size!",4 Holy Grails in 1 Set,fair,green,combination,red,P480278,Rapid Radiance Set,Biossance,35.0
7375781965,5,1.0,,0,0,0,2023-02-28,this is such a wonderful cleanser. It feels very gentle on my skin and cleanses so well. I like the milky texture of it. It creates beautiful milky bubbles and cleanses all dirt and impurities away so effectively. Gifted by Moon Juice,,light,hazel,combination,blonde,P454315,Milk Cleanse Gentle Foaming Cleanser,Moon Juice,32.0
1867073309,4,0.0,0.5,6,3,3,2021-07-27,"It is so so for the money. I feel the facial sheet masks you get from Korean stores or Amazon do the same job. It does give a temporary skin pick me up so if youre looking to splurge before a wedding or party, you might like this. Try facial steaming and then apply this mask or after deep cleansing. I used the entire jar but won’t be buying it again.",So So,lightMedium,brown,normal,brown,P440500,Super Collagen Mask,Mario Badescu,18.0
1401724924,5,1.0,1.0,8,0,8,2020-04-17,The only cleanser that gets all my eye makeup off. Used to use the Lancôme creme cleanser but wanted something a bit cleaner and have been searching forever until I found this!,,fair,green,combination,blonde,P454315,Milk Cleanse Gentle Foaming Cleanser,Moon Juice,32.0
1824712789,5,1.0,1.0,6,0,6,2021-05-03,"The best moisturizer, seriously amazing. I have maybe gone through 10 of these in the last few years. I have acne prone skin that’s combo of oily and dry but this moisturizer works amazing under makeup and doesn’t make any parts of my face worse. It’s tinted but I wouldn’t use it like a tinted since it’s very minimally tinted. But it’s an amazing moisturizer.",Holy grail everyday morning moisturizer,lightMedium,brown,combination,brown,P469524,RESIST Super-Light Daily Wrinkle Defense SPF 30,Paula's Choice,37.0
8957091855,4,1.0,1.0,1,0,1,2022-05-14,"It’s been a challenge trying to find a sunscreen that works for me, but this checks all my boxes! I’m breast feeding so I try and stick to mineral sunscreens. This sunscreen doesn’t smell, blends nicely, doesn’t feel heavy and doesn’t break me out! The tint is pretty blurring but can sometimes leave a cast if I put too much on. I’m a light-medium skin tone for reference. It works great under makeup though and I pretty much use it as my foundation. Not greasy and a natural matte finish. I probably wouldn’t go for it if you suffer from super dry skin or have a lot of dry patches. Most tinted mineral sunscreens will cling to dryness. But overall it’s a great sunscreen to try!",checks all my boxes!,light,green,dry,blonde,P469524,RESIST Super-Light Daily Wrinkle Defense SPF 30,Paula's Choice,37.0
24824281085,4,1.0,,0,0,0,2023-03-12,"it’s a very mild formula so if you want gentle this would be perfect. I give it to a friend because it’s not right for me. I’ve been wanting to try this for a while and glad I did, just wish I came across a sample before going all in .",Super gentle formula,dark,brown,dry,black,P503872,Mini Mandelic Acid + Superfood Unity Exfoliant,Youth To The People,16.0
6948585500,5,,0.6000000238418579,5,2,3,2015-09-14,"No other hydrates instantly and moisture is long lasting. You can feel the serum penetrate through the skin with a cool sensation on the skin. Within 20 minutes, I looked rejuvenated. Tatcha’s face masks are the best I’ve used. I will start bringing the Tatcha mask to my facials!",No other masks compare,,,,,P399622,Luminous Deep Hydration Lifting Mask,Tatcha,95.0
6521762888,2,,0.5,4,2,2,2016-02-14,"Have not seen a difference, smells great.",,,,,,P404232,DermalQuench +Retinol Advanced Resurfacing Treatment,Kate Somerville,110.0
2495512152,5,1.0,1.0,5,0,5,2021-08-26,"i really love this cleanser. it has been working super well consistently since i first got it, which was roughly a month ago. i was initially drawn to this cleanser because it has two great ingredients for my oily, acne-prone skin: clay and salicylic acid (willow bark extract, in this case). there aren’t any sulfates in this cleanser, therefore it doesn’t really lather. i like this because sulfates tend to strip even the oiliest of skin like mine. it keeps breakouts at bay, balances my oiliness throughout the day, and leaves my skin feeling neutral post-cleanse rather than parched like some other acne-fighting cleansers do. i heavily recommend this to anyone with oily, acne-prone skin. i will be repurchasing this when i run out.",so good,fair,hazel,oily,brown,P470049,Clearcalm Clarifying Clay Cleanser,REN Clean Skincare,38.0
1292541729,5,1.0,0.8666669726371765,15,2,13,2018-08-11,So I’ve got horrible horrible horrible bags under my eyes. I’ve tried every product there is out there and none worked. This product is the only one that has helped me with de puffing them. I use it at night before bed and wake up with no or very minimal puffy bags and eyes.,Good product.,fair,green,combination,brown,P429676,Hydra Life Cooling Hydration Sorbet Eye Gel,Dior,60.0
38265977425,5,1.0,0.0,2,2,0,2022-07-18,I use this product this morning and again tonight for the first time and can already tell a difference.,WOW,fair,green,dry,blonde,P480278,Rapid Radiance Set,Biossance,35.0
6213872725,5,1.0,1.0,5,0,5,2020-01-24,I have received this as a free gift to try it out and here is a summary of my experience so far. A small background about my skin: I’m 26 and I have severe acne scarring on my cheeks area. This drops is mighty and with consistency you can definitely see the difference. My acne scarring redness have definitely decreased. It did not go well under my make up so i refrain from using it in the morning now and only use it at night before going to sleep. It does have a bit of a tacky texture but I’m assuming it’s ok since the effect is there. One drop goes a long way and i only put some on my scarring area and not the entire face. I don’t have any sun spots so I cannot test for that but it have definitely help with redness from acne scarring.,Must try,mediumTan,brown,combination,black,P453822,Dark Spots No More Triple Acid Spot Minimizing Concentrate,Dr. Brandt Skincare,71.0
2455802285,5,1.0,1.0,5,0,5,2021-12-07,"I’ve used both Supergoop’s Glow Screen and Unseen Sunscreen, and love them both, so figured I would try this as I’m looking for a matte primer. My go-to foundation right now is Armani Luminous Silk, however I don’t like looking too luminous or dewy from my foundations and Matte Screen works so well to make it look for natural. I’ve used it with other foundations as well and it’s worked beautifully. Now I pretty much use Supergoop every day for primer and sunscreen.",,light,blue,combination,blonde,P476733,Mineral Mattescreen Sunscreen SPF 40 PA+++,Supergoop!,38.0
7188741709,4,1.0,0.0,33,33,0,2019-12-06,For some reason it has a throw up smell ? Me and my husband both couldn’t believe it lol,,lightMedium,green,normal,blonde,P448711,Face Mask,Dr. Barbara Sturm,125.0
37215353315,5,1.0,,0,0,0,2023-01-27,"I suck at giving reviews so I’m just gonna say that I got this for Christmas and when I tried it on my skin, it felt so soft and refreshing, It’s perfect for my skin, I love it so much. 💙",,,brown,oily,black,P483701,Daily Essentials Travel Set,The Outset,50.0
7749806881,3,1.0,0.5454549789428711,11,5,6,2021-12-22,"I’m very torn over this sunscreen. On one hand, I like the tint and how it is lightweight. On the other hand, it’s kind of tight on my dry skin. My skin feels so uncomfortable at the end of the night, kind of the way your face feels after wearing a full face of makeup.",Maybe not for dry skin,lightMedium,brown,dry,black,P469524,RESIST Super-Light Daily Wrinkle Defense SPF 30,Paula's Choice,37.0
35717020701,1,0.0,0.8333330154418945,12,2,10,2022-07-26,Didn’t cause breakouts but didn’t improve my skin. My face looks like it has aged after more than one month of using this set of products,Not effective,mediumTan,brown,combination,black,P480278,Rapid Radiance Set,Biossance,35.0
10178779535,5,1.0,,0,0,0,2022-12-22,"MARA Beauty’s Universal Face Oil has been a favorite night oil to use. The luxurious Universal Face Oil is the perfect all encompassing product. It replenishes and hydrates weary, dry skin with age-defying algae, plankton extract, morninga and a multitude of plant oils.",Must have,fair,green,combination,,P504026,Mini Algae + Moringa Universal Face Oil,MARA,40.0
5486453785,2,1.0,0.7090910077095032,55,16,39,2019-01-08,"This is great, but beware there IS peppermint oil in this spray, if you are sensitive to it!",,fairLight,blue,combination,blonde,P440483,"Facial Spray with Aloe, Cucumber and Green Tea",Mario Badescu,7.0
11452242467,2,0.0,0.5294119715690613,34,16,18,2022-03-05,"Consider the size and what you’re going to be using it for. It was too big for my face and neck. The shape didn’t work well either. It appears to be glass, not obsidian. I was disappointed, so I bought a jade one somewhere else and it works great. This one would probably work well for arms, legs and less curvy areas of your body.",Not user friendly for me,fairLight,blue,dry,brown,P477714,Black Obsidian Face and Body Gua Sha,SEPHORA COLLECTION,14.0
9783701506,5,1.0,0.6666669845581055,6,2,4,2022-01-10,"I have been using this for 2 years and I am finally writing my review. I love it so much I’m on my 3rd bottle. I have dry flaky skin and this is like a drink for my face, Its a perfect last step in my skincare routine, and sometimes I wear it in its own because it works so good.",My All Time Favorite,fair,blue,dry,brown,P452004,Rose Hibiscus Hydrating Mist,Herbivore,36.0
1303224076,5,1.0,0.7857139706611633,14,3,11,2018-08-09,"Wow! I just bought this today because I have really dry flaky skin. I normally use exfoli-Kate by late Somerville which I also love. I wanted a granulated exfoliator. I love the La Mer line and use many products. I love the oil, exfoliator combo. I use this without water on dry skin because I prefer a harsher exfoliation. As soon as you rinse this off your skin is baby soft. Worth the price. I can’t rave enough about this. LOVE!",Best exfoliator!,lightMedium,green,combination,blonde,P431416,The Replenishing Oil Exfoliator,La Mer,135.0
29961231855,5,1.0,,0,0,0,2023-02-28,I like new hourglass skincare line. This retinoid helps to improve my post acne scars. Plus I mentioned that the dark spots become less visible and wrinkles are fading. The texture is so soft which I love the most.,Works great,fair,blue,dry,blonde,P504637,Equilibrium Resurfacing Retinoid Treatment,Hourglass,110.0
5941633973,5,1.0,1.0,25,0,25,2020-01-24,"This stuff is so powerful! I received it as a free sample in exchange for my review, and I have been using it every AM/PM and it’s making a difference in my hyperpigmentation. It doesn’t feel heavy, so you can wear it beneath makeup and under a moisturizer! I wear it with an SPF as well during the day. My skin has had no bad reaction and looks brighter and healthier already. The packaging is sleek and easy to use. I love the dropper because it makes it easy to get the right amount of product! I definitely recommend this",Glowing Skin!,light,brown,combination,brown,P453822,Dark Spots No More Triple Acid Spot Minimizing Concentrate,Dr. Brandt Skincare,71.0
21152269508,5,1.0,1.0,7,0,7,2020-06-03,I LOVE THIS CLEANSER! This is the first time I write a review because this product is so worth it. I love the feeling of clay on my face and after I rinse it off my face doesn’t feel stripped out of oils at all! It’s a bit pricey but you use a little bit each day so it will last a long time.,LOVE LOVE LOVE,light,,combination,,P448562,Barrier+ Foaming Clay Cleanser,Skinfix,32.0
1303414424,5,1.0,1.0,6,0,6,2022-03-15,"I bought this brand-new product and was shocked when I saw that my eyes looked brighter and rested and de-puffed after 20 minutes, and lasted into the next day. They also woke me up; my eyes literally felt more open. However, they are kind of cold-hot; I invited my daughter to use them too and she couldn’t keep them on a minute because they were so uncomfortable. But this is a holy grail product for me. I only wish I knew how often I could use them.",Holy grail eye-opener,light,brown,normal,gray,P481712,Party Recharge Cryo Me Crazy Under-eye Masks,INC.redible,20.0
31301129305,5,1.0,1.0,1,0,1,2023-01-01,"and I think I will use this 4ever. Great gentle exfoliator, I use nightly and it’s helped w/ textured skin and uneven skin tone. I will keep using until they discontinue it!! I hope they never do.","On my 3rd refill, worth every penny!!",fair,,combination,,P467112,Daily Microfoliant Exfoliator Refill Pack,Dermalogica,56.0
6303224931,1,1.0,1.0,6,0,6,2022-02-17,"The old formula was 10 stars.  I’ve been loyal to it for probably 7 years, and I’m a product junkie.  Nothing beat the old formula.It’s probably not 1 star now, but compared to the old formula which was 10 stars, the new formula is 1 by comparison.  The old formula gave a squeaky clean feeling, got rid of blackheads and other skin issues.New formula isn’t just thicker, it doesn’t give the squeaky clean feeling that the old formula had, it doesn’t clear blackheads or dry skin acne.I have dry skin, with acne and the old formula fixed that.  The new formula just isn’t the same at all.","New formula isn’t the same, completely different",fairLight,hazel,dry,brown,P469448,Purifying Gentle Foaming Cleanser with Salicylic Acid,Clarins,30.0
21204273243,4,1.0,0.0,6,6,0,2021-12-08,Pms beauty gifted me their personal microderm elite pro and I’m very happy to had a chance to try it! First I was nervous to use it but I love the results. I tried on my arm first to see how I would feel and then switch to my face,Love,light,blue,combination,brown,P467969,Personal Microderm Elite Pro,PMD,299.0
2095110660,3,1.0,0.9230769872665404,13,1,12,2020-05-17,"I’ve loved the Kate Somerville EradiKate treatment for years and was hoping this would be a dupe. Unfortunately, for me, it didn’t help with any of my spots, whiteheads or deeper cystic ones. They were either the same or deeper when I’d clean it off. I’m sure for your average acne sufferer, this will do fine, I just don’t respond as well to salicylic acid as well as I used to. It’s got great ingredients and like I said, might work better for people with a less severe issue with acne than what I have.",Just not for me.,fairLight,hazel,dry,brown,P457439,Clarifying Lotion,SEPHORA COLLECTION,16.0
2172848424,5,1.0,0.9677420258522034,31,1,30,2020-01-15,"Absolutely fantastic. I was using the Ordinary rosehip seed oil because of information I had read (that type of oil helps with hyperpigmentation and breaking out) but unfortunately, it seemed to cause some acne rather than prevent it. When I read reviews saying this chia oil was lighter and more easily absorbed, I decided to try it. It’s been about a month and I have NOT broken out like I did with the rosehip seed oil, but I still have the same amount of hydration. This oil has allowed me to cut down my lengthy skincare routine. It’s a multitasker and a great buy.",Reduced acne but kept hydration/softness,fair,hazel,combination,blonde,P447597,100% Organic Virgin Chia Seed Oil,The Ordinary,8.5
9211448802,5,1.0,0.75,4,1,3,2021-05-14,I keep going back to buy this mask. Totally worth the price as it lasts long (you only need a small amount) and it makes my skin feel so plump and fresh. It also helps to calm inflammation/break outs.,favorite mask,lightMedium,green,combination,blonde,P448711,Face Mask,Dr. Barbara Sturm,125.0
10185426235,5,1.0,0.9729729890823364,37,1,36,2019-07-16,"THIS IS NOT A PEEL OFF MASK. They call it “peeling“ as in a chemical peel. If you look in the ingredients there is lactic acid, which is a chemical exfoliator, aka a chemical peeling ingredient. It also says in the directions to wash it off, not peel it off. This mask smells great and my skin feels smooth and soft after using it. You’ll get more than 10 uses per tube so it’s definitely worth the price.",not a peel off mask,mediumTan,brown,oily,black,P446820,Grapefruit Peeling Mask - Skin Perfection,SEPHORA COLLECTION,8.0
5064300561,5,1.0,0.5,2,1,1,2019-10-01,"Definitely not a peel off mask if that’s what you are looking for, it is definitely skin perfecting . I notice a difference in my skin rougher after I use it . Leaves the skin feeling and looking baby soft",,lightMedium,brown,normal,brown,P446820,Grapefruit Peeling Mask - Skin Perfection,SEPHORA COLLECTION,8.0
11273982617,5,1.0,,0,0,0,2023-02-16,"This product has been one of my holy grails since it was released! It’s a good price point, easy to use, and it works!",Great product!,,brown,combination,,P504786,Solution Skin-Perfecting Daily Chemical Exfoliator,Glossier,26.0
7407713920,2,0.0,1.0,4,0,4,2021-05-02,This sunscreen leaves a cast and peels when I use with certain products. It doesn’t make a difference with mattifying my skin.,,tan,brown,combination,brown,P471064,Max Matte Shine Control Sunscreen Broad Spectrum SPF 45,Peter Thomas Roth,38.0
8976824190,1,0.0,0.1698109954595565,53,44,9,2020-10-12,"Very disappointed with this product. It did not get rid of makeup, “impurities” at all and my pores look the same! Such a waste of time and money! I must say it’s one of the worst cleansers I’ve ever tried. Definitely not worth $36. There are drugstore brands that are better than this junk.",Garbage!,lightMedium,,combination,,P448710,pores no more Pore Purifying Cleanser,Dr. Brandt Skincare,38.0
1079040982,3,,0.75,4,1,3,2016-03-13,"I’m a firm believer in Retinol and have been using it for years. I became curious about the Somerville line and gave this product a shot. Firstly, I really don’t care for the way this stuff dispenses. It’s like a weird aerosol that comes out slightly foamy but upon hitting your hand changes to a watery substance. It has a medicinal smell, too. After applying to my face I felt dry- no’quenching’ that I could discern. So, I can’t recommend this to anyone. Many better Retinol/retinoids products out there.",Not for me,,,dry,,P404232,DermalQuench +Retinol Advanced Resurfacing Treatment,Kate Somerville,110.0
8617949974,4,1.0,,0,0,0,2022-08-03,"My skin has been lacking hydration so I decided to give this hydrating active facial roller by Face Gym a try. I love that they included a QR code for a how to video, it made it a lot easier to use.  I think this is a very neat product, I just wish each roll was a little less money since you do use a new one each time. Overall my skin did feel more hydrated and smoother.",Definitely works!,light,brown,normal,brown,P501024,Hydrating Active Roller with Hyaluronic Acid,FaceGym,70.0
9245057591,4,1.0,1.0,1,0,1,2021-10-04,It’s ok. Great for when you’re at home chilling and relaxing and still want to look good lol and your lip is low key being messaged!,it’s decent.,tan,brown,normal,black,P449102,Crystal Ball Roller Gloss,INC.redible,12.0
2338203288,5,1.0,,0,0,0,2023-03-01,This is such a lovely serum. The treatment has a wonderful consistency and sinks into the skin well. It’s very gentle and can be used daily without irritation. They use a very gentle retinoid and pair it with niacinamide to boost effectiveness! Great for beginners and sensitive skin too.,Such a great consistency,medium,green,combination,,P504637,Equilibrium Resurfacing Retinoid Treatment,Hourglass,110.0
2679492611,5,1.0,0.8888890147209167,18,2,16,2020-03-03,To be honest my dark spots on my chin has completely faded in about a week. I use it twice a day paired with summer Friday cc me serum. It is a must try! Oh and don’t forget to wear sunscreen!,One week,rich,brown,normal,black,P453822,Dark Spots No More Triple Acid Spot Minimizing Concentrate,Dr. Brandt Skincare,71.0
6999486051,5,1.0,0.5,4,2,2,2019-01-09,"I love it! Whether under my moisturizer and under makeup, or spraying my face mid day to revamp makeup! After 8 hours of makeup on, I can spray a few spritz and I’m instantly touched up! And it’s not harsh on my sensitive skin.",Great to touch up makeup,light,brown,dry,brown,P440483,"Facial Spray with Aloe, Cucumber and Green Tea",Mario Badescu,7.0
24326689298,4,1.0,,0,0,0,2023-03-14,"I’ve been using it for 2 weeks and I already feel/see the difference. I used it in the morning for the first week and now I use it morning and night. The product feels gentle on my skin and did not irritate it. I can definitely see how it improved my skin by reducing the hyperpigmentation and reducing the dark spots. The texture of my skin feels more even. I feel and look more radiant already, can’t wait to see how it’ll be after I use it some more. Only thing keeping me from the 5 stars is the price. My student lifestyle cannot support me buying this too many times. 😭",I hate that I love it this much!,,brown,normal,,P504637,Equilibrium Resurfacing Retinoid Treatment,Hourglass,110.0
36036428549,4,1.0,1.0,8,0,8,2022-04-15,"I love this sunscreen so much! I put this on top of my morning moisturizer and bam, it’s silky smooth matte perfection. My skin doesn’t feel irritated or dry whatsoever and it feels like barely anything is there. Absolutely no white cast on my skin (though I have fair skin, so I am not sure how it is for people of different skin tones). This is a dreamy facial sunscreen from a brand I’ve long been a fan of. My one and only gripe, and the reason it’s not a five star product is that you pay quite a hefty price for this product. Considering how much sunscreen is needed to protect the face and neck area, I feel like it’s a luxury to use this product, when it is something I use everyday. I would hope they could increase the size of this product because I’d love to see a larger size available, but the price point feels prohibitive.",Excellent mineral sunscreen,fair,blue,dry,brown,P476733,Mineral Mattescreen Sunscreen SPF 40 PA+++,Supergoop!,38.0
1736127459,5,1.0,,0,0,0,2023-03-17,"Before trying out Macrene Actives, I wasn’t familiar with the brand. However, the concept of clean beauty with top-quality ingredients instantly piqued my interest. Upon using the serum, I was pleasantly surprised by its effectiveness. Although the texture is slightly thicker than other serums I’ve used before, I noticed a significant improvement in the smoothness and softness of my skin, and even others have noticed. Overall, I’m impressed with the product and would definitely recommend it to others. It was gifted by Macrene Actives.",Works Well!,light,hazel,oily,,P505047,High Performance Face Serum with Vitamin C and Hyaluronic Acid,MACRENE actives,195.0
23576328422,5,1.0,1.0,3,0,3,2021-04-27,This exfoliator literally rids my skin of any texture.  It leaves my skin feeling so soft and clean after only one use!! I’ve been a fan since October 2020 and I don’t plan on changing!,No Regrets,lightMedium,brown,combination,brown,P467112,Daily Microfoliant Exfoliator Refill Pack,Dermalogica,56.0
5993099252,3,0.0,0.6363639831542969,11,4,7,2021-03-09,"Overall it’s an okay cleanser but there’s a few cons that I just can’t get over and therefore won’t be repurchasing.  Firstly it says it’s “foaming” which it most certainly does not.  It’s more akin to a cream cleanser which is just not my thing.  And more than that it is so thick it’s actually hard to rinse off and leaves a bit of a film.  And although it didn’t cause me any breakouts (which considering I have sensitive skin is a pro), it also didn’t do anything revolutionary for my skin either and for the price that’s just not worth it to me.",Would not buy again,fair,hazel,combination,brown,P448562,Barrier+ Foaming Clay Cleanser,Skinfix,32.0
12404741096,5,1.0,0.8947370052337646,19,2,17,2020-04-30,Such an amazing mask. I can feel my skin lifting/cooling as I wear it. After I take the mask off I can still feel its affects way into the day/evening. I will wear this in the earlier part of the day because I feel the effects are so strong immediately after.,Immediate difference,fair,blue,combination,brown,P399622,Luminous Deep Hydration Lifting Mask,Tatcha,95.0
2633700985,5,1.0,0.75,4,1,3,2020-05-26,My skin feels INCREDIBLE after each use! I wish I could use it everyday; it feels so luxurious!,LOVE LOVE LOVE,light,green,combination,brown,P431416,The Replenishing Oil Exfoliator,La Mer,135.0
11277948230,5,1.0,,0,0,0,2023-02-07,Honestly some of the best face razors I’ve ever used,,fair,green,dry,blonde,P482312,Facial Razor Set,SEPHORA COLLECTION,12.0
7749716346,1,0.0,1.0,2,0,2,2021-05-11,I would give this product a 0 if I could. It did not blend out well and pilled up like crazy.,it’s a no from me,lightMedium,brown,oily,blonde,P471064,Max Matte Shine Control Sunscreen Broad Spectrum SPF 45,Peter Thomas Roth,38.0
1513520735,4,1.0,0.5,2,1,1,2022-09-12,Super easy to use and hold. I don’t use often enough to see results but I really should because it’s easy to use.,Easy to use,mediumTan,brown,combination,brown,P447604,De-Puffing Jade Eye Treatment Tool,Mount Lai,30.0
1414902305,1,0.0,0.8333330154418945,6,1,5,2022-12-15,"These products BURNS! Rose oil, moisturizer- all of it. My face was red/burning/itching within 10 minutes of application and I do not have sensitive skin.",Burns!,light,hazel,combination,,P480278,Rapid Radiance Set,Biossance,35.0
9042966334,5,1.0,1.0,8,0,8,2018-09-08,The Rose Sugar Scrub doesn’t seems as sugary as some products I have used in the past.  This is good..I am getting used to the warming feeling..it doesn’t last long.  I am comparing this Lancome product with ones from Clinique and L’Occitane so will know more after I have used it more.,nice rose colored sugar scrub,fair,brown,normal,brown,P433461,Rose Sugar Scrub,Lancôme,34.0
1404029067,5,1.0,0.9236639738082886,131,10,121,2020-01-11,"So I was desperate because my skin was looking horrible this past year. Extreme stress made my under eye wrinkles terrible. I’ve spent hundreds of dollars on things that made my skin break out or nothing at all. First thing I recommend is taking your time with this. I started one day on, 2 days off to see how my skin would react. It is tight that first time, you definitely need to put moisturizer. I was using HA but it’s not enough for me. I just bought some Ponds and it works better than expected lol without breaking out. So now I’m using all the products 2 nights in a row, 1 night off. I really feel like the serum and night cream work well together. It’s been a dramatic difference. Everything is smoother, softer, fine lines really softened. So I bought this at the other place first and I just bought this a 2nd time because you end up having 2 full size products for $110 vs. $170 and you get to try the eye serum. If you’re older and you have the crepey under eyes and crow’s feet, I recommend this. Night cream also making my neck nicer and firmer. Only been 3 weeks, so I imagine it’s only going to get better. If you have the joy of needing anti wrinkle treatment but still breakout, you may benefit from this. Best thing I’ve tried in years!",Pace yourself!,lightMedium,brown,oily,brown,P454514,"Youth Renewal Retinol Trial Kit for Smoother, Younger-Looking Skin",Murad,59.0
29782846911,5,1.0,,0,0,0,2023-01-04,"This face oil comes in a sleek luxurious bottle.  It has a light scent, and is easy to apply. Things I really like about this oil is that it is non-irritating, lightweight and quickly absorbs well without feeling sticky or tacky.  While I was hoping to see more dramatic results in the two weeks I’ve been using this product, I have noticed overall improvement in my skin’s health.  My skin feels hydrated, softer and smoother. In looking at my before and after photos I can tell that my skin looks firmer and more lifted, and my pores as well as fine lines are diminished. The face oil works well with other skincare products as well as makeup.  I had started out using this three times a week, and have begun using it nightly, so I’m anticipating even better results in the coming weeks.","Radiant, Healthy Skin",light,blue,dry,blonde,P504016,Mini Evening Primrose + Green Tea Algae Retinol Face Oil,MARA,66.0
1732325530,5,1.0,1.0,1,0,1,2022-04-08,"These have a Super cooling effect, that is almost a little too much. They stay put and don’t move around at all. Definitely help de puff your eyes",cryo is right!,light,hazel,combination,blonde,P481712,Party Recharge Cryo Me Crazy Under-eye Masks,INC.redible,20.0
7861905217,5,1.0,0.9166669845581056,12,1,11,2021-02-13,"I bought this product two months ago, it is absolutely amazing. I use it at night after I cleanse my face. I mix it with my Tretioin. It helps soothe my skin and makes it so soft. I’m purchasing another one right now. Great product!!!",,tan,Grey,normal,brown,P457520,FIRMx Collagen Moisturizer,Peter Thomas Roth,88.0
1565262368,3,0.0,1.0,1,0,1,2023-02-26,"The products are okay, honestly only used the moisturizer. The value is okay but I think they could replace the oil with another sample product.",It’s okay,light,brown,dry,brown,P480278,Rapid Radiance Set,Biossance,35.0
5137755010,4,1.0,1.0,6,0,6,2022-03-17,"Great, fun product! It’s blue and has a shimmer, which is cute, and doesn’t leave any glitter on your skin. The container has plastic tweezers inside to pull apart individual masks, which is convenient. It sticks on easily, and stays put so you can do other things without it sliding off. I like to keep certain products refrigerated so it’s cool to the touch, and this product is definitely cooling! After putting this on, it feels very cool/slightly tingly the whole 20/30 minutes you have it on. It has the same feeling as if it came straight from the fridge the entire time. I gave it 4 stars because the feeling may be a little intense for some people, but it’s definitely a personal preference. I loved it, and it did not hurt/burn or feel overpowering. It would definitely wake you up in the morning. Overall, a cute and fun product that feels relaxing for an amazing price of $1 per pair!",Cool and Affordable,light,blue,combination,brown,P481712,Party Recharge Cryo Me Crazy Under-eye Masks,INC.redible,20.0
7659349366,5,1.0,0.96875,32,1,31,2021-02-08,"I have tried A LOT of masks. I first used this mask the night before my engagement party but was getting a facial regularly so although I saw a difference I wasn’t sure what it was from. HOWEVER I tried this mask AGAIN months later and holy moly this is the best mask I have EVER USED. It’s a little weird to put on (tatcha plz fix) but honey this WORKS. It’s cooling, fragrance free, tightening and takes years off your face. I haven’t found there is a ton of extra serum but whatever is extra I pat on after I take the mask off.",The best mask I have ever used,medium,brown,combination,brown,P399622,Luminous Deep Hydration Lifting Mask,Tatcha,95.0
6002986719,5,1.0,1.0,8,0,8,2019-07-16,Leaves my skin feeling smooth and supple. I recommend for anyone I’m obsessed with collagen products and this one is definitely a go-to.,best face mask,lightMedium,green,combination,blonde,P440500,Super Collagen Mask,Mario Badescu,18.0
6056558354,5,1.0,0.6666669845581055,3,1,2,2020-01-25,I love love love this product. It’s hydrating and smells amazing. Cleanse. Toner. Exfoliate. Toner. Mask. Toner. Serum. Toner. Moisturizer. Toner. Retinol or SPF.,Toner Toner Toner,fair,brown,normal,red,P452004,Rose Hibiscus Hydrating Mist,Herbivore,36.0
11103242174,2,0.0,1.0,1,0,1,2022-05-14,"I read reviews prior to buying this, so when I got it I tried it twice with two different moisturizers underneath. it does pill a lot with a cream moisturizer, but i found that with gel moisturizer underneath (elf superhydrate) i was mostly able to avoid that. blended in well and texture is nice, doesn’t feel heavy although it is thick. it does not leave me matte but rather with a skin finish, not greasy but looking moisturized. my biggest complaint is that the bottle seemed like it was barely full before using. i tested this by looking at the packaging with a flashlight, and weighing it. it only weighed 2oz on a scale, and the packaging likely weighs about 1oz alone, so the amount of product advertised was misleading. not sure if this was the case for anyone else or just me but i don’t feel it’s worth repurchasing.","Okay product, came half empty",,,oily,,P471064,Max Matte Shine Control Sunscreen Broad Spectrum SPF 45,Peter Thomas Roth,38.0
9374923885,5,1.0,0.5714290142059326,7,3,4,2022-03-02,"I was skeptical about buying this because almost all the recommended reviews were incentivized, and I feel like often times products really don’t do much. It’s only been a week and the fading is noticeable. My lighter ones are practically all gone. Obviously, the textures still there a bit but wow is it better. My more recent ones are much lighter as well and I expect them to be practically gone by the end of the month.",Really Impressed,light,,,,P474121,SD Advanced  PLUS Intensive Moisturizer For Wrinkles & Stretch Marks,StriVectin,82.0
34426514521,5,1.0,0.0,1,1,0,2022-02-15,"This set is perfect for beginners to Biossance or current users that want travel size products!  The eye cream is the only product I’ve used that actually reduced my under eye darkness and doesn’t irritate and cause tearing if applied close to the eyes like others.  The Omega Repair cream is amazing for hydrating skin in these cold, dry Wisconsin winters.  I use day and night in winter and at night in the summer.  The Lactic Acid resurfacing serum is amazing to smooth out your skin overnight, I use every other night.  The Vitamin C Rose Oil is the BEST oil, smells amazing and leaves my skin glowing and hydrated.  I recommend all 4 of these products whether you are new to skin care or a skin connoisseur.",Best set for travel or just starting out!,light,green,normal,blonde,P480278,Rapid Radiance Set,Biossance,35.0
5696545301,5,1.0,,0,0,0,2022-12-20,This mask is amazing for a refresh and I love that it comes with a brush! It gives you a nice glow and plumps up fine lines and wrinkles after just one use. It makes my skin feel hydrated and clean without drying it out!,Must have!,,blue,normal,blonde,P504040,Spirulina + Ashwagandha Volcanic Sea Clay Detox Masque,MARA,54.0
2590965004,5,1.0,,0,0,0,2023-03-03,Complimentary from Hourglass Cosmetics. This is my first Hourglass Cosmetics skincare item. I’m impressed! The packaging feels luxe and I love a pump bottle. The serum itself feels hydrating and worked well under my other skincare.,,light,blue,dry,blonde,P504637,Equilibrium Resurfacing Retinoid Treatment,Hourglass,110.0
5636365075,5,1.0,0.5,2,1,1,2019-12-15,Literally takes me back to high school days! Seriously love it,,lightMedium,brown,combination,blonde,P449102,Crystal Ball Roller Gloss,INC.redible,12.0
5239724187,5,1.0,,0,0,0,2022-12-22,"I’ve just started using this retinol face oil so I can’t comment on its long term efficacy, but I can say that I do see a “glow” the next morning! The scent is mild and pleasant. I feel that this retinol would be beneficial for those that have sworn off retinol because of the flaking and dryness. I will continue to use it and report more details when they become clearer.",So far so good!,light,brown,normal,,P504016,Mini Evening Primrose + Green Tea Algae Retinol Face Oil,MARA,66.0
28039645134,5,1.0,1.0,1,0,1,2022-02-08,I love this cleanser . The tansy mask really helps my acne.,My new favorite company,lightMedium,green,combination,gray,P480174,Waves of Clarity Skincare Set,Herbivore,32.0
5120353218,5,1.0,0.5,6,3,3,2020-09-03,"This 2-in-1 product is great for people who are lazy (me!) or are too busy in the morning for a multi-step routine. I use two layers of this product on my face and I find it moisturizing enough when my skin is normal in the summer (it probably won’t be moisturizing enough on its own for my very dry skin in the winter). This mini lasted me 2 months of every day use. I’m not a huge fan of the packaging because you have to invert the bottle to get the product out, and then when you have it right side up, the product leaks a little on the sides. I will be repurchasing this in the mist bottle (same formula) next time to avoid this packaging!",Great product for normal skin.,light,brown,dry,black,P459116,Mini Cream Skin Toner & Moisturizer,LANEIGE,15.0
11119870837,3,1.0,1.0,1,0,1,2020-11-15,smells good and my face is soft after but spray is bad i hate how heavy it sprays and gets on my eyes a new spray bottle and nozzle is a must to get a 5 star.,Love  but,mediumTan,green,oily,brown,P447607,Rose Milk Re-Hydrating Mist,Lancôme,30.0
10805777533,5,1.0,1.0,1,0,1,2023-01-04,"I have combination skin, and this oil is amazing for my dry and oily skin areas. It is an oil that is not oily or tacky. It smells so fresh and a light algae scent. It is an excellent light moisturizer. I would recommend this to many.",Light and Moisturizing,light,brown,combination,,P504026,Mini Algae + Moringa Universal Face Oil,MARA,40.0
2761530691,5,1.0,,0,0,0,2023-03-15,"This is complimentary from Macrene Actives. This serum has changed my skin! It’s so moisturizing and really makes my skin feel rejuvenated and hydrated. I know it’s expensive, but it really works! I have sensitive skin and this doesn’t bother me at all.",,light,blue,normal,blonde,P505047,High Performance Face Serum with Vitamin C and Hyaluronic Acid,MACRENE actives,195.0
7627795033,5,1.0,0.5,2,1,1,2022-01-03,This is my favorite tanner! I use it once a week and it never transfers on to anything.,,light,hazel,combination,blonde,P459140,Self-Tanning Water Refill,Isle of Paradise,24.0
7251613252,5,1.0,1.0,9,0,9,2021-03-28,"Recommended this cleanser in store for my dry, hormonal skin; this is the FIRST cleanser that helped my acne while not drying out my skin! I use it on my body when I have backne because it doesn’t make my skin too dry",Great for Hormonal Acne and Dry Skin,fair,brown,dry,black,P470049,Clearcalm Clarifying Clay Cleanser,REN Clean Skincare,38.0
11719033836,5,1.0,,0,0,0,2023-02-25,Absolutely love this retinoid. I have been developing some fine lines recently and find that this serum really helps smooth them out and make them a lot less noticeable. I use 3x a week at night and love.,Great retinoid,fair,brown,dry,,P504637,Equilibrium Resurfacing Retinoid Treatment,Hourglass,110.0
2840077449,5,1.0,1.0,2,0,2,2023-02-26,"Holy grail! Use if your skin handles acids well already. I can use 1-2 times a day with no irritation, but have been using acids heavily for years. Only go over your skin once and moisturize after!",My holy grail combination acid,light,brown,combination,brown,P504786,Solution Skin-Perfecting Daily Chemical Exfoliator,Glossier,26.0
10795026449,5,1.0,,0,0,0,2023-03-08,"Wanted to try this brand out for sunscreen. DID NOT REGRET. Very light on the skin and at the same time, gives you enough coverage. Will repurchase!",DID NOT DISAPPOINT!,light,brown,normal,black,P469524,RESIST Super-Light Daily Wrinkle Defense SPF 30,Paula's Choice,37.0
2174709780,3,0.0,0.3333329856395721,3,2,1,2022-04-19,"Thought this would be perfect for my skin. As the description says it works for all skin tones. Unfortunately, the color left me very pick and did not blend in with my skin.",,mediumTan,brown,combination,brown,P469524,RESIST Super-Light Daily Wrinkle Defense SPF 30,Paula's Choice,37.0
30792904366,5,1.0,,0,0,0,2022-12-15,"I use the face mask about 2-3 times a week. When applied, the face mask feels gentle and leaves my skin glowing within 10-15 minutes. It is my go-to product when my skin needs a reset. It is the perfect product to use, especially if you have been traveling or wearing more makeup than usual. It is an excellent year-round product, but I especially love it for winter because it is super hydrating.",My go-to skin reset product,,,,,P448711,Face Mask,Dr. Barbara Sturm,125.0
35150206913,5,1.0,1.0,2,0,2,2022-11-09,"This exfoliator is great! I was scrubbing my face and it smells beautiful and nice. Other than that  I like that it has little fibers to really scrub off the dead skin. I have combo skin, so this has been great for me.",,,brown,combination,red,P471566,Mini Lemonade Smoothing Scrub,OLEHENRIKSEN,18.0
5532436119,4,1.0,,0,0,0,2022-11-15,"I had been wanting to try this brand since it was released. I’m happy to report it’s sensitive/dry skin approved. Both the serum and moisturizer are lightweight, but hydrating enough for my dry skin. The packaging is minimal, but elegant. I love these formulas, and I’m excited to see more launches from this brand.",Simple and effective,fair,brown,dry,,P483701,Daily Essentials Travel Set,The Outset,50.0
37692363725,5,1.0,1.0,1,0,1,2023-02-20,Amazing product! Regular use of this has my skin glowing and dark spots fading. I leave on for longer than 15 minutes when I have the time. It’s very cooling on the face.,,deep,brown,combination,black,P483145,Ultra Glow Mask with Vitamins C + E,SEPHORA COLLECTION,16.0
24806992142,5,1.0,1.0,1,0,1,2022-12-20,"I usually apply this oil in my PM routine, it is quickly absorbs and greasiness disappears in the first minutes after application. In the morning, when I look at myself in the mirror, my mood instantly rises from the result - the skin is tender, with a slight glow and perfectly hydrated!And also, I use this facial oil for “guasha“ massage. It has a pleasant natural smell, without chemicals, as for me, this fragrance promotes relaxation. I am very glad that I got acquainted with the MARA brand and its wonderful universal facial oil!",I’m in love!!,light,green,combination,,P504026,Mini Algae + Moringa Universal Face Oil,MARA,40.0
12113476204,5,1.0,,0,0,0,2023-01-13,I saw this online and thought “that’s pretty expensive” but I still bought it.  The day it came I put it on that same night - saw my face the next morning.  Got online and bought another one.,True story,,,,,P476676,Youth Reformer Firming Vitamin C Oil Serum,FaceGym,110.0
21436700686,5,1.0,1.0,4,0,4,2021-04-14,"I was surprised to read the other reviews of people not enjoying the scent of this cleanser because I found it to smell like a beautiful spiced tea! The texture is super creamy and feels wonderful on your skin, the ingredients are top notch, and it is NOT drying for sensitive skin! I’m so happy I got this, big fan.","Smells wonderful, feels great, not drying!",light,hazel,dry,blonde,P454315,Milk Cleanse Gentle Foaming Cleanser,Moon Juice,32.0
2755988672,4,1.0,0.0,1,1,0,2023-02-02,I have sensitive skin with mild rosacea that flairs up in winter. I didn’t feel any calming effect from either product and the best compliment I can make ’it didn’t make things worse’ which is already not too bad for rosacea. Probably would be ok for summer.,,porcelain,gray,combination,auburn,P502047,Evercalm Skin Zen Trio,REN Clean Skincare,66.0
24761854453,3,1.0,,0,0,0,2023-03-16,Got this as a birthday gift. I did fall in love with the toner the smell is great but the other is a little to sticky for my skin glad I know now I will check out more by the line even get the toner again but the syrup is just not for me,Nice,fair,blue,dry,blonde,P504848,Resveratrol-Lift Ultimate Firming Set,Caudalie,84.0
989697609,5,1.0,,0,0,0,2023-02-27,"Wow this stuff is amazing. I have tried using retinols before but they are too harsh for my skin. This is finally a retinol I can use.  Not too harsh, very soothing to my skin and I wake up looking renewed.",A new staple in my routine.,,blue,dry,blonde,P504637,Equilibrium Resurfacing Retinoid Treatment,Hourglass,110.0
2364661230,5,1.0,,0,0,0,2023-03-11,"I thought the face serum was really nice to use, it’s not too thick and also spreads nice on my face. I like the silky texture and no tackiness or stickiness. I enjoyed using it and see hydration and plumping on my skin",Love it!,light,brown,combination,black,P505047,High Performance Face Serum with Vitamin C and Hyaluronic Acid,MACRENE actives,195.0
44972540154,5,1.0,1.0,1,0,1,2023-03-03,"I recently got the mini size, and i love it! most serums that claim to make you glow usually just use glitter, while this actually uses skin benefiting ingredients. It also smells amazing without being overpowering",A must have,fair,brown,normal,brown,P504636,Mini Watermelon Glow Niacinamide Dew Drops,Glow Recipe,20.0
34431777842,5,1.0,1.0,1,0,1,2022-11-21,"My skin is pretty reactive and naturally red. On top of that, its dry and its winter. I absolutely love this set because these products work flawlessly together to reduce redness and give long lasting hydration. Overtime using this, its so obvious how my skin tone evens out.",Great for redness,,blue,dry,blonde,P483701,Daily Essentials Travel Set,The Outset,50.0
5282930856,3,0.0,,0,0,0,2022-08-05,"with ingredients like peptides and hyaluronic acid, this definitely hydrated and plumped my skin. I appreciate the instruction video as it was hard to learn how to use. overall I liked this product but I would probably not purchase it.",,fairLight,blue,dry,brown,P501024,Hydrating Active Roller with Hyaluronic Acid,FaceGym,70.0
21175494459,5,1.0,0.875,8,1,7,2022-05-05,"Completely in love! My skin started to turn on me when I started using Tretinoin, I was peeling and breaking out. I normally was doing 5-6 step routines. I saw the ad about going back to the basics, and figured it wouldn’t hurt to try! I picked this up in store and it’s been calming down my skin. I’m still a little dry, but the breakouts have stopped. I’m going to keep using it and hopefully the dryness stops too. I also grabbed the niacinimide night moisturizer and expression line cream, I think those two are my favorite products from the line!",super gentle,light,blue,combination,blonde,P483701,Daily Essentials Travel Set,The Outset,50.0
846670882,5,1.0,0.75,8,2,6,2021-04-24,"This is my second purchase of A PMD device.  I bought my first one years ago and is still in excellent condition.  I splurged and bought this one because it is wireless and you can choose the intensity.  I used to have some bumps on my cheek and after using PMD consistently, they were gone.  It is an investment upfront but it is a cheaper and convenient than seeing a dermatologist.  Highly recommend this device!",,light,brown,combination,black,P467969,Personal Microderm Elite Pro,PMD,299.0
12132612440,3,1.0,1.0,3,0,3,2020-01-03,this product broke me out a bit but it was still very moisturizing. the alternative way i used this product was the wet my beauty blender and it worked like a dream,,lightMedium,hazel,normal,brown,P440483,"Facial Spray with Aloe, Cucumber and Green Tea",Mario Badescu,7.0
5652061361,1,0.0,0.1428570002317428,35,30,5,2019-07-09,"After over 30 minutes, still can’t peel it off.  It’s not still wet; its like it partially absorbed into my skin, leaving an oily residue that I will have to scrub off.  Not pleasant.",Peel mask that doesn't peel,light,green,oily,blonde,P446820,Grapefruit Peeling Mask - Skin Perfection,SEPHORA COLLECTION,8.0
7697158034,5,1.0,1.0,13,0,13,2018-10-26,"First impressions: gentle, warming, pleasant fragrance that’s not overpowering. When I rinsed this off, my skin felt baby soft. I love how well it did the job, and was still gentle on my skin. Also, for Lancôme, this is at a great price point. It should last me a good while.","Exfoliating, but gentle",fairLight,blue,oily,brown,P433461,Rose Sugar Scrub,Lancôme,34.0
2554230225,1,0.0,0.2040819972753524,49,39,10,2020-04-26,This has a horrible fragrance. Why do you need to have fragrance? It kills me.,Why fragrance?,light,brown,oily,brown,P454514,"Youth Renewal Retinol Trial Kit for Smoother, Younger-Looking Skin",Murad,59.0
1467506807,5,1.0,1.0,2,0,2,2018-03-13,"Amazing results!  It is a different kind of application as it is a foam/mousse that is light in texture to apply.  I have been using this for 1 year, started slow - great product, does what it claims!  It improves skin texture/lightens and lifts.  During the winter months of extreme cold, I had to limit usage from every day to 2-3 times a week as it is a little drying.  I am back to every other day, trade off with AHA/BHA Product.  I definately recommend trying this product, it was a life changer.  This comes in a “Mini” version so very easy to try - belive me - it is worth every cent!",Radiant Perfection,lightMedium,blue,dry,blonde,P404232,DermalQuench +Retinol Advanced Resurfacing Treatment,Kate Somerville,110.0
37179655514,5,1.0,1.0,1,0,1,2022-07-27,"I’ve used this roller for the first time and I’m obsessed with it. The procedure itself is something new for me. The result I see in the mirror after using it impresses me.  have to say it’s a little prickly, but nothing that i can’t handle. Before using it for the first time I would recommend scanning the code and viewing the tutorial video so you get the full benefits of the roller. I use it once a week. It makes my skin looks healthier, brighter and the tone of my skin looks even now. I’m so happy to find something that works so amazing and I will continue use it in the future.",Impressed with the result after first time,lightMedium,green,dry,blonde,P501024,Hydrating Active Roller with Hyaluronic Acid,FaceGym,70.0
1696370280,4,1.0,1.0,3,0,3,2021-09-20,Smell is a bit strong but overall very nice. I use this as a toner.,,light,brown,combination,black,P440483,"Facial Spray with Aloe, Cucumber and Green Tea",Mario Badescu,7.0
7988221715,5,1.0,,0,0,0,2023-03-15,Got my hands on this when the Paula choice toner was out of stock. Oily skin and acne prone. It helped mg skin tremendously.,,tan,brown,combination,black,P503890,Green Tea Hyaluronic Acid Hydrating Toner,innisfree,22.0
25975155632,5,1.0,1.0,4,0,4,2021-09-11,was recommended this sunscreen by a worker and LOVE IT! I have pretty oily skin and I feel like I don’t get oily as fast with this. Not to mention it does make my skin look smoother and less red (it has a similar consistency as the benefit porefessional primer) ***I have also noticed that since I do use powder makeup my skin tends to get dry when using this under-so perhaps I will be trying the unseen sunscreen,,light,brown,oily,brown,P476733,Mineral Mattescreen Sunscreen SPF 40 PA+++,Supergoop!,38.0
2040893047,5,1.0,1.0,12,0,12,2018-08-08,"I purchased this mask because of amazing reviews and boyyyy did it not disappoint. Its my favourite pick me up mask, pre-wedding, pre-date, on the airplane, literally i use it everytime before a big event. The effect is similar to getting a professional facial done (no joke). Skin is firmer, supple but not tight, the gel-like texture of the mask feels wonderful and non drying when sitting on your skin. My holy grail mask.",Its expensive but it seriously works,lightMedium,brown,combination,black,P399622,Luminous Deep Hydration Lifting Mask,Tatcha,95.0
2222691662,1,0.0,0.3513509929180145,37,24,13,2020-05-04,This crap made my face look like I got a chemical peel and I’m still recovering from it. Right now my skin feels like sand paper. I used it every other day for a week and was fine then I went to daily. After three days my face looked scorched.,Look like Samantha from S&TC after a chem peel!,light,green,dry,brown,P454514,"Youth Renewal Retinol Trial Kit for Smoother, Younger-Looking Skin",Murad,59.0
10235089528,4,1.0,0.5,2,1,1,2020-11-20,The ingredients are kind of scary but I have to admit this product works well for me.,,light,brown,combination,brown,P440483,"Facial Spray with Aloe, Cucumber and Green Tea",Mario Badescu,7.0
1936758628,3,1.0,0.8333330154418945,24,4,20,2020-05-28,"I enjoy this oil. I definitely wouldn’t recommend it as your go-to facial oil (I really love The Ordinary’s “B“ oil for that) but it’s a good post face mask oil to jade roll/gua sha with. It also works great as a light day time oil that you can follow up with a moisturizer on dry days. I tried this on my hair (which is type 4a/b low porosity) and it was a NO BUENO for me, but worth trying on your skin for sure.",Good but you have to know what to use it for.,deep,brown,oily,black,P447597,100% Organic Virgin Chia Seed Oil,The Ordinary,8.5
30038345246,3,0.0,1.0,2,0,2,2021-07-26,"5 stars for toner3 for the cleanser1 for the moisturizer.Honestly the mositurizer is a disaster, if anything it made me oiler. It’s thick, my sking does not absorb it properly and I  even dare say it’s a little sticky.The cleanser is good, but it’s not unique. There are other things that are better & cheaper. For that price point I expected much more.The toner is really good, it does work (up to a point) and it has a nice cold-ish feeling to it.","Bad Moisturizer, Rest is Okay",medium,brown,oily,black,P472180,Balance It All Oil Control & Pore-Refining Set,OLEHENRIKSEN,40.0
17578928,5,1.0,1.0,21,0,21,2020-08-13,"I’ve finally found a way in which this product works best for me. I’m not good at following the rules but I did start out at 2 minutes. I upped the minutes as time went by but was not all that impressed with the results.  So, and I don’t necessarily recommend this unless you totally know your skin, I started using it with my favorite masks 2x a week. I’d swipe it on and then apply the mask on top. I usually leave it on for 30 minutes before removing. With this method, I’m seeing the results I’ve expected. My pores appear smaller, skin is much smoother (no more orange peel) and my hyperpigmentation is slowly going away. I use 3 different masks, not at the same time of course, and rotate them each time.  My skin is acclimated to this type of treatment so I’ve not experienced any side effects.",Found a way to make it work!,light,hazel,normal,gray,P451745,30% Glycolic Acid Peel Concentrate,SOBEL SKIN Rx,46.0
22001238968,4,1.0,,0,0,0,2019-02-22,This stuff is so refreshing on my face. It smells really good I’m sometimes tempted to spray it on the rest of my body. But honestly...I’m not exactly sure it does anything for my school. I usually use it as the final step in my skin routine before bed. But like it said...if anything it does make me feel refreshed. I’d probably buy again once this runs out.,,medium,brown,oily,black,P440483,"Facial Spray with Aloe, Cucumber and Green Tea",Mario Badescu,7.0
1799002663,5,1.0,0.9565219879150392,23,1,22,2019-09-02,"I just purchased the amethyst and the pink quartz for myself and for my daughter. We are obsessed. I have all the roller babies, and I find this formula and roller to be so much best. Gloss is shiny, not sticky, and super hydrating. Plus... they are even prettier in real life. Have already purchased the jade, just waiting on the post! Winner for sure. Tip? Roll the ball in the same direction a few times to get her going when you first open it. Then... bliss.",I bought all 3!,lightMedium,Grey,oily,blonde,P449102,Crystal Ball Roller Gloss,INC.redible,12.0
25107962668,1,0.0,0.7142860293388367,7,2,5,2022-09-06,"Worst product I have ever had, it doesn’t work or glide into your skin to do facial exercise. Only for the show",Worst Product,lightMedium,brown,combination,brown,P477714,Black Obsidian Face and Body Gua Sha,SEPHORA COLLECTION,14.0
21803446923,5,1.0,,0,0,0,2022-12-22,I believe in the ingredient compound of this product. I use this every morning and I enjoy it. It makes me feel like I’m taking good care of my skin. My skin is more hydrated and softer. It leaves a beautiful glow on my skin and I’m omw to buying my 2nd bottle! I highly recommend bc it actually works.,Magical bottle,fair,brown,combination,,P504026,Mini Algae + Moringa Universal Face Oil,MARA,40.0
2588550321,5,1.0,0.8999999761581421,10,1,9,2019-07-16,"Smells amazing! Great toner, but a lil more luxury...",Rosey Toner,fairLight,brown,oily,black,P444615,Witch Hazel & Rosewater Toner,Mario Badescu,14.0
913484760,2,0.0,0.4285709857940674,14,8,6,2019-12-10,It’s cool that it’s a rollerball but the crystals are pointless and there’s no flavor. It doesn’t make a difference in lip dryness or stay on as a gloss.,Don’t waste your money,lightMedium,brown,oily,black,P449102,Crystal Ball Roller Gloss,INC.redible,12.0
1373665464,5,1.0,,0,0,0,2022-12-21,"Mara Volcanic Sea Clay Detox Masque is a thick creamy mask. The mask helps to clarify my skin and smooth out the uneven texture. It’s very hydrating, nourishing. My skin feels very refreshing after usage.",,fair,brown,combination,black,P504040,Spirulina + Ashwagandha Volcanic Sea Clay Detox Masque,MARA,54.0
5490985917,5,1.0,0.9302330017089844,43,3,40,2019-08-08,"Your face is going to love you.I got sample of this mask at first, and the amount inside was quite hefty so I was able to use it a few times (and on my husband once) and bought it immediately after my sample was done!For me this mask does pretty much everything. Keeps my skin looking nice and soft, kills breakouts, gives it some life after traveling or stress filled events (and the week I was trying it for the first time I was going through A LOT more then usually emotionally so my eating and sleep schedule were off - my skin looked great though so you couldn’t tell). I put this on my husband one night while we were on vacation, this face was red through the center and he had shaved the day before so he was breaking out around that area (he always did). The next morning after he washed it off the redness was gone and the breakouts that had formed heads has vanished! Even he was amazed (and that says a lot as he normally pays no attention to skincare other then his face wash). This mask has a permanent place on my bathroom sink now.",Your Wallet Will Hate You Butttt,deep,brown,combination,black,P448711,Face Mask,Dr. Barbara Sturm,125.0
26678068854,3,0.0,0.5,2,1,1,2022-03-02,The rose oil was completely empty when I received it. I’m returning but I really wanted to try the other stuff that came with it.,Rose Oil came empty,light,brown,combination,brown,P480278,Rapid Radiance Set,Biossance,35.0
2461901822,5,1.0,,0,0,0,2022-11-22,"This is the perfect set for the holidays. whether this if for you, so that you can travel, or for a friend so they can try these products, it’s truly perfect. I highly recommend getting this if you’re interested in trying out the brand or getting a new set for travel. None of these items irritated my skin or had any weird smells. Highly recommend!",Love this!,fair,hazel,oily,,P483701,Daily Essentials Travel Set,The Outset,50.0
1389974031,5,1.0,1.0,4,0,4,2023-03-01,I love this oil. It is rich and so smooth. It makes your face feel so good upon application. I’ve tried many oils and this one makes my skin feel more plump and hydrated. I use it Morning and night as my skin is normal to dry. I’m not crazy about the scent. It’s very earthy. Wears beautifully under my Belif moisture balm but I find that I have to apply my moisturizer over the oil rather quick or it balls up. I only wait a few minutes before I put my moisturizer over top. Although y it’s a rich oil it doesn’t look greasy or make your face look oily throughout the day. I was pleasantly surprised by this!,I love it! So hydrating!,light,green,normal,blonde,P500238,Mini Collagen Superfusion Firming & Plumping Facial Oil,Charlotte Tilbury,30.0
10449773879,4,1.0,1.0,9,0,9,2022-05-04,"This is a great sunscreen! It doesn’t pill, it mattes down super well without being drying and I love how it acts like a bb cream basically - perfect for people with red acne/acne scars. The only reason I’m giving it 1 less star is because when I keep reapplying it throughout the day it starts feeling really heavy, like foundation. It’ll also come off a little bit on clothing so just be careful you don’t rub something on your face. I’m still repurchasing because tinted moisturizers are good for hyperpigmentation and it just makes my skin look so good.",,fair,brown,combination,brown,P469524,RESIST Super-Light Daily Wrinkle Defense SPF 30,Paula's Choice,37.0
10435172781,3,0.0,0.6000000238418579,5,2,3,2023-02-18,This product broke me out with little tiny red bumps all over my skin and turned my skin red. I wouldn’t use this again.,Hydrating but not for me,lightMedium,hazel,combination,black,P503890,Green Tea Hyaluronic Acid Hydrating Toner,innisfree,22.0
6096807926,5,,0.9677420258522034,31,1,30,2016-10-24,"I love this product so much! It was recommended by someone who has had acne their entire lives. In high school, I never broke out. Now I’m 21 and have terrible cystic acne. My skin has done a 360 and my acne is disappearing as well as the hyper pigmentation from scarring. I have stress lines on my forehead and they are diminishing as well. Could not ask for a better multitasker!!",Great for acne!!,,,,,P404232,DermalQuench +Retinol Advanced Resurfacing Treatment,Kate Somerville,110.0
6018030300,5,1.0,0.9767439961433412,43,1,42,2021-02-27,"I wish this stuff didn’t work because it’s so expensive. It’s insane though - it definitely works. My spouse started taking it without telling me and I noticed he looked more rested and healthier. Perpetual dark circles under his eyes disappear when he takes this and reappear when he stops. My skin looks smooth and plump when I take it, but crepey and tired when I don’t. Double dosing also works. I wish it was a myth, but it’s not. If you stop taking it it stops working and if you keep taking it, it works. Takes 1-2 days to show a difference. It works better than any other skin care thing I try. Maybe even better than fillers.",Believe the hype.,fair,green,dry,blonde,P457002,SuperBeauty Daily Antioxidant SkinSupplement,Moon Juice,60.0
39133448099,5,1.0,,0,0,0,2022-12-25,I love using a face oil when I gua sha my face morning. I was looking for one that would brighten my skin as well and this one from Mara is perfect! My skin is so supple and soft! It is literally glowing,,,,,,P504026,Mini Algae + Moringa Universal Face Oil,MARA,40.0
1048276344,1,0.0,0.684211015701294,19,6,13,2021-04-14,"Who likes this and do they have mature skin? This gave me breakouts and clogged my pores. It has a milky texture that is too creamy for any skin other than dry, imo. I was using a sample packet. I would not purchase, and it’s very over priced. For reference, I don’t have skin that clogs easily or is sensitive.",DISLIKE,medium,brown,combination,brown,P469200,The Good C Vitamin C Serum,Dr. Barbara Sturm,145.0
36673343527,5,1.0,0.0,1,1,0,2023-03-08,"Honestly, I really like this face wash. I was a bit hesitant when I received it because of the texture being a jelly, but it works really well. I have a pretty dry face, and after about four days of using it, my face does feel more moisturized and hydrated. It does have a light rose scent, but that’s a given thanks to the rose water. It’s mild, and smells better than some others I’ve used. Personally, I enjoy this a lot, even though the texture isn’t my favorite, but that won’t stop me from using this in the future.",,fair,brown,combination,,P504524,Milky Jelly Gentle Gel Face Cleanser,Glossier,19.0
37449035717,4,1.0,,0,0,0,2023-01-16,"This product feels like a matte primer, I do like it but I’m not sure if I love it. If you want a good spf i do recommend this product!",,,,,,P476733,Mineral Mattescreen Sunscreen SPF 40 PA+++,Supergoop!,38.0
5883572733,5,1.0,0.6470590233802795,17,6,11,2020-02-13,"I’ve been using this product for only a few weeks, but have already noticed a huge difference in the coloration of my dark spots and acne scars! It has a gel-like texture, is non-sticky, and absorbs quickly onto the skin. A little goes a long way! I’m excited to see the final results when I finish using this. I highly recommend trying this product out if you have problem areas similar to mine.",Obsessed!,fair,brown,oily,black,P453822,Dark Spots No More Triple Acid Spot Minimizing Concentrate,Dr. Brandt Skincare,71.0
7218378373,2,0.0,0.2105260044336319,19,15,4,2020-05-15,I was so excited to try this! I love is the smell but all the products burned my skin. Super disappointed.,,lightMedium,brown,normal,brown,P454514,"Youth Renewal Retinol Trial Kit for Smoother, Younger-Looking Skin",Murad,59.0
1004697789,5,1.0,,0,0,0,2022-12-22,"I have always wanted to try Mara products! This oil truly is universal and absorbs beautifully into the skin. It’s not too heavy, and doesn’t leave me greasy or shiny after applying it as the last step in my routine",,,hazel,oily,,P504026,Mini Algae + Moringa Universal Face Oil,MARA,40.0
6735103542,5,1.0,1.0,1,0,1,2022-12-20,"I never heard of this brand before I got this Universal face oil and I’m impressed. I love all the ingredients, all these oils that is not that heavy on the skin. I have very Very dry skin and it left my skin super hydrated (I’m not exaggerating) and silky smooth. It has light herbal scent, but it disappears in couple minutes. I am definitely purchasing another when this one is done. 10/10 - recommending to anyone with dry skin",Super hydrating,lightMedium,brown,dry,black,P504026,Mini Algae + Moringa Universal Face Oil,MARA,40.0
2351540996,5,1.0,1.0,8,0,8,2019-05-15,"The best mask -- I got so many compliments on my skin the week I started using it, it’s definitely noticeable! Fills out fine lines and made my skin look so full and soft (I used this with daily use of The Ordinary Hyaluronic Acid).",Perfect mask,tan,brown,combination,brown,P440500,Super Collagen Mask,Mario Badescu,18.0
6567722190,5,1.0,,0,0,0,2023-03-16,"Had a chance to try out this wonderful product an oh wow am I impressed. I love how my skin felt right after applying this serum, it’s very easily observed, and has no scent or odor whatsoever, which is great for my sensitive skin.",Lovely serum,,brown,combination,,P505047,High Performance Face Serum with Vitamin C and Hyaluronic Acid,MACRENE actives,195.0
11024425596,1,0.0,1.0,4,0,4,2020-05-01,It was pretty refreshing and I would put this on before I would go to sleep but honestly I didn’t feel any different ...it didn’t do much for my skin I feel like it could have been better but if you want to used it to hydrate your face that works!,Not My Cup Of Tea...,tan,brown,oily,black,P440483,"Facial Spray with Aloe, Cucumber and Green Tea",Mario Badescu,7.0
1863340544,5,1.0,,0,0,0,2022-12-22,This product is amazing! it gives me a beautiful youthful glow! I also love that it makes my skin hydrated and looks smooth. I love that it has clean ingredients which is important to me.  This is a must have.,a must have,,blue,normal,,P504016,Mini Evening Primrose + Green Tea Algae Retinol Face Oil,MARA,66.0
5763417139,2,0.0,0.8999999761581421,10,1,9,2022-04-28,"I wanted to love it but I don’t. While it is light, it is making me break out. I have dry and sensitive skin. I will be returning this.",Causes breakouts,fair,blue,dry,brown,P469526,Water-Infusing Electrolyte Moisturizer,Paula's Choice,37.0
5659257008,4,1.0,0.5714290142059326,7,3,4,2021-07-08,"It hasn’t worked perfectly on my skin but of all of the many brightening products I have tried, this one is the only one where I can see some improvement.",Noticed Some Improvement,lightMedium,brown,combination,brown,P453822,Dark Spots No More Triple Acid Spot Minimizing Concentrate,Dr. Brandt Skincare,71.0
24243199574,5,1.0,,0,0,0,2022-09-02,I’ve purchased this many times!  It is the only self tanner that DOES NOT STAIN clothes and doesn’t get all over my sheets!!  It’s a perfect glow.  Make sure to put lotion on dry areas of body.  I use with the mister bottle (gamer changer) and blend out with my hands.  Super fast and low maintenance and everyone comments on how glowy I look - it also lasts almost a full week for me! (I’ve also never noticed white things in the refill which a lot of comments were saying).,Best Self Tanner I've Tried!,fair,brown,dry,blonde,P459140,Self-Tanning Water Refill,Isle of Paradise,24.0
11829253893,5,1.0,,0,0,0,2022-12-09,"This will always be my favorite face mask! It hydrates and soothes the skin and reduces irritation, leaving you with a natural radiance. I love to put this mask on after a long day, it is so relaxing. Ingredients in this mask, like Aloe Vera and Chamomile, help to keep the skin supple and full of moisture. This is a mask that actually works, I love it!",Soo Hydrating,fair,blue,normal,,P448711,Face Mask,Dr. Barbara Sturm,125.0
10674348523,5,1.0,,0,0,0,2023-03-21,There hasn’t been a face oil that didn’t break me out until I tried this the Mara hydrating face oil. It has a fresh scent to it but not so overpowering. I use the oil before my makeup and for my nighttime routine,Love it,medium,brown,combination,,P504026,Mini Algae + Moringa Universal Face Oil,MARA,40.0
23505194068,4,1.0,0.800000011920929,5,1,4,2021-07-13,"Love the smell (lemon pie!), the texture and what it does to my skin. I have sensitive skin and it’s not to irritating for me.",,light,blue,normal,gray,P471566,Mini Lemonade Smoothing Scrub,OLEHENRIKSEN,18.0
25261941538,3,1.0,1.0,13,0,13,2021-02-15,"I intended to purchase amethyst as a cute gift for my birthday this month,  but somehow managed to order rose quartz. It didn’t strike me as that odd that the flavor/scent wasn’t  mentioned at the time because the gemstones are so cute. The packaging is wonderful and the gloss is very nice, but it is floral. I had to double check to be sure I hadn’t actually ordered a perfume.",,fair,hazel,combination,gray,P449102,Crystal Ball Roller Gloss,INC.redible,12.0
5127965249,2,0.0,1.0,3,0,3,2020-04-22,"Not worth the price for how small the bottle is, even tho I do still have a lot of product left after a few months but I do not use everyday. most annoying thing is it is not a mist. it sprays out a thicc lotion. Besides that the actual product hasn’t really done much to my skin so would not buy again but maybe worth a try if you want to spend 50$ on a mediocre lotion in a spray bottle.",eh,fair,green,normal,brown,P447607,Rose Milk Re-Hydrating Mist,Lancôme,30.0
22107161221,5,1.0,0.947368025779724,19,1,18,2023-01-10,"I literally made a review account just so I could let others know how go this product is! I haven’t had the toner for very long, but I am seeing instant results. I am very hydrated after using the toner alone (when toners usually strip my skin badly) and also instantly gives me a dewy glow!I also was curious what yuka (scanning app that tells you if there is any harmful chemicals in cosmetic and food products) rating it was and it scored excellent! P.S. Just a fair warning the bottle is glass and the toner has a bit of a strong smell. I was worried about the smell because that usually translates to an irritant, but I have been completely fine and have very senstive skin!",Glass Skin and Hydration Finally Achieved!,,,combination,,P503890,Green Tea Hyaluronic Acid Hydrating Toner,innisfree,22.0
7375781965,5,1.0,,0,0,0,2023-03-15,"I can’t get enough how good this serum is. It feels very lightweight and absorbs easy but at the same time is very hydrating. My skin feels and looks plump. I love how radiant, glowing my skin is and overall looks very healthy. Gifted by Macrene Actives",,light,hazel,combination,blonde,P505047,High Performance Face Serum with Vitamin C and Hyaluronic Acid,MACRENE actives,195.0
39894613764,2,0.0,1.0,1,0,1,2023-02-06,it made me brakeout so i let my sister try it and it made her brakeout too,hit or miss,fair,green,dry,brown,P471547,Mini Beste No. 9 Jelly Cleanser,Drunk Elephant,16.0
1211161573,5,,1.0,11,0,11,2016-05-09,My skin feels softer and looks smooth,DermalQuench Liquid Lift,,,combination,,P404232,DermalQuench +Retinol Advanced Resurfacing Treatment,Kate Somerville,110.0
25719630967,4,1.0,1.0,1,0,1,2021-06-12,I enjoy this. I use the Peter Roth anti aging cleanser then use this. Didn’t peel for me. It did leave a slight white cast but my brown make up concealed it. With foundation no peels still smooth. It’s not as matte though. But not oily either. I like it. I’d continue to buy. I’m acne prone and if something doesn’t break me out I kind of stick with it,,deep,brown,combination,black,P471064,Max Matte Shine Control Sunscreen Broad Spectrum SPF 45,Peter Thomas Roth,38.0
1441153513,5,,0.857142984867096,7,1,6,2014-10-20,"Try this and fall in love! I liked this even before I put it on my face. The container is pretty and luxurious, the cream smells great and it has a nice feel. The true happiness came the next morning when my skin looked firmer and more radiant, soft and moisturized but not greasy. To take this to another level, try adding the Capture Totale One Essential serum into your routine. Using the serum under the night cream will produce dramatic results. I couldn’t believe how much nicer my skin looked after just one night of combining these two products.",skin like velvet,,,,,P375354,Capture Totale Intensive Night Restorative Crème,Dior,175.0
2122053064,5,1.0,,0,0,0,2022-12-22,I love how luxurious this oil feels!! Also it’s super hydrating so I use it almost like slugging as my last step at night three times a week and I love how it locks everything in and it doesn’t just sit on top of the skin it soaks in. I like that it is t heavily fragranced as well.,,lightMedium,brown,combination,,P504016,Mini Evening Primrose + Green Tea Algae Retinol Face Oil,MARA,66.0
1894283127,4,1.0,0.0,1,1,0,2019-10-21,"I really like the high gloss of the crystal ball roller gloss with out the stickiness. When applied I am able to taste and smell a hint of rose.   Once, the shine of the gloss has left your lips you still feel the hydration in your lips that last for hours.  No need to keep re-applying the product several times a day.  I only gave it 4 stars because after using it for a day I had to carefully remove the roller ball and but it back in to get enough product to come out.",Great Glossy Shine and long Last Hydration.,lightMedium,hazel,normal,brown,P449102,Crystal Ball Roller Gloss,INC.redible,12.0
11024407382,5,1.0,0.6666669845581055,3,1,2,2022-04-27,"I never used the original formula so I don’t have anything to compare to…that being said I’ve bought this twice now. Keeps acne under control for me, I ran out and my skin started acting up. it soothes my skin and I love the healthy, mattifying effect. It’s very thick so you only need a little. I rub it on dry skin like a mask then activate it with water really taking time to work it into my skin and rinse. Noticed a difference  when I used this after being out of it for a while.",2nd time purchasing,lightMedium,hazel,combination,brown,P469448,Purifying Gentle Foaming Cleanser with Salicylic Acid,Clarins,30.0
994905285,5,1.0,0.75,8,2,6,2020-12-14,"Yup, a year or so later, I finally tried it.  This rich-yet-watery treatment is very good.  Doesn’t leave any film (even when doing a few ’skins’ with it) and give a radiant shine to my face.Perfect for seasonal dryness and sensitivities, or to soothe after retinols or other actives.  The mini is going to last a long time, too.","Plump, Glowy Skin",fair,blue,dry,blonde,P459116,Mini Cream Skin Toner & Moisturizer,LANEIGE,15.0
6276967709,5,1.0,,0,0,0,2023-03-12,"This is great if you’re looking to firm and hydrate your skin! The thick consistency makes your skin feel hydrated and moisturized. After a few uses, I noticed my skin looking visibly firmer! A must have for youthful looking skin",,light,brown,normal,,P505047,High Performance Face Serum with Vitamin C and Hyaluronic Acid,MACRENE actives,195.0
1791953270,5,1.0,0.2631579935550689,19,14,5,2022-01-15,"I love take care of myself at the comfort of my home. And if you’re like me, let me show you my new bestie!!! It’s helping me a lot to have amazing professional microdermabrasion treatments results at home! Im talking about the Personal Microderm Elite Pro!The TruTier™ technology combines variable vacuum suction and tri-speed capabilities to provide the most customizable microdermabrasion treatment on the market!I’m using it once a week, because it promises: “Weekly treatments reduce the appearance of fine lines and wrinkles, blemishes, and enlarged pores.” And even with a few uses I can notice my skin more beautiful!Let me tell you another impressive thing: “Personal Microderm removes the top layer of dead, dull skin cells. Once this barrier is removed, skin care products can penetrate 20X deeper maximizing the benefits of skin care.” Like a dream!!! Loving it!Have you ever used something by @pmdbeauty?",Amazing!,light,brown,combination,blonde,P467969,Personal Microderm Elite Pro,PMD,299.0
12509113480,5,1.0,,0,0,0,2022-12-21,"I have used this for a while.  It is very good for keeping the skin young. It makes my skin feel soft and hydrated. Retinol can irritate your skin, at first you start using it 3 times a week and then increase to every day.  It’s really good for your skin, you just have to be willing to stick with it.",,lightMedium,brown,combination,blonde,P504016,Mini Evening Primrose + Green Tea Algae Retinol Face Oil,MARA,66.0
2387891900,2,0.0,1.0,1,0,1,2022-03-05,"Meh. Basically just squalene, could’ve got it for cheap from the ordinary. Eye cream had a finger amount missing when arrived, half empty. I should’ve gone for the glow recipe fruity starter kit.",Half eye cream missing,light,brown,dry,brown,P480278,Rapid Radiance Set,Biossance,35.0
7714906159,5,1.0,1.0,1,0,1,2023-03-07,This set is fabulous. All of the products are perfection for my combo skin. My makeup goes on wonderfully with all three products in this case. I will definitely be purchasing all three in the future.,Best serum!!!,light,blue,combination,blonde,P504848,Resveratrol-Lift Ultimate Firming Set,Caudalie,84.0
23733981311,5,1.0,1.0,10,0,10,2019-09-03,"toner is so important to my skincare routine both in the morning and evening, and this stuff really goes above and beyond. the price is reasonable, it doesn’t burn or irritate my sensitive skin, i also love the smell. this toner is great for balancing the pH of my skin after i cleanse and before i use moisturizer and/or serum. my skin has stayed clear since i’ve been using it in the morning and evening. Mario Badescu remains one of my favorite brands!",great addition to my skincare routine,fairLight,blue,combination,brown,P444615,Witch Hazel & Rosewater Toner,Mario Badescu,14.0
24507457340,5,1.0,,0,0,0,2023-03-14,Me encanto deja mi piel muy sana y refrescante con un acabado radiante la siento más sana y más hidratada es una de mis cremas favoritas ya que se acomoda Perfecto a mi piel y la regenera cuando la tengo seca,Love it,fair,brown,combination,,P505047,High Performance Face Serum with Vitamin C and Hyaluronic Acid,MACRENE actives,195.0
1487462289,5,1.0,0.8888890147209167,9,1,8,2020-06-12,"Safe and natural self-tanning. Used daily for three days, lasts more than one week.",,light,green,combination,blonde,P441645,Sunless Tan Firming Lotion,COOLA,46.0
5517913410,5,1.0,,0,0,0,2023-01-03,I love how this makes my skin feel. So moisturizing. Not greasy whatsoever. I’ve seen a difference in how my skin feels. My forehead is usually dry and the rest more on the greasy side.  Makes it more balanced.,Love,,brown,combination,,P504016,Mini Evening Primrose + Green Tea Algae Retinol Face Oil,MARA,66.0
26179023356,5,1.0,0.925000011920929,40,3,37,2020-09-26,"I absolutely LOVE this. I wasn’t sure how well it would actually make a difference in de puffing my eyes and getting rid of my bags, but it really makes a difference. Plus it’s been helping if I have a sinus or tension headache!!! So worth it!",LOVE IT!!!,light,green,combination,blonde,P447604,De-Puffing Jade Eye Treatment Tool,Mount Lai,30.0
8070207414,5,1.0,0.875,16,2,14,2020-11-23,Patience is key. I’ve used many different products to remove my acne scars and was never able to Find a successful product. I’ve been using this for a few weeks now and I can see a difference happening already. I highly recommend!,,light,brown,normal,brown,P453822,Dark Spots No More Triple Acid Spot Minimizing Concentrate,Dr. Brandt Skincare,71.0
22634693067,5,1.0,1.0,7,0,7,2020-03-27,"This gloss is great, it has the lightest lightest hint of a rose smell, its not sticky and heavy, and the crystal has a nice cooling effect.",great,lightMedium,hazel,combination,black,P449102,Crystal Ball Roller Gloss,INC.redible,12.0
5287611495,5,1.0,,0,0,0,2023-03-14,"I’ve been using this now for a couple weeks on my retinol nights and I’ve been loving it to so far. I have dry skin, so I worried it might further dry my skin but surprisingly it’s quite moisturizing. I’ve noticed my skin looks much more smooth and it absorbs easily. I’ll definitely want to use it longer period of time to see long term effects.",,,brown,dry,black,P504637,Equilibrium Resurfacing Retinoid Treatment,Hourglass,110.0
7225483115,5,1.0,1.0,7,0,7,2020-02-11,"i use this every day and it leaves my skin smooth and plump! i absolutely love it. as a broke college kid, good skincare is hard to find and this fits the bill",cheap and incredible,medium,brown,normal,brown,P447597,100% Organic Virgin Chia Seed Oil,The Ordinary,8.5
253868318,5,1.0,1.0,6,0,6,2021-09-29,"I have oily, sensitive skin and this is by far the best moisturizer with sunscreen I have found. It has a nice light tint and keeps my face matte for hours. I have never had luck with chemical sunscreen, so I love that this a mineral option. I will buy this again and again.","Must for oily, sensitive skin",fair,hazel,oily,brown,P469524,RESIST Super-Light Daily Wrinkle Defense SPF 30,Paula's Choice,37.0
2726395493,3,0.0,1.0,54,0,54,2020-06-12,"Firmer, plumper caught my attention. I’ve used this duo well over a month now. Sorry to say, no such luck. Purple cream is dense and thick but easily spreads out and is moisturizing. I wear it at nighttime mostly. Some days I do apply it to cheeks before makeup. The white cream I was most excited about. I slather it on day and night applied to jaw area and jowls moving it upwards hoping that it will firm that area. No difference, unfortunately. I do like the consistency of the white cream. Very smooth. I think I’m beyond the point of such miraculous transformations! It may work for you if younger and used consistently but not for me. I’ve noticed 0 results thus far.",,lightMedium,brown,combination,brown,P448565,Clinique Smart Clinical MD Multi-Dimensional Age Transformer Duo Resculpt + Revolumize,CLINIQUE,74.0
5783583181,4,1.0,,0,0,0,2023-03-14,I received this product complimentary from Hourglass in exchange for my honest review. I really enjoy this Equilibrium line from the brand and I was curious about the Retinoid Treatment. Having sensitive combination skin I was pleasantly surprised to see how well my skin tolerated this product. I have incorporated it into my nighttime skincare routine and I have been using it every other day. I did notice slight improvements in my skin’s texture and I can’t wait to see more results in the long-term.,A nice Retinoid Treatment for sensitive skin,,green,combination,auburn,P504637,Equilibrium Resurfacing Retinoid Treatment,Hourglass,110.0
5563180781,2,0.0,0.5,2,1,1,2021-04-15,"I got the medium color for my light skin, hopped on the tiktok face to try this. At first I thought wow it’s perfect, but midday after putting it on last night it’s starting to look orange. It also has a strong tan chemical smell to it and tastes really bad. It’s clear like water when sprayed on so make sure to rub it in really well and wash your hands afterwards. I wouldn’t buy again bc i can’t stand the smell and taste of it on my hands especially.",not worth the hype,light,brown,combination,auburn,P459140,Self-Tanning Water Refill,Isle of Paradise,24.0
6417184692,5,1.0,,0,0,0,2022-04-25,This is soo good and the price too! It really does clean the face without drying it and you only need a little,,lightMedium,,dry,,P482007,Dewy Glow Jam Cleanser with Jeju Cherry Blossom,innisfree,13.0
10624076719,5,1.0,0.9285709857940674,14,1,13,2020-03-24,I love this kit everything you need! I have an obsession with retinol and this murad kit is in my top three. My favorite being the Sobel skin 4.5% retinol. I use this kit about 2 nights a week. I’ve never really tried a murad product i didn’t like.,,fairLight,hazel,combination,brown,P454514,"Youth Renewal Retinol Trial Kit for Smoother, Younger-Looking Skin",Murad,59.0
22817010097,4,1.0,1.0,2,0,2,2022-11-04,"I received it from top box circle as a #freeproduct      I used both night an day cream. And I love it. After few days of use, I felt my skin more soft and hydrated. I need to use more time to se the results in my fine wrinkles. It’s has excellent texture, does not leave the my skin oily. Also it has nice scent. I high recommend.",,,hazel,combination,,P501566,Super Restorative Anti-Aging Day Moisturizer,Clarins,132.0
10690040573,5,1.0,,0,0,0,2023-03-04,"I received this product complimentary from Hourglass. This is a beautiful lightweight treatment that has really improved the appearance of my dark spots and hyperpigmentation. My fine lines and wrinkles are also less visible. It is very gentle on my combination to dry skin and feels very lightweight and hydrating. My skin looks more plump, brighter and smoother. I highly recommend this beautiful treatment!",Perfect for my aging skin,light,brown,combination,blonde,P504637,Equilibrium Resurfacing Retinoid Treatment,Hourglass,110.0
5595971730,1,0.0,0.5454549789428711,11,5,6,2020-06-07,I really wanted to like this product cuz I read the reviews but I have dry combination skin and I use this twice a day and I found that my skin was very dry I had to stop using :(,Wanted so bad to love,mediumTan,,combination,,P448562,Barrier+ Foaming Clay Cleanser,Skinfix,32.0
20241545218,5,1.0,1.0,1,0,1,2022-09-09,This is an amazing lemonade smoothing scrub..I have tried many but nothing beats ths one.Skin is so soft and supple after using this,My new routine,mediumTan,brown,combination,black,P471566,Mini Lemonade Smoothing Scrub,OLEHENRIKSEN,18.0
2156291985,5,1.0,0.875,8,1,7,2020-09-20,Cleans without stripping. I have bought this a couple times now,Cleans without stripping,light,green,combination,blonde,P448710,pores no more Pore Purifying Cleanser,Dr. Brandt Skincare,38.0
24113102011,1,0.0,1.0,4,0,4,2020-04-28,"Does absolutely nothing. I have tried this multiple times and whenever I use it, I break out. It doesn’t feel hydrating and I don’t notice any benefits. If I use it over make up, it does make my make up more dewy, but leaves my skin very sticky to the touch.",,medium,brown,dry,brown,P440483,"Facial Spray with Aloe, Cucumber and Green Tea",Mario Badescu,7.0
5083565054,3,1.0,1.0,1,0,1,2022-06-16,"Gentle on sensitive skin and good ingredients, but weird smell — kind of plasticky. Used this in the shower and it did the job, but nothing exciting.",,mediumTan,brown,normal,black,P454315,Milk Cleanse Gentle Foaming Cleanser,Moon Juice,32.0
30524071946,3,1.0,1.0,1,0,1,2022-01-10,Love the serum and eye cream. however the moisturizer is not hydrating enough. would definitely buy the individual serums again though.,not for dry skin,fair,green,dry,blonde,P454514,"Youth Renewal Retinol Trial Kit for Smoother, Younger-Looking Skin",Murad,59.0
5057055907,5,1.0,0.857142984867096,7,1,6,2021-04-21,On my second bottle!! Best spf i’ve tried for combo oily and acne prone skin. I still use a moisturizer before putting this on because it dries to a natural matte finish. I’ve convinced my boyfriend who has normal to dry skin to use this and it works for him as well,,lightMedium,brown,oily,brown,P469524,RESIST Super-Light Daily Wrinkle Defense SPF 30,Paula's Choice,37.0
2734567064,1,0.0,1.0,2,0,2,2021-05-25,I bought this hoping that it would be matte but no and then it piled up and it was the only thing on my face worst waste of money!,piled up,lightMedium,hazel,combination,brown,P471064,Max Matte Shine Control Sunscreen Broad Spectrum SPF 45,Peter Thomas Roth,38.0
2801275371,5,1.0,1.0,4,0,4,2023-01-23,Gives great coverage and not oily at all.  I don’t wear a ton of makeup but this sunscreen does a good job being a light layer of “lazy girl foundation.” I’m light/olive skinned so it works for me but I don’t see this working for every skin tone. It blends well but because this is a mineral sunscreen it needs to be rubbed in more than the Supergoop Unseen Sunscreen. I love that one too but Unseen Sunscreen is more like a clear silky makeup primer.,Love. #1 Daily Go-To Sunscreen.,fair,brown,combination,,P476733,Mineral Mattescreen Sunscreen SPF 40 PA+++,Supergoop!,38.0
24167676964,5,1.0,1.0,17,0,17,2020-01-13,I’ve only had this product for a little while know and I’ve already seen a change in my skin! I suffer from hyperpigmentation as well as acne new scars and they are already starting to fade! This stuff is a life saver.,,rich,brown,oily,black,P453822,Dark Spots No More Triple Acid Spot Minimizing Concentrate,Dr. Brandt Skincare,71.0
8304516536,1,,0.2222220003604889,9,7,2,2016-06-13,"Hard to get out of the shaker,  You have to shake it so hard and after shaking it into your hand, half of it is wasted.",Horrible product,,,combination,,P404232,DermalQuench +Retinol Advanced Resurfacing Treatment,Kate Somerville,110.0
1363385504,1,0.0,,0,0,0,2021-12-25,"I read all the new reviews and thought I’d still give it a try even though everyone said it was awful. They weren’t wrong. This new formula is terrible. This “foaming” cleanser does nothing it promises. As someone else commented, gone is the squeaky clean feeling I had after every wash from the prior formula. Whereas I used to need a pea sized amount to get a good lather, I use about a quarter size amount and still no lather. Also, after about a week of being open, the formula has started to come apart. I know that doesn’t do a good job of explaining it, but it’s become runny and separates in my hand. I called Sephora and got a full refund. I do not recommend this at all. Really disappointed with Clarins for changing their formula. I know why they did it, but they failed miserably. Going to switch brands now. Would have been loyal for life!",disappointing.,mediumTan,brown,combination,brown,P469448,Purifying Gentle Foaming Cleanser with Salicylic Acid,Clarins,30.0
9196796774,5,1.0,,0,0,0,2023-03-21,"Gifted by MARA, their Volcanic Sea Clay Detox Masque feels so luxurious on my skin. Every time I use it, I wake up the next day with super clear and refreshing skin. My nose is prone to blackheads and I’ve seen an overall improvement as well.",Great clay masque!,fair,brown,combination,,P504040,Spirulina + Ashwagandha Volcanic Sea Clay Detox Masque,MARA,54.0
33489595471,2,0.0,0.5,8,4,4,2021-11-12,I wanted to purchase a new sunscreen since I ran out out of mine..I was recommended this by and employee I tried it the next day but it was a no for me. It left a white cast on my face I had to wash it again. It made my face more oily. It almost felt heavy on my skin and made me break out.,,mediumTan,brown,combination,brown,P476733,Mineral Mattescreen Sunscreen SPF 40 PA+++,Supergoop!,38.0
9888314183,5,1.0,1.0,4,0,4,2021-11-03,"this product is amazing. i have very oily skin, and no other primer was able to keep that matte look on my skin. With this sunscreen i was able to keep my makeup intact on a 6 hour flight, i definitely recommend if you have oily skin. I hope this becomes available in stores in Canada, i am truly obsessed !!!!!!!",BEST SUNSCREEN/PRIMER EVER !!!!,lightMedium,brown,oily,black,P476733,Mineral Mattescreen Sunscreen SPF 40 PA+++,Supergoop!,38.0
6139220105,5,1.0,0.8823530077934265,17,2,15,2022-01-14,"This product gives my face an instant glow! I use it with a gua sha.  I’ve also used it on my curly, hair with anti-frizz success!",,fairLight,green,combination,brown,P447597,100% Organic Virgin Chia Seed Oil,The Ordinary,8.5
1329188072,5,1.0,0.9523810148239136,21,1,20,2018-01-21,"I have yet to find a sheet mask I love more than this one. If the price didn’t make me want to bang my head against a wall I’d do a Kim K. who rubs La Mer all over her body and use this at every chance I got and perhaps make a body mask out of the sheets!Honestly, all around this mask does it all. I don’t have acne, so that’s one of the few fix-alls I’m not sure this mask solves - but boy does it make your skin GLOW! I’ve used 2/4 of the masks and the first I used on a 10  hour flight home for Christmas. I was stressed and I normally just pop on my Dr. Jart hydrating mask but I wanted to splurge and finally test this out (I’d used some samples of Tatcha before and always been amazed). It did not disappoint, I woke up (face mask still on, whoops!) in NY and my face (not my hair or my clothes) looked like I’d been on a spa holiday. I looked like I’d slept through the whole flight and my skin was dewy for the next two days!The next time I used the mask was just on a normal Sunday during a bath (with Fresh’s lemon bath soaks) and while obviously the bath helped open the pores, I took the mask off and was just amazed at how refreshed my skin felt. It was smooth, moist, and glowing. I don’t know how Tatcha does what they do, I wish they’d lower their prices so I could splurge more regularly! But man they’re so worth every penny. Is this what La Mer devouts feel like? Tatcha can do no wrong and even their sheet mask proves it!",The best sheet mask - 10/10,fairLight,blue,combination,brown,P399622,Luminous Deep Hydration Lifting Mask,Tatcha,95.0
6663640315,5,1.0,,0,0,0,2023-03-07,"This set is incredible! Especially the indigo cream and the eye balm! My skin looks fantastic,thanks to tatcha. I wish I tried sooner.",A must have,lightMedium,brown,combination,brown,P504303,Strengthening Nighttime Ritual Set,Tatcha,95.0
2531954351,4,1.0,0.953487992286682,43,2,41,2020-04-16,"AMAZING! I have very dry lips and nervously bit them as well, more often than not my lips look a mess. Been searching for something that repairs the broken skin and this works beautifully. Smells great and the formula is unique. Not too liquidy, not too sticky. Just right. The shine is beautiful too!",,deep,brown,combination,black,P449102,Crystal Ball Roller Gloss,INC.redible,12.0
1855802170,5,1.0,,0,0,0,2022-12-27,This face is everything that’s luxurious and more! It is so extremely hydrating and doesn’t leave a sticky or greasy feeling at all. It sits so well underneath my makeup and it mixes great with my other skincare products!,,,brown,combination,,P504026,Mini Algae + Moringa Universal Face Oil,MARA,40.0
11223914992,5,1.0,,0,0,0,2022-07-26,"I’ve recently been dealing with a lot of dry patches on my face for the last couple of months, especially around my nose and mouth, so I’ve been trying many different to help hydrate those parts. This product worked wonders for my dry patches. After just one use my face felt and looked my hydrated and supple.",,light,brown,oily,black,P501024,Hydrating Active Roller with Hyaluronic Acid,FaceGym,70.0
9290460825,2,0.0,0.0,2,2,0,2022-07-23,"Personally not for me. Dealt with pilling and overall, it just felt uncomfortable on top of my skin and a little sticky.",,lightMedium,brown,combination,brown,P469524,RESIST Super-Light Daily Wrinkle Defense SPF 30,Paula's Choice,37.0
1434100797,4,1.0,,0,0,0,2023-01-06,"I have been using Vitamin C products during the day for years. After reading about this product, I was intrigued to try it. It is an oil type texture yet it absorbs in to your skin very well and gives a phenomenal glow! After continued use, I am a fan!",,,brown,dry,,P504016,Mini Evening Primrose + Green Tea Algae Retinol Face Oil,MARA,66.0
22846738502,3,0.0,0.0,5,5,0,2020-05-23,"It’s ok, but if your main goal is a peel off mask, look elsewhere.",Not a Peeling Mask,fair,blue,oily,brown,P446820,Grapefruit Peeling Mask - Skin Perfection,SEPHORA COLLECTION,8.0
1689307223,5,1.0,1.0,5,0,5,2019-09-13,"I love it! Love the glass bottle and all of it’s hocus pocus. It’s a pretty little thing to carry in your clutch and the gloss is just right, subtle scent and no weird taste.",,light,hazel,combination,brown,P449102,Crystal Ball Roller Gloss,INC.redible,12.0
20180709238,5,1.0,0.6666669845581055,6,2,4,2021-11-13,"I have so much trouble with face sunscreens, and because there are many bad reviews for this one, I thought I might leave my opinion! I like everything about it, including the texture and lack of white cast. Mineral SPF is my favorite because I have easily-irritated eyes, and I’ve tried so many that look terrible and just sit on the skin like paste. (I’m white, with light-medium, warm olive skin.) It has the effect I’ve often hoped tinted moisturizers would have, and sits well under my concealer all day. No complaints here. :) it does also hold up under a mask.",,light,hazel,combination,blonde,P476733,Mineral Mattescreen Sunscreen SPF 40 PA+++,Supergoop!,38.0
6595401707,4,1.0,0.8999999761581421,10,1,9,2021-10-07,"I have combination skin, and I’m in my 30’s so I am starting to dry out. I made the mistake of using this once a day and it definitely dries my skin. It’s a great product, it definitely cleans my skin well and my pores are more clear and tight. But if you’re in my situation, I would use it maybe 1-3 times a week to get a good clean and keep the oil at bay, while warding off dryness.",Works well!,fair,blue,combination,blonde,P448562,Barrier+ Foaming Clay Cleanser,Skinfix,32.0
1354934995,5,1.0,1.0,2,0,2,2020-11-09,"I thought this was a peel OFF mask, but it’s a skin sloughing mask! Still really great, makes my skin so soft and you can’t beat the price!!",,light,brown,combination,brown,P446820,Grapefruit Peeling Mask - Skin Perfection,SEPHORA COLLECTION,8.0
8467005977,5,1.0,1.0,1,0,1,2021-02-21,"I love that it’s mineral because my skin is very particular about the types of chemical sunscreen I use. I like the tint, it’s my skin tone which is nice so it adds some coverage. I layers well when I wear makeup. I will say, you should let it dry down if you wanna apply anything on top. It blends well. I’ve been using it for about a year now & I love it soo much!!! I’m afraid to try other products because this one just works so well for me",A good sunscreen,light,green,combination,auburn,P469524,RESIST Super-Light Daily Wrinkle Defense SPF 30,Paula's Choice,37.0
5337951861,5,1.0,,0,0,0,2023-02-21,"I love that this came with the full size for most of the products. The hat, socks and tote are super cute and it’s been fun trying out the different routines they recommend, that come printed on the inside of the box.",Loving this fault!,,brown,combination,,P501474,The Youth Vault: 13-Piece Vegan Skincare + Apparel Set,Youth To The People,340.0
6319968577,5,1.0,1.0,3,0,3,2018-07-17,I love this product! I was having problems with breakouts really bad over a couple months and ever since using this I have not broken out at all! It works to fight acne! It also leaves my skin really soft and smooth overall. Ive never used any product like this or that Ive seen such drastic results on my skin. Very grateful. Very worth the money.,,deep,brown,combination,black,P404232,DermalQuench +Retinol Advanced Resurfacing Treatment,Kate Somerville,110.0
5735173963,5,1.0,1.0,3,0,3,2022-02-20,"Hydrating for sure, great to use it right before a serum! The Jasmine mist is refreshing.",,mediumTan,brown,combination,black,P481401,Hydrating Jasmine Mist - Royal Refresh,RANAVAT,45.0
5435340925,5,1.0,1.0,1,0,1,2021-02-15,"I live in a dry, cold climate so got this for the winter. While it’s definitely not enough alone, it’s a great toner step to add some extra moisture! I thought this small bottle was a great size (still haven’t run out) and loved the product. I’d consider a full size bottle for next winter, but also think the small one would do!",Good product to add moisture!,fair,brown,dry,brown,P459116,Mini Cream Skin Toner & Moisturizer,LANEIGE,15.0
5714819625,5,1.0,,0,0,0,2021-09-21,Love this cuz it feels like it cleans well but doesn’t strip my skin,,fair,brown,normal,black,P454315,Milk Cleanse Gentle Foaming Cleanser,Moon Juice,32.0
22498360324,5,1.0,,0,0,0,2023-03-16,"I Love using this serum! It works really great, I use it on my face and my hands and have noticed brighter skin. It also helps reduce the look of my fine lines. It absorbs really quickly without any tackiness or stickiness.",This serum is amazing!!,fair,blue,combination,,P505047,High Performance Face Serum with Vitamin C and Hyaluronic Acid,MACRENE actives,195.0
8866140095,1,0.0,1.0,2,0,2,2019-06-03,"It felt nice for a few seconds after application, however immediately after that it started to burn which was very unusual. I have sensitive skin which is probably why this happened, but I’ve returned this for a Drunk Elephant C-Tango which seems to be working better!",Burning sensation after application,medium,brown,combination,black,P429676,Hydra Life Cooling Hydration Sorbet Eye Gel,Dior,60.0
13005314098,5,1.0,,0,0,0,2023-03-08,I have dry rough skin. it has intense hydration this cleanser texture is like jelly melty creamy type; it melts on skin and not foaming but has Rose Fragrance which i like it most i would recommend this cleanser who’ve dry rough skin.,Jelly Hydration,lightMedium,brown,normal,black,P504524,Milky Jelly Gentle Gel Face Cleanser,Glossier,19.0
25850127214,4,1.0,1.0,3,0,3,2020-04-16,I love the product but the sprayer is very bad. I wanted to use this product as a setting spray after my makeup so I poured the product into a different spray bottle and I was able to use it just fine after that. If you plan on using it as a moisturizer or primer before any makeup application it’s amazing. It leaves my skin hydrated and dewy.,Great product bad execution,medium,hazel,dry,brown,P447607,Rose Milk Re-Hydrating Mist,Lancôme,30.0
8304519290,5,1.0,0.8181819915771484,11,2,9,2020-03-07,"Just wow! Over the last year or so, I have really neglected my skin and it was starting to show. I’ve been blessed to never look my age, but I was starting to. I saw a selfie and it was alarming. I purchased this as a tester because the eye cream can be used on the lid. They are small but perfect to trying it out with the commitment of the full size. All I can say is WOW! I started slow, but I have been blown away with the results. I use the eye cream around my eyes, in between my eyes and around my laugh lines. Within 3-4 weeks, I have seen noticeable improvements. I am very much impressed. This is a great way to test it out and not break the bank. Even though they are small, a little goes a long way and it will last.",I’m impressed!,fairLight,blue,combination,brown,P454514,"Youth Renewal Retinol Trial Kit for Smoother, Younger-Looking Skin",Murad,59.0
5257507996,5,1.0,,0,0,0,2022-12-21,"Detox/clay masks usually irritate my skin and dry me out, but this one is so hydrating and luxurious. My skin feels so clean and soft after using - and I notice a big different the next morning. I also love the color and smell, truly a spa experience.",Best Face Mask I've Ever Tried,light,,dry,,P504040,Spirulina + Ashwagandha Volcanic Sea Clay Detox Masque,MARA,54.0
35487389713,5,1.0,1.0,2,0,2,2022-02-22,I’m a somewhat new user to Biossance and have been using it for a about two months now. The results for me have been great! I’ve narrowed down my favorite products to what is exactly in this set. The size of the set is perfect to give the products a try without spending too much money and also for giving it as gifts to my friends and family since I believe in the products and the company so much.,,light,blue,combination,blonde,P480278,Rapid Radiance Set,Biossance,35.0
11109420515,5,1.0,1.0,1,0,1,2019-10-27,The Crystal Ball Roller Gloss is my favorite of the INC.REDIBLE lip products. It has a light rose scent but I did not notice a flavor. It applies glossy and provides moisture. I had no issues getting the rollerball started or using it.,Glossy hydration,light,green,combination,brown,P449102,Crystal Ball Roller Gloss,INC.redible,12.0
2027044764,2,0.0,0.6666669845581055,3,1,2,2020-08-06,"Not an acid peel, not a type of mask you peel off. The instructions on the bottle says 3 minutes (which is laughable for an acid peel), the website says 10. No details anywhere on if it has an AHA content, which would be necessary for an acid peel. There’s much more effective products out there for the same price.",Don't Waste Your Money,fairLight,blue,combination,auburn,P446820,Grapefruit Peeling Mask - Skin Perfection,SEPHORA COLLECTION,8.0
5120082164,4,1.0,0.5789470076560974,19,8,11,2020-07-21,"I hope I love this, I just ordered it. I didn’t want to pay the $27 for the mist, but I decided to compare ingredients. THEYRE EXACTLY THE SAME, like exactly. So for $15 mini, I’m gonna pour it in a nice fine mist sprayer and spray away.",,light,blue,dry,brown,P459116,Mini Cream Skin Toner & Moisturizer,LANEIGE,15.0
2859018060,5,1.0,,0,0,0,2023-01-02,A lovely light facial oil that absorbed in very quickly and didn’t leave my skin oily. My skin felt more supple and soothed after using and I love that it’s all natural ingredients that don’t cause irritation.,,,brown,normal,black,P504026,Mini Algae + Moringa Universal Face Oil,MARA,40.0
6252474882,5,1.0,,0,0,0,2023-02-28,"I’m in love with Moon Juice! I worry about getting enough antioxidants in my diet, so these supplements are great. I’m also happy they contain vitamin E! A strong ingredient list for sure. I’m super excited to see results from these!",,medium,brown,combination,black,P457002,SuperBeauty Daily Antioxidant SkinSupplement,Moon Juice,60.0
11273998972,5,1.0,,0,0,0,2023-01-01,"Have been using this face oil for about a week now,  and I can confidently say that it didn’t break me out or cause any irritation! I love how hydrating it is, especially with how dry the weather is right now!",A must-have face oil!,,brown,combination,,P504026,Mini Algae + Moringa Universal Face Oil,MARA,40.0
8085065655,5,1.0,1.0,6,0,6,2022-08-04,"I really like this product, but my only issue is it leaves a slight bit of an ashy look on my skin. But overall this product is great! The Matte finish definitely helps control the oil on my face. I would definitely use this as a primer before applying my makeup. I plan on using the Unseen version which I was told won’t give me the ashy look on first application. I would highly recommend this product.",Love this product,rich,brown,oily,black,P476733,Mineral Mattescreen Sunscreen SPF 40 PA+++,Supergoop!,38.0
2741950821,5,1.0,1.0,8,0,8,2020-08-03,"So I have used the Mario Badescu rose water spray and the glycolic acid toner. Firstly, this product is absolutely different from the spray. The toner provides hydration but also dries leaving skin soft and clean. It’s much gentler than their glycolic acid toner.",soft and clean,light,Grey,combination,blonde,P444615,Witch Hazel & Rosewater Toner,Mario Badescu,14.0
5646158839,5,1.0,1.0,2,0,2,2018-01-25,"This mask does wonders! It deeply hydrates and makes my face feel healthy and glowing. The results last for days! I wish it was not so expensive I will only use it for super special occasions since the  price is so steep. The mask itself is messy and I had to work on getting it to fit just right, but its worth the effort.",Does what it claims,medium,brown,combination,brown,P399622,Luminous Deep Hydration Lifting Mask,Tatcha,95.0
1544983707,2,0.0,1.0,2,0,2,2021-02-13,"I have sensitive skin with rosacea and occasionally have blepharitis or rosacea infections in my eyes. The skin around my eyes has become more sensitive in the past year or so, and my usual eye cream was stinging my eyes. After trying several others (which also stung my eyes), I tried this. It has a lovely texture and faint pleasant scent and goes on smoothly. It makes my eyelids feel soft for a couple of hours, but does nothing to reduce the look of fine lines, puffiness, and darkness. After a couple of hours, even the softness of my eyelids is gone. A new search begins...",,fair,green,combination,blonde,P457519,Water Drench Hyaluronic Cloud Hydrating Eye Gel,Peter Thomas Roth,43.0
21316621099,5,1.0,,0,0,0,2022-10-27,I use this when I’m able to have time and relax. This is a classic face mask and helped my skin be running normally. I apply a little since this product a little goes a long way and rinse off after. It gives me extra moisture for the night! Its a soft and smooth product!,Moisture BOOST!,fair,brown,dry,black,P448711,Face Mask,Dr. Barbara Sturm,125.0
8274119283,1,,0.6153849959373474,39,15,24,2016-06-28,"No difference in my skin after this ultra expensive mask. Would consider the cheaper ones like sephora, or even drugstore ones.I have tried them all and this one was a complete disappointment",No different from any other $4 mask,,,,,P399622,Luminous Deep Hydration Lifting Mask,Tatcha,95.0
5405805062,5,1.0,1.0,1,0,1,2020-12-29,"I purchased it because it was a sale on sale. I am surprised how great it is. Not sticky, feeling very light on the lips, and giving a juicy appearance! I Love it and will purchase again in the future.",Can’t Believe It is That Good,lightMedium,brown,normal,black,P449102,Crystal Ball Roller Gloss,INC.redible,12.0
21168661767,5,1.0,,0,0,0,2022-06-30,Odeur légère et agréable. Laisse la peau douce après le nettoyage. Je l’adore,Adopté,fair,blue,combination,blonde,P482007,Dewy Glow Jam Cleanser with Jeju Cherry Blossom,innisfree,13.0
5627185087,5,1.0,1.0,1,0,1,2022-08-24,Absolute love this set!!  My favorite product in this set is the rose oil.  The rose oil makes my skin glow!!  The night serum reduced the size of my pores and improved the texture of my skin within a week. The day moisturizer is light and plumped up my skin.  Highly recommend this!,,lightMedium,blue,normal,blonde,P480278,Rapid Radiance Set,Biossance,35.0
5253315641,5,1.0,0.0,1,1,0,2023-01-14,"It was as a Christmas gift, my daughter in law is vegan and she loved it ..",,,,,,P480278,Rapid Radiance Set,Biossance,35.0
5974000056,2,0.0,1.0,1,0,1,2021-02-02,Doesn’t come out in a fine enough mist to use as setting spray and when used under makeup is too gooey for makeup to stick. Creates a weird mix of globby product and makeup.,,light,blue,dry,brown,P447607,Rose Milk Re-Hydrating Mist,Lancôme,30.0
9200853312,5,1.0,1.0,2,0,2,2022-02-25,Obsessed with how good this feels on my skin. It’s the smoothest toner I’ve ever used.,A must have,fair,brown,combination,brown,P459116,Mini Cream Skin Toner & Moisturizer,LANEIGE,15.0
6450691519,4,0.0,1.0,2,0,2,2020-07-28,"there is a lot of serum in these things.  they were really nice,  but I didn’t notice much of a difference and they’re kind of expensive for just 6. for me a cream it a better option.",,fairLight,brown,combination,blonde,P437960,Baggage Claim Rose Gold Eye Masks,Wander Beauty,26.0
7737529612,5,1.0,0.9444440007209778,18,1,17,2019-06-13,"Quick and easy mask to use. I love this. It is so cheap and works great. You apply it wait a while then when you wash it off your skin feels amazing. You get more uses then it indicates so it is a great value. Obsessed, highly recommend.",Love it,fair,blue,oily,blonde,P446820,Grapefruit Peeling Mask - Skin Perfection,SEPHORA COLLECTION,8.0
1840071007,5,1.0,1.0,10,0,10,2021-09-25,"I have bought this sunscreen so many times, it is so good! Recommended to me originally by Olena Beley (YouTube). My favorite thing about this is the matte finish, I hate sunscreens that leave my face shiny. I wear a thick layer of this every morning to protect my skin. It is best if you let it sit and sink in for a little bit, especially if you are applying a lot like me. I have medium olive skin and it does have a little bit of a white cast but not terrible. It has light coverage, just enough to make my acne scars and under eye darkness look less pronounced, I like my skin to show through. I just add a little powder bronzer to warm up my face and some blush and I’m good to go for the day. So happy Sephora is carrying this now!",My go to!,lightMedium,brown,normal,brown,P469524,RESIST Super-Light Daily Wrinkle Defense SPF 30,Paula's Choice,37.0
7861910014,5,1.0,,0,0,0,2023-01-05,This face oil is so lightweight yet incredibly nourishing! I really love how plump and healthy my skin looks after using this oil every single morning and I like that it has a non greasy finish so it gets fully absorbed into my skin.,,,brown,oily,,P504026,Mini Algae + Moringa Universal Face Oil,MARA,40.0
6878369952,5,1.0,0.9545450210571288,22,1,21,2020-05-01,"I’m super picky about gloss but I love the texture of this gloss! It’s not sticky AT ALL. The rollerball is very cooling so I love that. The scent is a very very light rose, which I love! A great product all around!",Great texture!,light,Grey,oily,auburn,P449102,Crystal Ball Roller Gloss,INC.redible,12.0
9941223516,5,1.0,0.800000011920929,5,1,4,2022-05-26,"I have probably repurchased this 10 times. This is the perfect sunscreen for my oily acne prone skin. It does not make my skin break out, it controls my oils without making me look flat or dry, and it gives a lovely tint that helps blur imperfections. This is the only product I use on my skin in the morning after cleansing and it’s become my sunscreen/moisturizer/primer/base product all in one. Do yourself a favor and try it!",Holy grail,light,blue,oily,blonde,P469524,RESIST Super-Light Daily Wrinkle Defense SPF 30,Paula's Choice,37.0
1267699759,5,1.0,0.800000011920929,5,1,4,2022-02-11,Love this gradual tanner. It is moisturizing and has awesome color that is t orange at all. I use it every summer for the last few years.,My fav gradual tanner!,medium,green,combination,brown,P441645,Sunless Tan Firming Lotion,COOLA,46.0
7100952703,3,0.0,0.25,4,3,1,2020-08-24,I was really excited about the idea of using something more hydrating than the hydrating toning lotion. I ended up disappointed since I think the hydrating toning lotion is more hydrating than this product. But it doesn’t dry out the skin and didn’t cause any skin irritation.,Works okay but not amazing.,light,brown,combination,black,P459116,Mini Cream Skin Toner & Moisturizer,LANEIGE,15.0
6038366427,5,1.0,1.0,18,0,18,2020-05-06,instant results...my pimples were significantly reduced by the next morning.,,tan,brown,dry,black,P457439,Clarifying Lotion,SEPHORA COLLECTION,16.0
1991382028,5,1.0,0.5,4,2,2,2021-02-25,"Love it! It’s like doing a mud mask and washing my face at the same time. I was worried that it wouldn’t foam because of the mud; when there’s no foam somehow I don’t feel like my face is clean. It doesn’t foam as much as other foaming cleansers (compared to Origins Checks and Balances or Clinique Rinse-Off Foaming Cleanser), but it does foam a little and it certainly leaves my face feeling refreshed. Also love that there’s no strong smell.",Love! Will Repeat.,light,brown,combination,black,P448562,Barrier+ Foaming Clay Cleanser,Skinfix,32.0
6302389691,4,1.0,1.0,3,0,3,2022-01-25,I’ve been shopping around for a good matte sunscreen and found this one to be the most consistent. It’s thick and needs to be warmed up a lot in your hands before application but afterwards it layers great with makeup or just for the beautiful glow you can get from walking in the sun. Good for people who want a lot of coverage and feel it absorb! Peeling skin happens occasionally but usually just reminds me to exfoliate!,,light,hazel,combination,brown,P471064,Max Matte Shine Control Sunscreen Broad Spectrum SPF 45,Peter Thomas Roth,38.0
7965114644,3,1.0,0.25,4,3,1,2021-05-24,"It’s an alright cleanser. It doesn’t necessarily make my face feel clean afterwards, but it does the job and it doesn’t break me out so that’s awesome!",,lightMedium,brown,combination,brown,P471547,Mini Beste No. 9 Jelly Cleanser,Drunk Elephant,16.0
1853743565,4,1.0,0.800000011920929,5,1,4,2022-09-16,Really nice but not a fan of the smell. Leaves skin feeling great. No dry or tightness afterwards. Would use again.,,medium,brown,combination,black,P431416,The Replenishing Oil Exfoliator,La Mer,135.0
2641967340,5,1.0,,0,0,0,2022-04-12,It has a lot of floral fragrance so if that’s something you won’t like smell it in store. It’s a bit strong too the smell. It does leave the skin really clean without feeling dry! Not the best but it’s a good cleanser n I love the jelly sudsy texture of it!,good!,lightMedium,brown,dry,red,P482007,Dewy Glow Jam Cleanser with Jeju Cherry Blossom,innisfree,13.0
1994061311,3,1.0,0.3333329856395721,6,4,2,2021-06-19,He likes it after he shaves but I don’t love it for me as part of a skincare routine,my husband liked it more,lightMedium,green,combination,brown,P459116,Mini Cream Skin Toner & Moisturizer,LANEIGE,15.0
9669298188,4,1.0,,0,0,0,2023-03-01,This is such a nice product! I did not have any purging like I sometimes get with new retinols.  It feels and smells very nice and my skin is left the next day glory and super bouncy! Really excited to see how well it works with more use than a week or 2. Gifted by Hourglass,,light,hazel,oily,,P504637,Equilibrium Resurfacing Retinoid Treatment,Hourglass,110.0
5536583821,5,1.0,0.875,8,1,7,2019-06-14,"So many positives about this product: great tan, comes out in a nice white color so doesn’t stain, smells great and it’s CLEAN! Rare find",,light,green,combination,brown,P441645,Sunless Tan Firming Lotion,COOLA,46.0
5060164185,5,1.0,,0,0,0,2023-02-25,I received this Equilibrium Resurfacing Retinoid Treatment complimentary from Hourglass Cosmetics. I’ve been really pleasantly surprised by Hourglass skincare - it’s gentle yet very effective and this retinoid treatment is no different. I’ve noticed that it’s helped with the texture on my nose and cheeks and make my skin look more youthful and alive.,,fair,brown,combination,,P504637,Equilibrium Resurfacing Retinoid Treatment,Hourglass,110.0
1365180166,5,1.0,,0,0,0,2022-04-30,"LOVE LOVE LOVE! I recently bought too many sunscreens and I find myself using this one EVERY DAY. I don’t wear makeup so the tint really helps even-out my skin and brightens nicely. No pilling, no stinging, no heavy spf smell. A+",love it!,light,brown,combination,brown,P469524,RESIST Super-Light Daily Wrinkle Defense SPF 30,Paula's Choice,37.0
2280076693,5,1.0,1.0,6,0,6,2021-05-02,"THE ONLY sunscreen I can put on my face that doesn’t break me out. I love that it has a slight tint to it so there is no white cast, it does not interfere with makeup application or cause pilling. I’ve used this consistently for 3-4 weeks and I have zero complaints.",New Go-To,fair,green,combination,blonde,P469524,RESIST Super-Light Daily Wrinkle Defense SPF 30,Paula's Choice,37.0
23374022523,5,1.0,1.0,2,0,2,2020-01-20,"I’m really liking this serum, it’s light-weightand I’ve been using it on my morning and night routine. I received this product as a free sample.",Great!,fair,green,combination,blonde,P453822,Dark Spots No More Triple Acid Spot Minimizing Concentrate,Dr. Brandt Skincare,71.0
21992880884,5,1.0,1.0,7,0,7,2020-01-30,You can feel the plum from the first time. My skin look so hydrated and glow. I use it every morning. Highly recommended,,lightMedium,brown,combination,black,P427732,Capture Youth Plump Filler Age-Delay Plumping Serum,Dior,110.0
9313815980,4,1.0,0.5,2,1,1,2019-02-12,If you’re going for a dewy “no makeup” makeup look I totally recommend this. Leaves your face very refreshed and the scent is very light and not too overwhelming. And what it’s worth??? I will def be repurchasing this facial spray,,lightMedium,brown,combination,brown,P440483,"Facial Spray with Aloe, Cucumber and Green Tea",Mario Badescu,7.0
9639489,3,0.0,1.0,13,0,13,2018-10-12,"I was a huge fan of Dior’s previous Hydra Life Eye Gel Sorbet and was extremely disappointed when it was discontinued. I haven’t decided yet whether I’m going to stick with this product or I’m going to start searching for another eye cream when I finish it up. On the plus side it is very hydrating and does feel cool somewhat. I like the applicator solely because it is much more hygenic than putting your finger directly in the product, you just squeeze out what you need and apply it. However, I’m not in love with the feel of the applicator, sometimes it catches on the skin under my eye, which is obviously very delicate. This is the first time I’ve used an eye cream with an applicator, I’ve always stayed away from them, so it may just be a matter of personal preference. If you are looking for a cooling, hydrating eye product with an applicator then I would definitely recommend it, but it’s definitely a different formula than Dior’s previous Hydra Life Eye Sorbet, so if you’re looking for that specific formula like I was, you’re out of luck. Unfortunately.",Much Different Formula,lightMedium,brown,combination,brown,P429676,Hydra Life Cooling Hydration Sorbet Eye Gel,Dior,60.0
7671069705,5,1.0,0.848484992980957,33,5,28,2020-06-14,"Got this as a sample and as soon as I tried it I noticed a difference. I had uneven textured skin, acne scars here and there, large pores, dull skin tone and it seriously was immediately visibly fixed. After I finished the sample, you could see the difference in my skin when I didn’t use it. This truly is magic. I’ve bought it and used it ever since. Amazing product.",MAGIC SERUM,lightMedium,brown,combination,black,P446908,Advanced Night Repair Treatment Intense Reset Concentrate,Estée Lauder,92.0
9292365371,5,1.0,0.857142984867096,7,1,6,2022-10-01,"Literally obsessed. For the longest time I hadn’t been wearing SPF on my face (I know!) but every time I tried a sunscreen it became so oily and was such an unpleasant experience. My sister recommended this to me, raving about how matte it is and how it can be used as a sort of BB  cream even, since it’s slightly tinted and doesn’t leave a white cast, and simply blurs the skin. She was so right, it does all of those things. Pricey but I can’t imagine using any other product now, it’s so soft and smooth. Does at times pill a bit when first putting it on but just pat it out a bit and it’s fine, still very much worth it.Oh and it definitely protects against the sun!! I wore to the beach several days, other areas of my body got burned or tanned but my face was untouched (whereas usually it would also have become red!)","Protects well, stays matte, blurs skin - love!",lightMedium,blue,combination,blonde,P476733,Mineral Mattescreen Sunscreen SPF 40 PA+++,Supergoop!,38.0
1925961721,4,1.0,0.0,1,1,0,2020-02-27,This is my absolute go to. My skin dries so quick and this is the perfect most refreshing spray EVER.  Great for after Im done shoveling the snow or a day in the hot dry sun. It SAVES your skin !,All weather lifesaver,lightMedium,brown,combination,auburn,P440483,"Facial Spray with Aloe, Cucumber and Green Tea",Mario Badescu,7.0
2180462543,5,1.0,,0,0,0,2022-12-21,First of all I  LOVE fancy bottle. It’s  so pretty. I also love the antioxidants rich ingredients. Oil was lightweight  and easily absorbed into my skin leaving  it highly  hydrated and nourished. Definitely  going  to continue using  it for the cold dry winter.,Perfect  for cold dry weather.,light,brown,normal,black,P504026,Mini Algae + Moringa Universal Face Oil,MARA,40.0
1608912070,5,1.0,,0,0,0,2022-12-23,"Great product that leaves you with the youthful glow you e been searching for.  My skin felt plump and hydrated after one night’s use.  Did not leave my skin oily or tacky feeling, absorbed into my skin nicely!  Great product!",A must have!,light,blue,normal,auburn,P504016,Mini Evening Primrose + Green Tea Algae Retinol Face Oil,MARA,66.0
2766082244,4,1.0,0.8095239996910095,21,4,17,2020-05-05,"This mask is great, smell is nice and not overwhelming, texture is great and spreadable, leaves my skin feeling and look hydrated and bouncy. I repurchased when I ran out however my first jar did dry up like hard clay with about two uses left in it. Not sure what that was about but other than that I’m super happy with the product and will continue using!",results,fair,green,dry,blonde,P440500,Super Collagen Mask,Mario Badescu,18.0
966145261,2,,0.857142984867096,7,1,6,2016-12-09,I’ve been using this for about a month 4-5 nights a week along with my usual skincare routine. I can’t say that I see any difference in my skin at all. The Pros-it didn’t irritate my skin and I’m indifferent to the smell. Cons-no noticeable effects. Definitely won’t repurchase,no noticeable difference,,,,,P404232,DermalQuench +Retinol Advanced Resurfacing Treatment,Kate Somerville,110.0
22773944621,5,1.0,0.6666669845581055,3,1,2,2022-05-20,"feels soothing and leaves a dewy glow, when i was using the CeraVe AM moisturizer with spf it would pill up a little bit and leave a tiny bit of a white cast but i sprayed about 3-5 pumps of this on my hands and rubbed it over the white cast and pilling and it got rid of them",,fairLight,blue,combination,brown,P440483,"Facial Spray with Aloe, Cucumber and Green Tea",Mario Badescu,7.0
22811416113,1,0.0,0.6666669845581055,3,1,2,2021-01-26,"Did not do anything for me, very expensive product with no reason to be. Very disappointed.",,light,blue,normal,brown,P433461,Rose Sugar Scrub,Lancôme,34.0
5204769706,5,1.0,,0,0,0,2023-02-12,I love this moisturizer. Smells amazing but not too over powering. Absorbs nice into skin causing no separation. My Paula’s choice sunblock sits nice on top as well.,Perfect for everyday moisturizer,lightMedium,brown,combination,brown,P481971,Hydra Life Intense Sorbet Crème Moisturizer,Dior,85.0
8446644006,5,1.0,,0,0,0,2023-02-15,"The best makeup remover, first cleanse face wash hands down! It’s gentle on the skin. It doesn’t burn your eyes because it contains contact solution. The scent (to me) is heavenly. I’ve purchased at least a dozen of these. Highly recommend!",The best gentle cleanser ever!,light,blue,dry,blonde,P504524,Milky Jelly Gentle Gel Face Cleanser,Glossier,19.0
10755430825,5,1.0,,0,0,0,2022-12-08,"I’ve been using this face mask for years and it is the best mask I’ve ever used. It has a creamy consistency, and is extremely calming and soothing for my skin, as you can see in the photo. It immediately removes the redness from my skin and, when washed off, leaves the skin extremely soft and supple. I like to use this mask after showering and exfoliating with the Sturm Enzyme Cleanser. This is the perfect treat for your skin -- highly recommend! I’ve even gifted one to my mom!",The best face mask out there!,fair,brown,combination,,P448711,Face Mask,Dr. Barbara Sturm,125.0
1373664225,1,0.0,0.6666669845581055,12,4,8,2020-08-08,Break out huge time. Like the original night serum better. This doesn’t add much value.,,lightMedium,brown,combination,black,P446908,Advanced Night Repair Treatment Intense Reset Concentrate,Estée Lauder,92.0
2358092472,5,1.0,,0,0,0,2022-12-10,"I love to use this anytime my skin feels extra dry. It’s the perfect, Immediate fix. I attached a picture of before and after I use this mask. I also will wear it overnight and out in public because it doesn’t have a super intense color so it looks almost like a moisturizer. Love to have this in my kit and use it anytime my face gets sun - I swear it’s like magic.",The perfect hydrating boost,light,blue,combination,blonde,P448711,Face Mask,Dr. Barbara Sturm,125.0
8841740291,4,1.0,1.0,1,0,1,2022-05-10,"Great! Feels refreshing & smells good, like description cucumber & green tea. Not sure if it did anything for my skin unfortunately. I want to try other sprays",,fairLight,brown,combination,brown,P440483,"Facial Spray with Aloe, Cucumber and Green Tea",Mario Badescu,7.0
11057337258,5,1.0,0.8219180107116699,73,13,60,2018-06-28,"I bought this for my mother who suffers from sensitive flaky skin and a gentle scrub is best for her skin. While I was spreading the product on her skin I couldn’t stop thinking how amazingly this product smelled. The consistency is thick and it has the most beautiful pink rose color. The sugar pieces are not very large or coarse and they did an amazing job on exfoliating her skin. Her skin was glowing and baby soft after she washed off the product. The packaging is simple but very pretty to look at. I have to say it again! The scent is phenomenal. For those of you who don’t like scents, this may not be for you. But again the smell aaahhhh I need it bottled up and sold its so soft and elegant! I have already bought one more for my mom and one for myself!",I need the scent this has bottled up and sold!!,mediumTan,brown,dry,black,P433461,Rose Sugar Scrub,Lancôme,34.0
10529332375,5,1.0,1.0,1,0,1,2022-11-23,A great way to try a new skin care routine that’s really nice and pumping and overall very effective for the skin. this is a great way to be able to try new skin care routine with a little bit of everything and just enough to actually see some results I definitely will be purchasing the full-size products!,,fair,hazel,dry,blonde,P483701,Daily Essentials Travel Set,The Outset,50.0
5478651365,5,1.0,,0,0,0,2023-03-11,Amazing got it today on the mail and it was sold mostly to all sephoras i went to... great smell a little goes a long way. Makes your skin feel refreshed,Amazing,medium,brown,combination,brown,P482007,Dewy Glow Jam Cleanser with Jeju Cherry Blossom,innisfree,13.0
10881441774,1,0.0,1.0,10,0,10,2020-01-24,This used to be my favourite Sephora product but the changed formula has ruined it because of the smell!It used to smell amazing and made my skin feel incredible!!!!I’m so incredibly broken hearted they changed it!,Changed Formula,fair,hazel,combination,red,P452004,Rose Hibiscus Hydrating Mist,Herbivore,36.0
8755413200,5,1.0,0.2857140004634857,7,5,2,2022-03-15,Youth Reformer Firming Vitamin C Oil Serum is great! It has an awesome soothing effect and fights signs of aging. I love how it is packed with vitamin C and hyaluronic acid. Also the package is very cute!gifted by FaceGym,Love this serum,lightMedium,green,combination,blonde,P476676,Youth Reformer Firming Vitamin C Oil Serum,FaceGym,110.0
7616104100,5,1.0,0.0,2,2,0,2022-02-15,The omega cream is a literal HG moisturizer and I am loving the lactic acid serum. The rose oil is nice and doesn’t seem to break me out like other oils have.,Nice Set to Try,light,green,combination,brown,P480278,Rapid Radiance Set,Biossance,35.0
2358819881,5,1.0,1.0,4,0,4,2023-01-14,This is a must have for peach fuzz !Shaves unwanted hair effortlessly.,Perfect little secret,,,,,P482312,Facial Razor Set,SEPHORA COLLECTION,12.0
1633172129,4,,0.5,2,1,1,2016-12-12,I love the consistency and moisture level but it had A LOT of fragrance in it. I felt like someone sprayed my facell with perfume.,creamy,,,,,P375354,Capture Totale Intensive Night Restorative Crème,Dior,175.0
5982093694,5,1.0,,0,0,0,2023-01-10,"This was my first experience with Mara and I am impressed. I am 37 and I have really dry skin, so I need oil and retinol! I’ve never tried a retinol both now I am hooked! It didn’t give me any irritation and didn’t dry my skin out! It’s the perfect way to apply retinol for my skin! I will definitely try other Mara products!",The best retinol,light,brown,dry,blonde,P504016,Mini Evening Primrose + Green Tea Algae Retinol Face Oil,MARA,66.0
7286800745,2,0.0,0.6000000238418579,5,2,3,2022-02-21,"I gotta say, for the price tag this sunscreen is so dulling and while it has tint it is eclipsed by the super chalky look it leaves behind. Shake it well and it still just looks very dulling, am disappointed. Some of products are simply amazing. Sadly, This isn’t one of them.",,lightMedium,green,normal,blonde,P469524,RESIST Super-Light Daily Wrinkle Defense SPF 30,Paula's Choice,37.0
1830313499,2,0.0,1.0,25,0,25,2020-04-25,"I purchased this reducing the look of dark spots, mostly age and sun spots. Possibly made a minuscule difference, but for the price and claims did not perform the way I had hoped. Will not be re-purchasing",Dark Spots Still Here!,light,hazel,dry,brown,P453822,Dark Spots No More Triple Acid Spot Minimizing Concentrate,Dr. Brandt Skincare,71.0
5818878010,1,0.0,0.625,8,3,5,2021-11-13,"This left a really weird oily film on my face! I tried it out a couple times, and both times I had to wash with my usual face wash immediately after.",Feels gross,lightMedium,brown,combination,black,P470049,Clearcalm Clarifying Clay Cleanser,REN Clean Skincare,38.0
1288431952,1,0.0,0.0,2,2,0,2023-03-05,"Horrible! It pilled on my face, removing all the skin care products I had applied before it. Perhaps by itself it’s fine, but paired with other serums & moisturizers… just bad.",BAD! Pilled on my face!,fair,hazel,dry,blonde,P476733,Mineral Mattescreen Sunscreen SPF 40 PA+++,Supergoop!,38.0
6732232137,5,1.0,,0,0,0,2023-03-12,"I learned of this product a long while ago (I would argue 7+ years). I could not tell you just how many I have gone though, however it is easily over 15 at this point! I have extremally sensitive skin - this is always the one to keep my skin soft / under control. At least try it once, I hope you don’t regret it!",#1 Personally 1,fair,blue,combination,blonde,P504524,Milky Jelly Gentle Gel Face Cleanser,Glossier,19.0
11581375145,5,1.0,,0,0,0,2023-03-15,"This was my first time trying this high quality of a serum and let me tell you, it works so well! I notice my skin glowing and much more firm. the very fine lines I have on my face seem to be less noticeable cable as well. also it being vegan is a huge plus!! Gifted by Macrene",LOVE THIS SERUM,,brown,oily,,P505047,High Performance Face Serum with Vitamin C and Hyaluronic Acid,MACRENE actives,195.0
1169484903,5,1.0,0.6666669845581055,3,1,2,2021-06-20,Absolutely love. Breakouts are gone. There isn’t a scent to it which is also nice!,,fairLight,blue,combination,blonde,P471547,Mini Beste No. 9 Jelly Cleanser,Drunk Elephant,16.0
22870460422,5,1.0,,0,0,0,2019-04-06,This is an amazing product leaves ur face completely hydrated and fresh,,light,blue,combination,brown,P440483,"Facial Spray with Aloe, Cucumber and Green Tea",Mario Badescu,7.0
29137747164,5,1.0,1.0,9,0,9,2022-05-07,"My skin never felt so good. I was hesitant to spend the amount of money, so this travel size set allowed me to see what all the rave is about without committing. I’m completely sold. All products work amazing and leave my skin with a fresh glow.",worth the dollar,fair,green,combination,red,P480278,Rapid Radiance Set,Biossance,35.0
5589779388,3,0.0,0.9010990262031556,91,9,82,2022-03-16,"Really wanted to love this. I DO think it’s a great, incredibly smooth sunscreen with a bit of tint. But under makeup? Just don’t. This was literally the only thing I did differently in my normal makeup routine, and it made my completely separate and cake in my T-zone. Would probably be fine for someone that doesn’t become oily with makeup on throughout the day. Normally I use Lancôme foundation, Dermablend translucent setting powder and Mac Prep + Fix spray and I get a bit shiny lateen on but it stays smooth looking. I’ll still probably keep this just for the sunscreen, but I’m sad I won’t be able to use this as a primer as it claims it is.","ironically, not for oily skin",light,hazel,combination,blonde,P476733,Mineral Mattescreen Sunscreen SPF 40 PA+++,Supergoop!,38.0
1159210922,4,1.0,0.5,6,3,3,2019-11-03,I love this! I like to use it to freshen my makeup if I don’t have time to redo. I spritz some on and use my foundation brush to smooth out my morning makeup. I look brighter and more awake!,Fresh!,lightMedium,hazel,normal,brown,P452004,Rose Hibiscus Hydrating Mist,Herbivore,36.0
24069921845,3,0.0,0.5,4,2,2,2023-01-27,The regenerative face lotion smell terrible!! I thought it was rancid. Jury is still out on the benefits,Terrible smell,fairLight,,dry,,P480278,Rapid Radiance Set,Biossance,35.0
1938047025,1,0.0,1.0,8,0,8,2022-03-12,"The eye cream is nice, but I’m glad i bought this set before investing in the full size. The moisturizer smells god awful, the oil didn’t absorb into my skin(just sat on the surface), and the serum was irritating to my skin.",,light,hazel,normal,brown,P480278,Rapid Radiance Set,Biossance,35.0
5031840153,5,1.0,,0,0,0,2022-12-20,"This is the most luxurious facial oil that I’ve ever used! It feels incredibly hydrating and nourishing and I love that they don’t waste any packaging. This 0.5 oz bottle looks small but compared to other companies that use huge bottles to trick us into thinking there’s more product, I’ll choose this one over them any day. My skin looks so glowy and hydrated!",,,brown,combination,,P504026,Mini Algae + Moringa Universal Face Oil,MARA,40.0
5775711381,5,1.0,,0,0,0,2019-05-28,This is my favorite Mario Badescu face spray! The cucumber and aloe scent is so refreshing and feels great on skin. I spray it over my makeup when my skin is feeling dry/tight or I’ll use it as a first step before moisturizer.,My favorite Mario Badescu face spray!,fairLight,blue,dry,brown,P440483,"Facial Spray with Aloe, Cucumber and Green Tea",Mario Badescu,7.0
7566529663,2,0.0,0.8085110187530518,47,9,38,2020-02-25,"I was using this product for a month, didn’t show any difference and also made me breakout.",,tan,brown,dry,black,P453822,Dark Spots No More Triple Acid Spot Minimizing Concentrate,Dr. Brandt Skincare,71.0
9195526030,5,1.0,0.75,8,2,6,2020-01-13,"I never really know what to expect when it comes to these types of products. I was really curious to see how long it will take me to see actual results. I have a lot of dark spots from acne and a lot of sun spots as well. I have been using this product for quite some time now, and I am here to say that it does what it’s supposed to. My sun spots are slowly fading away and so are my dark soots. I am super excited to keep continuing to see further results. Give this a try for your dark spots, this stuff has been amazing on my skin so far.",a true gem,medium,brown,combination,black,P453822,Dark Spots No More Triple Acid Spot Minimizing Concentrate,Dr. Brandt Skincare,71.0
8863174951,5,1.0,1.0,1,0,1,2023-02-06,"I will be reviewing this on usage and results vs the priceFirstly, while this is not a fragrance free formula in my opinion as it is using essential oil ingredients, Face Gym claims they chose essential oils that help to de-stress the skin. While I have a bit of a reactive skin type, I have found this to be true overall. For me, it’s not just “fragrance vs no fragrance”, but rather the details of WHAT contributes to scent that impact my skin. Yes, my skin actually seems to like some EOs (don’t tell TikTok skinfluencers!) One further note on scent: to my nose, this smells herbal/supplement-like. Makes sense.Texture-wise, the oil feels nice and sinks into skin rapidly. It is clear and should stay clear as it is using a vitamin c derivative vs L-AA.Now, given the nootropic formula, the idea should be to offset stress in the skin, and I do feel that I am seeing that in terms of results. While I was unsure if my skin would like the formula, after using it for a couple of weeks, I am surprisingly pleased. I feel that my skin is brighter overall without any reactions. Gifted by Face Gym, all thoughts are my own.",,,hazel,combination,blonde,P476676,Youth Reformer Firming Vitamin C Oil Serum,FaceGym,110.0
2708555145,5,1.0,,0,0,0,2022-12-20,"Tiny but mighty! The bottle I have is pretty small, only 15 ml, but a little goes a long way. I love adding just a few drops into my moisturizer and eye cream to add extra nourishment to the skin. It’s not super greasy and doesn’t take forever to absorb like some other oils, but it definitely makes my skin look dewy and feel well-moisturized.",,,hazel,combination,auburn,P504026,Mini Algae + Moringa Universal Face Oil,MARA,40.0
1687398148,5,1.0,,0,0,0,2021-07-25,I absolutely love this Intensive Moisturizing Concentrate! It works so great for my normal to dry skin. It really hydrates and I noticed big change after two weeks of using it! I use it the am and pm. The consistency is really nice too.,Great moisturizer,mediumTan,hazel,combination,brown,P474121,SD Advanced  PLUS Intensive Moisturizer For Wrinkles & Stretch Marks,StriVectin,82.0
1373039583,5,1.0,0.8235290050506592,17,3,14,2020-06-26,I didn’t think I would love this product as I do.  I have seen a difference in my for head within the first week.,Worth every penny,tan,brown,oily,brown,P457520,FIRMx Collagen Moisturizer,Peter Thomas Roth,88.0
11601815687,5,1.0,0.9733330011367798,75,2,73,2020-05-31,"As someone with chronic allergies and sinus issues I often wake up with swollen irritated eyes and a puffy face. I use this in conjunction with the Mount Lai jade gua sha and they make SUCH a difference in my lymphatic drainage and sinus problems. I typically use these at night together to sink my skin care in deeper, but this tool by its self in the morning after being in the fridge for a few minutes really wakes my face up and soothes my eye area. I definitely recommend!",Noticeable Difference,fairLight,blue,combination,brown,P447604,De-Puffing Jade Eye Treatment Tool,Mount Lai,30.0
8917846330,5,1.0,,0,0,0,2023-03-05,"This is my first time using a Retinoid Treatment and I found that it helped my skin look and feel firmer with less wrinkles/fine lines around my eyes and mouth. It did not irritate or harm my skin as it was gentle feeling during application. I used it twice a day in my morning and night routines. I did not have but two dark spots and it has lightened those, I hope this will help remove them over time. I am very impressed and will purchase once I run out! gifted by Hourglass Cosmetics",Love it!,light,brown,combination,blonde,P504637,Equilibrium Resurfacing Retinoid Treatment,Hourglass,110.0
6342492046,5,1.0,0.800000011920929,5,1,4,2021-06-05,THE BEST CLEANSER. I never have used a cleanser that actually makes a difference. I always try different ones. I have tried so many but nothing compared to this cleanser. If you have dry acne skin this is a life saver. It cleans my skin while leaving my skin super soft. No cleanser have ever left my skin so soft and also helped my acne.,,light,brown,dry,brown,P470049,Clearcalm Clarifying Clay Cleanser,REN Clean Skincare,38.0
5377133952,5,1.0,,0,0,0,2023-03-15,"Wow! The most amazing serum I’ve used in so long time. This help my skin texture, my skin feels a lot smoother and brighter too. I love that this also helps your skin barrier get stronger. The only thing I don’t like is the price.",,light,brown,combination,black,P505047,High Performance Face Serum with Vitamin C and Hyaluronic Acid,MACRENE actives,195.0
2755833787,5,1.0,0.875,8,1,7,2022-09-08,"i was very skeptical at first. after my first application, almost decided to return it because it feels cakey for the first good minute. but guys im so glad i gave it a chance. the cakey look dissolves very quickly and your face end up looking fresh and matte. i have oily skin and had always hard time finding a good sunscreen, that i can also wear under makeup. never have been this impressed. it is perfect for my brown and oily skin. highly recommend it.",game changer!,mediumTan,brown,combination,black,P476733,Mineral Mattescreen Sunscreen SPF 40 PA+++,Supergoop!,38.0
5061459239,3,0.0,0.5,2,1,1,2021-08-08,I tried this cleanser after receiving it as a sample from Sephora. I was expecting much better results. I double cleansed with this product and it still did not completely remove my make up. My eyeliner and mascara were not waterproof. My face did not have that clean afterwards feeling. My skin did not feel dry ether. Maybe this would be a choice if you need a gentle cleanser that is not drying.,Didn’t work for me!,lightMedium,brown,combination,brown,P471547,Mini Beste No. 9 Jelly Cleanser,Drunk Elephant,16.0
6243235618,5,1.0,0.9090909957885742,11,1,10,2022-06-10,"I’ve struggled with dullness and hyperpigmentation over the last few years, and most cleaners I’ve tried seemed to work temporarily. Dr. Ingelton’s superfruit brightening cleaner is the holy grail. I instantly noticed the difference in the texture of my skin after the first use. If you are looking to brighten up and tackle those dark spots without sacrificing moisture, get this cleanser. I use the cleanser in the morning and night, and my face never feels dry. I highly recommend following up with the moisturizer to seal the moisture.",,deep,brown,combination,black,P480346,SuperFruit Gentle Brightening Cleanser,ROSE Ingleton MD,38.0
12691166634,3,1.0,0.1666669994592666,6,5,1,2021-07-05,"Counterintuitive it’s not a type of creamy like a body milk or honey-ish texture. Light like a water. You need to apply several times, significant amount. If you are a person with so dried out skin and loves using toner like a shower, it’s yours.Very good hydration for my dry skin and makes my face brighter. Talking about mini size bottle, it’s so leaky. I brought this for travel, it leaked even with my max power twisting. Leave it in your house.",good stuff but leaky mini bottle,lightMedium,brown,dry,,P459116,Mini Cream Skin Toner & Moisturizer,LANEIGE,15.0
22599739375,5,1.0,,0,0,0,2023-03-12,"I really love how hydrating this serum is, the way it keeps my face hydrated through out the day. When hydration is low, so is skin’s glow. This high-speed serum infuses skin with more immediate hydration than a humidifier and creates a micro-cloud of moisture, a haven of healthy radiance where skin can thrive.",,,brown,normal,black,P505047,High Performance Face Serum with Vitamin C and Hyaluronic Acid,MACRENE actives,195.0
34403963740,3,1.0,,0,0,0,2023-03-16,I’ve been using this product for the was 2 weeks and I love it. It’s very hydrating and almost has a sheen/glittery finish to it. I’ve been enjoying putting it on at night before I go to sleep and under my makeup.,Serum,fair,brown,combination,,P505047,High Performance Face Serum with Vitamin C and Hyaluronic Acid,MACRENE actives,195.0
1022681732,5,1.0,1.0,26,0,26,2018-10-23,I love my FOREO UFO and am happy they’ve added to their line of activated masks. The Youth Junkie mask is creamy and rich. I’ve used it before bed so my skin has time to absorb every bit of moisture. There is a lot of product in the packets which I use to repeat the treatment on my full neck and décolleté.,,fair,blue,dry,brown,P436346,Youth Junkie Activated Mask,FOREO,21.99
12922006880,5,1.0,,0,0,0,2022-08-14,Incredibly hydrating and not irritating on my skin!,,light,blue,combination,red,P500106,Everyday Mineral Moisturizer SPF 30 Sunscreen,Community Sixty-Six,30.0
5178464509,5,1.0,,0,0,0,2023-03-19,This serum has a big price tag but it is honestly amazing. It is literally like filler in a bottle. My skin looks incredibly smooth and youthful. You only need a little because it is on the thicker side. I swear I wake up with baby skin after I use this in my nighttime routine.Gifted by Macrene Actives,,mediumTan,brown,oily,brown,P505047,High Performance Face Serum with Vitamin C and Hyaluronic Acid,MACRENE actives,195.0
33801584282,5,1.0,0.857142984867096,7,1,6,2021-11-21,"I love this moisturizer!! I can’t get enough of this product.  I felt it working after the first use. I’ve been using it for 2 weeks and have noticed a huge difference. My face feels firmer, wrinkles are not as prominent, my face looks healthy and has a glow. I love this brand.",,fair,blue,normal,brown,P474121,SD Advanced  PLUS Intensive Moisturizer For Wrinkles & Stretch Marks,StriVectin,82.0
10165304844,4,1.0,0.8888890147209167,9,1,8,2020-02-19,I like this roller ball. Not sticky at all. I love using it preferably at night like a sleeping lip mask. The only con for me is the roller itself. It doesn’t apply the gloss evenly. But the gloss is very light feels good on the lips.,,lightMedium,brown,combination,brown,P449102,Crystal Ball Roller Gloss,INC.redible,12.0
7576032989,5,1.0,,0,0,0,2023-03-03,This resurfacing face serum is amazing. I noticed my skin felt smoother and hydrated. I use this serum during my night time routine as the skin is working hard to fix all imperfections while our body is resting!,,,brown,combination,black,P504637,Equilibrium Resurfacing Retinoid Treatment,Hourglass,110.0
31826917235,2,0.0,1.0,2,0,2,2022-11-26,"I can’t change my review on the resculpt so I’ll post it here. Love the product, but the jar is literally half empty. I assume some shifting will happen in transit, so I smoothed out the surface to see the real level. Disappointed. I glad I got this on sale, but doubt this will last a long time. Not worth 90$ for sure.",,fair,green,combination,auburn,P448565,Clinique Smart Clinical MD Multi-Dimensional Age Transformer Duo Resculpt + Revolumize,CLINIQUE,74.0
6897883290,3,0.0,0.7441859841346741,43,11,32,2020-09-20,"I used this product for past 4 months and I haven’t noticed a huge difference, I think my skin might be a tad glowier, but overall not worth $60 a month.  I have a  great skincare routine, workout routine, and sleep and eat right so I wasn’t expecting a miracle. Did not notice any decrease in my fine lines or any decrease in pimples. I think this would be a more impactful product for older women, but I have a hard time justifying the price I spend on this and probably won’t be repurchasing again.",In your 20's? Save your money!,fair,hazel,combination,blonde,P457002,SuperBeauty Daily Antioxidant SkinSupplement,Moon Juice,60.0
1803984375,5,1.0,1.0,4,0,4,2021-11-03,I bought with the moisturizer together . This face wash is a real foaming but not goin a sting your eyes or make u feel too dry after washing your face . It’s unscented so nothing can irritate u . I love how this product actually does what it said foaming cleanser that has foam and really cleanse without drying the skin .,,light,brown,normal,black,P448562,Barrier+ Foaming Clay Cleanser,Skinfix,32.0
6705680873,5,1.0,0.6666669845581055,12,4,8,2020-08-26,My boxycharm had this product I noticed results after the second use. My skin looks more softer and rejuvenated! pores are gone as well. I’m very happy with this product,nice product / it works,lightMedium,brown,combination,black,P448710,pores no more Pore Purifying Cleanser,Dr. Brandt Skincare,38.0
33940633840,3,0.0,1.0,8,0,8,2022-05-20,"my friend recommended this product to me when my cleanser had just ran out and I decided to try something different then my usual cleanser (glossier milk jelly cleanser). the smell of this cleanser is really nice and not overpowering at all, a small floral with hint of sweet kind of smell. After a couple days of using it I noticed I was breaking out on my cheeks, t-zone and my temples. I knew it was the cleanser since it was the only new thing I added to my routine. Overall this was a very nice cleanser but not for me or my skin type.",made me breakout,lightMedium,hazel,combination,brown,P482007,Dewy Glow Jam Cleanser with Jeju Cherry Blossom,innisfree,13.0
22758361680,5,1.0,,0,0,0,2019-10-20,"How cute is this!!  I fell in love with this gloss the moment I laid my eyes on it.  The rose quartz Crystal gives a vibe that I love. The gloss is just as amazing.  It rolled onto my lips so smoothly the very first time. The roller ball feels so smooth, silky and cooling.  My lips feel very hydrated and I don’t have to reapply as often as I do with other glosses....one more thing I appreciate is the gloss doesn’t leave that sticky feeling, just nice, soft glossy lips.",,light,blue,combination,blonde,P449102,Crystal Ball Roller Gloss,INC.redible,12.0
32720503318,5,1.0,,0,0,0,2023-02-20,after using this product I found my skin more hydrated & looks great.,hydrating creamy moisturizer,medium,blue,dry,blonde,P474121,SD Advanced  PLUS Intensive Moisturizer For Wrinkles & Stretch Marks,StriVectin,82.0
9245847635,5,1.0,,0,0,0,2022-12-28,"performance | full star | *chef’s kiss*!!! I have been waiting YEARS to try this face oil, ever since II heard Mara’s interview on the boss babe podcast! I knew it would be a hit, and she DID NOT disappoint. Super lovely to use morning and night, wears well under makeup and thicc night creams. Also works amazingly by itself. Super nourishing for dry, winter skin, but also lightweight enough to use during the warmer months!texture | full star | looove when an oil doesn’t feel greasy/heavy, yet still moisturizes well. this doesn’t pill under spf either!scent | full star | omg this smells sooo good, not too overpowering/ doesn’t linger, and I know when my bf (who HATES scented things) gives me a compliment on the smell of something it’s a winner  packaging | full star | the mara’s packaging & overall branding is a WHOLE VIBE! Luxurious with sustainability taken into account, and totally gives off beach-y elegance ingredients | full star | I personally could go without the industrial terpenes, but the ingredients in this are top tier!value | .8 star | a bit on the pricier side for most, but soooo worth it IMOTotal 5.8 out of 6 stars","A bit on the pricier side, but SOOOO worth it!",light,hazel,dry,,P504026,Mini Algae + Moringa Universal Face Oil,MARA,40.0
1312786412,5,1.0,0.6764709949493408,34,11,23,2018-05-25,"This serum is amazing! I received a sample, used it once, and my husband told me my skin looked great. I immediately bought a bottle. It’s expensive so I don’t use it everyday, I alternate it with Caudalie Vino Serum. I will continue to order.",Amazing Serum,lightMedium,hazel,combination,brown,P427731,Capture Youth Glow Booster Age-Delay Illuminating Serum,Dior,110.0
12406710348,5,1.0,1.0,1,0,1,2022-02-09,Works well for me! Love that it goes on smoothly and also doesn’t irritate my skin.,,light,brown,combination,auburn,P375354,Capture Totale Intensive Night Restorative Crème,Dior,175.0
5608802030,5,1.0,,0,0,0,2023-03-03,"I have a new favorite cleanser. This cleanser is amazing. It leaves my skin feeling clean and fresh but it does not dry my skin out or leave it feeling tight. It foams up with a gentle lather that is ideal for daily use. I love knowing this product is vegan and clean. It makes me feel good about what I am putting on my face. I would recommend this for anyone, especially dry skin.",Gentle Daily Cleanser,light,brown,dry,blonde,P454315,Milk Cleanse Gentle Foaming Cleanser,Moon Juice,32.0
2285672078,5,1.0,,0,0,0,2023-01-27,"I am loving this serum! This is my first product from FaceGym, and it does not disappoint. It’s a game changer for my skin, and it leaves my skin feeling hydrated and fresh. Loading up on the product at night is my go-to right now! Plus, it smells great. 10/10 recommend!",10/10. So good.,tan,green,normal,black,P476676,Youth Reformer Firming Vitamin C Oil Serum,FaceGym,110.0
10069047289,5,1.0,,0,0,0,2021-07-20,This product has given my skin so much moisture without the grease. I have really started applying on my stretch marks in my stomach and sides. I love the soft scent and the rich texture. It applies really easy on the skin.,So much moisture! Amazing!,lightMedium,brown,dry,brown,P474121,SD Advanced  PLUS Intensive Moisturizer For Wrinkles & Stretch Marks,StriVectin,82.0
11096516911,1,0.0,0.8333330154418945,6,1,5,2022-04-21,"Unfortunately this did not work for me. I developed stretch marks and thought I would try this. However, after 3 months of consistent use (twice a day) it did not fade/reduce the appearance at all. Disappointed as it was quite expensive.",Not recommended for stretch marks,fairLight,blue,combination,red,P474121,SD Advanced  PLUS Intensive Moisturizer For Wrinkles & Stretch Marks,StriVectin,82.0
1514990257,5,1.0,1.0,4,0,4,2020-02-22,Makes my skin super smooth and evens out my skintone! You can use it day or night.It leaves my skin refreshed and soft! Love it!,Can't live without this stuff!,fair,green,combination,red,P452004,Rose Hibiscus Hydrating Mist,Herbivore,36.0
1326822503,5,1.0,,0,0,0,2022-04-01,"I like these! Good price, the grabber makes it easy, they stay put, and they have a depuffing effect. I put them in the fridge and they were extra effective.",,fairLight,hazel,oily,brown,P481712,Party Recharge Cryo Me Crazy Under-eye Masks,INC.redible,20.0
24308719539,4,1.0,1.0,3,0,3,2019-11-08,"I love the infused amethyst! At first it doesn’t come out or glide on too well, but once you get it going it rolls on just the amount needed for tour lips !",,medium,brown,oily,black,P449102,Crystal Ball Roller Gloss,INC.redible,12.0
2372267056,5,1.0,0.3000000119209289,10,7,3,2021-02-12,I received this complimentary from PMD and I’m so glad I did - I’ve been loving this device! There’s a little learning curve at first just getting used to it but afterwards I was amazed at how smooth my skin felt and the way my overall texture and pores looked better. I love that it’s cordless too so you don’t have to fight with the cord as you move from area to area. Definitely recommend if you want to step your skincare game way up!,Wow!,fair,green,combination,brown,P467969,Personal Microderm Elite Pro,PMD,299.0
10388630794,5,1.0,,0,0,0,2019-11-02,"I typically dont like gloss becuse its usually too shiny and ticky but this glides on like butter and isnt too shiny. It lets you layer so you control the shine. The gems are a cute chic touch that makes it unique, not sure what they bring to it. The gloss is hydrating and works on top of lipsticks.",Non-sticky gloss,deep,brown,dry,black,P449102,Crystal Ball Roller Gloss,INC.redible,12.0
2763414657,5,1.0,,0,0,0,2021-07-27,"I used to use Strivectin on my stretch marks years ago and it worked amazingly, so now that I’m in my mid-thirties I decided to give it a try again-but this time on my face! I have a pretty deep “eleven” line on my forehead and it already looked less noticeable just after one use! With every day I use this cream, my wrinkle gets less and less. After a couple weeks it is almost gone! I am definitely a believer!","Don’t Wait, try it NOW!",fair,blue,combination,black,P474121,SD Advanced  PLUS Intensive Moisturizer For Wrinkles & Stretch Marks,StriVectin,82.0
1097566213,2,0.0,0.8333330154418945,6,1,5,2019-10-14,"I do adore Lancôme. However this scrub didn’t make the grade. It smells nice and I like the warming feel. That said, it didn’t do much else. Your skin has to be clean first, don’t expect it to remove any makeup, which is understandable for an exfoliant. But there’s this film it leaves behind that I just can’t get past. You will need to follow up with toner. I also didn’t notice any difference to my skin and I gave it a 2 week chance. Pass.",Not a Fan,lightMedium,brown,normal,brown,P433461,Rose Sugar Scrub,Lancôme,34.0
28767735075,5,1.0,1.0,2,0,2,2020-12-06,This keeps my lips glossy and moisturize. 10/10 for me.,,light,brown,combination,brown,P449102,Crystal Ball Roller Gloss,INC.redible,12.0
1571915263,3,0.0,,0,0,0,2021-09-10,"So far only tried once, sold to the previous fantastic reviews, I was expecting something more subtle. My skin is quite thin, normally I use scrub once in 2 weeks. yes my skin got super smooth afterwards, and absorbs the following skincare immediately. but there is a burning sensation lingers, perhaps next time I need to massage gentler, use a bit more product, and less time, 20 seconds should be enough. For the price, which is 4 times than the clarins facial scrub, I’m expecting some wonders, perhaps they should put out half sized tube options. I will give it another try to implement in my regime before I give it up completely.",,lightMedium,hazel,oily,black,P431416,The Replenishing Oil Exfoliator,La Mer,135.0
9822868632,1,0.0,0.2222220003604889,9,7,2,2022-04-29,"This is horrible. I purchased it because I love their plump jelly but, was highly disappointed. Does not get my face clean with one application. I only wear one layer of foundation, no tiktok star here so, should be a no brainer.  Thumbs down, do not recommend.",Sadly Disappointing....,light,hazel,normal,blonde,P454315,Milk Cleanse Gentle Foaming Cleanser,Moon Juice,32.0
10829403412,3,0.0,1.0,4,0,4,2020-06-20,Just used for the first time. Not sure yet if I like it. What I don’t like is the pump spray. Not a fine mist but a very wet amount that does not go on evenly. I had to wipe off the excess with a cotton pad.,,lightMedium,brown,normal,blonde,P440483,"Facial Spray with Aloe, Cucumber and Green Tea",Mario Badescu,7.0
1310737918,5,1.0,1.0,5,0,5,2022-07-05,"This is the best sunscreen I’ve ever used. Chemical sunscreens give me a lot of brown spots from the heat, so I have to stick to physical sunscreens, but they often make me break out from leaving a residue even with double cleansing, and also feel thick and heavy with a white cast. I have tried every possible other sunscreen, cheap, expensive, popular, korean, dermatologist recommended, none work the way this one does! Protects, feels lightweight (I don’t even feel it after 10 minutes) doesn’t make me break out, doesn’t leave a horrible white cast, doesn’t look like I’m wearing a layer of foundation. I don’t wear makeup during the day so I can’t speak to how well it works under makeup, but for me it’s absolutely perfect. Please don’t ever stop making this. The only bummer is it does stain white clothes, but I still wouldn’t give it up.",,light,brown,normal,brown,P476733,Mineral Mattescreen Sunscreen SPF 40 PA+++,Supergoop!,38.0
5825514332,5,1.0,0.4583329856395721,24,13,11,2018-07-28,"I feel like such a traitor as someone who destains Lancôme And practically worships Christian Dior.  Call a spade a spade, Christian Dior Prestige runs $105  for 5 ounces, It isn’t warming either, this one plumped and moisturized my skin overnight. The Christian Dior Prestige container is remarkable, I’m just really shocked.",Better than Christian Dior Rose Sugar Scrub!!!,mediumTan,hazel,combination,brown,P433461,Rose Sugar Scrub,Lancôme,34.0
1562554958,5,1.0,,0,0,0,2017-10-27,"I used this the day of my brother’s wedding.I’ve used all sorts of sheet masks before, but this one really showed changes to my skin after that one time. If I could afford it, I’d buy this more often.","Love it,but expensive for me to use consistently.",mediumTan,brown,dry,black,P399622,Luminous Deep Hydration Lifting Mask,Tatcha,95.0
5937804412,5,1.0,0.6363639831542969,11,4,7,2022-09-24,I’ve used this brand on and off for a few years and never had a bad experience. The results are not immediate so it can be hard to get as excited about this line as some others that have more immediately visible results but it definitely seems to work over time so would recommend if you are patient,Solid product line,light,hazel,combination,brown,P480278,Rapid Radiance Set,Biossance,35.0
11096047005,5,1.0,1.0,2,0,2,2022-03-01,I have been using this mist for over 2 years now and I cannot go without it even for a day. I have combination skin and this mist hydrates my skin enough to go without an additional layer of moisturizer. Gives a rosy glow to face and leaves the skin soft and supple.The only drawback of the product is tge spray/nozzle. Does not work sometimes and leaves liquid dripping from the nozzle.,cannot live without this product!,mediumTan,,combination,black,P447607,Rose Milk Re-Hydrating Mist,Lancôme,30.0
9468720271,2,0.0,1.0,3,0,3,2021-03-18,"I went through finishing the whole the product and all I can say is don’t bother purchasing this eye cream, especially if you have sensitive skin. It didn’t help brighten any dark circles and it wasn’t very hydrating either, it only made my under eyes more dry and irritated.",not worth it,lightMedium,brown,dry,brown,P457519,Water Drench Hyaluronic Cloud Hydrating Eye Gel,Peter Thomas Roth,43.0
2607410948,5,1.0,,0,0,0,2023-01-01,"I have never tried any of the products from this brand and I’m pleasantly surprised of the Mara universal face oil. My skin tends to shift to the drier side when winter hits so I need something more moisturizing. I use this oil at the last step of my night time skin care routine. The consistency is lovely, my skin loves it. I don’t have any allergic reaction to it either. It leaves me skin feeling soft and supple even the morning after. I would recommend this if you also have dry skin.",A must have for this winter!,light,brown,combination,,P504026,Mini Algae + Moringa Universal Face Oil,MARA,40.0
5469688969,5,1.0,,0,0,0,2021-07-27,"Great productGreat product Nice and light! Blends instantly in to the skin and is not greasy at all. My skin has never been better since I started to use this product a week ago, my skin feels more plump, more radiant and fresh. Definitely recommend to everyone!",Loveee it!!,fair,hazel,combination,blonde,P474121,SD Advanced  PLUS Intensive Moisturizer For Wrinkles & Stretch Marks,StriVectin,82.0
1562544601,1,0.0,0.6896550059318542,29,9,20,2022-03-07,Burned the skin under my eyes and left 2 milia. Had to return!,not for me,mediumTan,green,combination,brown,P481712,Party Recharge Cryo Me Crazy Under-eye Masks,INC.redible,20.0
2773699029,3,0.0,0.800000011920929,5,1,4,2021-08-04,"Not the biggest fan. The Moisturizer did not help at all and would wake up with flaky skin in the morning, and I don’t even have dry skin. The face wash is okay. I washes makeup well and I enjoy the mint. Toner is also okayish. Paulas Choice alone is way better at pore control than this set.",Mehh,fair,brown,dry,blonde,P472180,Balance It All Oil Control & Pore-Refining Set,OLEHENRIKSEN,40.0
33113794888,4,1.0,0.6666669845581055,6,2,4,2022-09-03,"I really like it, make sure to put some alo vira  and then shave ..",Like it,lightMedium,brown,normal,black,P482312,Facial Razor Set,SEPHORA COLLECTION,12.0
1316490686,2,0.0,0.9090909957885742,11,1,10,2021-12-09,"Writing my first ever review because this used to be a holy grail product for me - but this new formula just doesn’t cut it. Disappointed and hope they bring the old formula back. This formulation doesn’t have as much coverage, doesn’t stay put and leave a smooth finish like the old one and doesn’t grab makeup applied on top.  As others have said, it even smells different.",Bring back the old formula,fair,blue,combination,red,P476733,Mineral Mattescreen Sunscreen SPF 40 PA+++,Supergoop!,38.0
5492868370,2,0.0,,0,0,0,2023-03-21,"Not the best scrub in my opinion. It felt too harsh on my skin. I would not buy it again, even not when it is on sale. Otherwise I like using Lancome products, they are of high quality. Just don´t like this scrub.",Not the best scrub,light,brown,oily,,P433461,Rose Sugar Scrub,Lancôme,34.0
1091889434,5,1.0,0.6666669845581055,3,1,2,2020-08-07,"I’ve tried countless eye masks, and I always come back to these. I have grayish-purple discoloration & bags under my eyes. They always look so much better when I use these prior to skincare & makeup application. I recommend these to everyone!",Favorite Affordable Eye Masks,fairLight,brown,dry,brown,P437960,Baggage Claim Rose Gold Eye Masks,Wander Beauty,26.0
6211402310,5,1.0,0.800000011920929,5,1,4,2019-12-14,Clean !! No fragrance !! My face soaks this mask right up . Gentle enough to use on my lips too !! I don’t understand the bad reviews on some of her products . The quality is exceptional and for the price a little goes a long way.For the record my face has never been this soft and hydrated In fact my skin tone looks more even or better  after just in one use .  A    love love love Dr.Barbara Sturm !!! And the packaging is so gorgeous !!! You pay for what you get folks and it’s worth it !!!,Fantastic!!!,light,blue,normal,blonde,P448711,Face Mask,Dr. Barbara Sturm,125.0
12447672203,4,0.0,1.0,2,0,2,2023-01-16,So I use the toner from this brand and wanted to try some of their other items. They have nice ingredients but that’s all I can say. The face oil is way too heavy for sensitive acne prone skin. I like my Youth to the People face oil better as it doesn’t feel thick. The creams all have a strong floral or plant smell & are heavy as well. Maybe better for dry skin. However I do like the lactic acid treatment. Would not buy these again due to not fitting my needs and the price.,Heavy moisture but nice items,,,,,P480278,Rapid Radiance Set,Biossance,35.0
1902492782,2,0.0,0.6000000238418579,10,4,6,2022-10-03,I had hoped that this product would be better at getting chin hairs.  I think a razor is more for me.,Not great,light,green,combination,blonde,P482312,Facial Razor Set,SEPHORA COLLECTION,12.0
1505880993,5,1.0,0.6666669845581055,3,1,2,2022-06-21,"My favorite spf for running errands, gym, walking the dog. I have bought this product for years.",,fair,brown,oily,brown,P469524,RESIST Super-Light Daily Wrinkle Defense SPF 30,Paula's Choice,37.0
10123555555,4,1.0,1.0,1,0,1,2021-08-01,"So far I’m loving this product. It has a super light pleasant fragrance, which I’m noticing is a norm for strivectin products. The actual moisturizer itself is really nice and hydrating. A little goes a very long way and it leaves the skin so smooth. I make sure to always wear sunscreen to prevent burns when using new products. So far I’m enjoying this and feel like my skin looks really youthful.",Youthful skin.,lightMedium,green,combination,brown,P474121,SD Advanced  PLUS Intensive Moisturizer For Wrinkles & Stretch Marks,StriVectin,82.0
5357858784,5,1.0,1.0,4,0,4,2020-04-19,"Help reducing black head , no scent, so smooth and soft texture not hurting your eyes when you removed eye make up. My new favorite cleanser!! Must have it!! After use it i feel more moisturized in my skin.",,fair,brown,combination,black,P448562,Barrier+ Foaming Clay Cleanser,Skinfix,32.0
5728295801,5,1.0,1.0,1,0,1,2023-01-03,"I’ve tried a ton of retinol products the last 3 years as I’m now 29 and want a solid skincare routine as I approach my 30s. I honestly have been loving this oil! I haven’t been crazy about oil formulas in the past (tried Luna from Sunday Riley and didn’t love it) but I’ve found myself reaching for this retinol over my other serums. Easy to apply, doesn’t break me out, and I feel like my skin looks firmer.",Loving it! Firms my skin,,brown,dry,,P504016,Mini Evening Primrose + Green Tea Algae Retinol Face Oil,MARA,66.0
2835730818,5,1.0,0.6666669845581055,6,2,4,2019-11-18,I’ve been using this for a month or so and I like it. I’m giving it a 5/5 because it does what it says but not mind blowing. I absolutely LOVE the way this smells. I put this on right after I wash my face and soaks into my skin. I only wear this at night before my night cream extra hydration. I would buy this again mostly because the scent is so lovely)?,,mediumTan,brown,combination,black,P447607,Rose Milk Re-Hydrating Mist,Lancôme,30.0
1643062265,2,0.0,0.4545449912548065,11,6,5,2021-05-28,Really wanted to like this but it did nothing for me.  Super disappointed.  I am a fan of Dr. Brandt skincare but not this.,,fair,blue,combination,blonde,P453822,Dark Spots No More Triple Acid Spot Minimizing Concentrate,Dr. Brandt Skincare,71.0
5671402084,5,,0.75,4,1,3,2015-11-10,"For starters I am a skin care junkie. I have tried so many different night creams, and I always come back to Dior. Honestly, the minute I stray I regret. All the other products I have tried have dried out my combo skin, broke me out, or make my fine lines 10x more noticeable. This thick and absorbent creme plumps and gives me a dewy radiance every morning. The only con is that it is a little over-perfumed, but really a small price to pay for results.",my go-to,,,combination,,P375354,Capture Totale Intensive Night Restorative Crème,Dior,175.0
2272635719,5,,0.947368025779724,19,1,18,2016-05-04,"My skin looks better now than it did when I was 30. I use this under Time in a Bottle every night, and I see such a difference in my skin evenness, fading sun damage, brightness, etc. Buying second bottle right this minute.",Does what it promises,,,normal,,P404232,DermalQuench +Retinol Advanced Resurfacing Treatment,Kate Somerville,110.0
35162436399,5,1.0,0.0,1,1,0,2022-02-11,Love this jasmine mist! I use it after washing my face with the luminous cream cleanser it smells so good!,Jasmine mist,fair,green,dry,brown,P481401,Hydrating Jasmine Mist - Royal Refresh,RANAVAT,45.0
1481790931,5,1.0,1.0,1,0,1,2020-06-11,Love this! My skin is glowing. Non-greasy and has a nice scent.,Non greasy,light,hazel,combination,blonde,P452004,Rose Hibiscus Hydrating Mist,Herbivore,36.0
1696370280,4,1.0,1.0,1,0,1,2021-09-30,"This is great, goes on super smoothly and absorbs into skin easily. It does leave a slight white cast, but very very little compared to other sunscreens.",,light,brown,combination,black,P476733,Mineral Mattescreen Sunscreen SPF 40 PA+++,Supergoop!,38.0
11388925066,4,1.0,,0,0,0,2019-10-19,Doesn’t really have much of a taste but the shine is great. Not really moisturizing but it IS a gloss not like a chapstick so I didn’t expect it to be. Not sticky its smooth going on and the bottle with the stones in it is so cute!,,fair,brown,combination,auburn,P449102,Crystal Ball Roller Gloss,INC.redible,12.0
22728070583,5,1.0,0.6666669845581055,3,1,2,2020-04-09,"I was on break and went to Hawaii, for some reason my chest was breaking out horribly and this along with AloeVera gel quickly suppressed the breaks outs and they went away quickly.",,lightMedium,hazel,oily,brown,P440483,"Facial Spray with Aloe, Cucumber and Green Tea",Mario Badescu,7.0
6249645429,2,0.0,0.9166669845581056,12,1,11,2020-04-28,"I have dry skin so maybe that’s why but I found that this did nothing for my skin personally and my skin actually looked far dryer than it would with any other oil. It’s not a bad oil as it’s literally 100% chia seed oil, I just think it’s meant for more oily skin types.",it’s a no from me,deep,brown,dry,black,P447597,100% Organic Virgin Chia Seed Oil,The Ordinary,8.5
1349913869,5,1.0,1.0,12,0,12,2019-08-23,"I NEVER write reviews, but this product is too good not to. I have very sensitive skin so it is hard for me to find an exfoliating product that doesn’t irritate and leave my skin feeling tight. I love the milky consistency the beads form after you add water. Cannot say enough good things about this product! It’s expensive, but a little goes a long way.",La Mer does it again! The BEST exfoliator.,lightMedium,blue,normal,brown,P431416,The Replenishing Oil Exfoliator,La Mer,135.0
6344113983,4,1.0,,0,0,0,2023-02-14,These were really great! Hydrating for the under eyes. Very cooling. They didnt irritate my eyes at all. Definitely a little splurge-y fun thing to do!,Fun and Hydrating!,light,brown,normal,,P437960,Baggage Claim Rose Gold Eye Masks,Wander Beauty,26.0
22759694838,5,1.0,1.0,1,0,1,2022-07-12,I LOVE this scrub. It is an automatic rebuy for me. It smells really good and makes my skin feel very smooth.,Go to scrub,fair,brown,combination,brown,P471566,Mini Lemonade Smoothing Scrub,OLEHENRIKSEN,18.0
1518215205,5,,0.6666669845581055,3,1,2,2015-09-08,Love how my skin feels and looks after using this mask. These are much thicker than paper masks and I’m not worried about them falling off. I am a mom to a one year old and I’m often tired and looking a little restless. I use this and my skin instantly glows and feels fresh!,obsessed!,,,,,P399622,Luminous Deep Hydration Lifting Mask,Tatcha,95.0
27650690622,5,1.0,0.5454549789428711,11,5,6,2022-03-07,"I’ve been using this product for three years and it a must have for me. I have combination skin type and It prevents breakouts and soothes my skin, giving it a healthy and even look. Results can often be seen overnight. It has a nice scent also.",,light,brown,combination,black,P446908,Advanced Night Repair Treatment Intense Reset Concentrate,Estée Lauder,92.0
7719043137,4,1.0,0.75,8,2,6,2023-02-03,"I really love using this product after my moisturizer, before primer or in place of makeup primer. It has a mild scent that is fine- neither good nor bad. It takes a little while to soak in. Overall love this product! Hate it’s so expensive…",,fair,blue,dry,red,P500248,Collagen Superfusion Firming & Plumping Facial Oil,Charlotte Tilbury,85.0
2806220910,2,0.0,0.6315789818763733,19,7,12,2020-03-03,"I have 30 days using it, and I don’t see any improvement in my acne spots.",,medium,brown,combination,black,P453822,Dark Spots No More Triple Acid Spot Minimizing Concentrate,Dr. Brandt Skincare,71.0
21714607146,5,1.0,0.0,1,1,0,2023-01-31,"My all time favorite face wash it’s more moisturizing than Khiel’s face wash, my skin feels softer and I have little to no break outs.",Better than expected,lightMedium,green,combination,brown,P482007,Dewy Glow Jam Cleanser with Jeju Cherry Blossom,innisfree,13.0
6893382718,5,1.0,1.0,1,0,1,2023-02-23,"I have used this for years, and it still amazes me how well it works. Obviously it’s not going to work for everyone, but when it does work it’s fantastic.",,fair,blue,combination,,P504786,Solution Skin-Perfecting Daily Chemical Exfoliator,Glossier,26.0
11519031260,5,1.0,0.6666669845581055,3,1,2,2019-11-08,Mildly fragrance gloss. Easy to carry and such a pretty bottle. It’s perfect when i dont want to wear lip color but need some shine.,,tan,brown,combination,black,P449102,Crystal Ball Roller Gloss,INC.redible,12.0
1573517974,5,1.0,,0,0,0,2022-11-07,"The Outset has such beautiful packaging, and does not irritate my sensitive skin. I got it as a gift from a friend first before this second set. I love how convenient the size is for traveling and really keep my skin hydrated without greasy.",,light,brown,combination,black,P483701,Daily Essentials Travel Set,The Outset,50.0
2073035295,5,1.0,1.0,6,0,6,2018-10-26,"First time I’ve used this mask and I am SOLD!! My skin is smooth, hydrated, firm, and looks glowing. Absolutely buying this again, worth every penny!!",Amazing,medium,brown,combination,black,P399622,Luminous Deep Hydration Lifting Mask,Tatcha,95.0
1317216631,5,1.0,,0,0,0,2021-07-28,I’m really enjoying the StriVectin anti aging SD Advance moisturizer. It absorbs fast and doesn’t feel greasy on the skin. I’ve noticed my skin is more hydrated and moisturized and sky makeup sits beautiful on it.,Great moisturizer,mediumTan,brown,combination,brown,P474121,SD Advanced  PLUS Intensive Moisturizer For Wrinkles & Stretch Marks,StriVectin,82.0
6748571594,4,1.0,0.7142860293388367,7,2,5,2022-10-20,"Pros: leaves my skin with a beautiful, even finish- easy to apply and reapply- the tint is perfect for my light olive skinCons:- drying and mattifying (which the bottle says, so this should not be a suprise)! I have dry skin and this was too drying for me!- sunscreen has a slightly strange smell",Perfect for OILY skin,lightMedium,hazel,dry,black,P469524,RESIST Super-Light Daily Wrinkle Defense SPF 30,Paula's Choice,37.0
7106995430,5,1.0,1.0,9,0,9,2019-12-11,I received this product as a birthday gift and I am soooo in love with it!! I have combination and sensitive skin and almost all moisturizing creams clog my pores and leave me with cystic acne. This is perfect since is has salicylic acid to help combat pimples and moisturizers perfectly for combo skin. Smells delicious like roses and candy!,A dream come true,lightMedium,brown,combination,brown,P447607,Rose Milk Re-Hydrating Mist,Lancôme,30.0
1837307889,5,1.0,1.0,3,0,3,2022-02-17,"If I had to just pick a few favorites from Biossance, these totally would be it. I have combination skin, but the heavier Omega repair cream does not give me any issues when used all over my face and does not cause me any breakouts. The lactic acid serum is perfect for my laziness because it slap it on at night and wake up with smooth skin. I rather to this than spend time doing a mask. The marine algae eye cream I have to use every other day and can’t use every day or I’ll get milia underneath my eyes, but I still love it because it feels very luxurious. Then I top everything off with the vitamin C rose oil when I feel extra dry. THIS KIT IS  A WIN!",THIS KIT IS  A WIN!,lightMedium,brown,combination,black,P480278,Rapid Radiance Set,Biossance,35.0
28961597810,4,1.0,,0,0,0,2021-07-28,The moisturizer is light and not at all greasy - which is great! Too early to talk about the effect they have on wrinkles and stretch marks but I could feel they are hydrating and make my skin supple. 4 stars as I feel it’s still pricey. that by the time there are any visible changes one would have crossed half the tube or even the first pack.,"Good moisturizer, but a little pricey?",deep,brown,combination,black,P474121,SD Advanced  PLUS Intensive Moisturizer For Wrinkles & Stretch Marks,StriVectin,82.0
40586422954,5,1.0,0.7777780294418335,9,2,7,2022-08-31,"my very fair, freckled, 74 year old skin is glowing after one use!! startling.",,fairLight,blue,normal,gray,P480346,SuperFruit Gentle Brightening Cleanser,ROSE Ingleton MD,38.0
25143896762,5,1.0,0.7857139706611633,14,3,11,2020-05-20,"I really like this. It’s soft and has a heavier cream-type feel compared to other mists I’ve tried. A treat for my skin. Unfortunately my bottle wouldn’t spray correctly, so I’ve been putting the product into my hands and using it like an essence.",,light,brown,oily,brown,P447607,Rose Milk Re-Hydrating Mist,Lancôme,30.0
5121682788,4,1.0,,0,0,0,2022-11-11,"Great basic kit, contain cleanser, serum and moisturizer. The cleanser is super gentle contains micellar it doesn’t actually get foamy but I don’t mind that since I use it to double cleanse. The serum is my favorite out of the 3, it absorbed super fast and left my skin less shiny. The moisturizer however was my least favorite, it took a little while to penetrate my skin and the texture was was very light",,,brown,combination,black,P483701,Daily Essentials Travel Set,The Outset,50.0
7651710179,4,1.0,,0,0,0,2023-02-26,So my skin is pretty used to acids and retinol so I’m happy to say I’ve experienced no irritation when using this. I tend to stick to around every other day to keep it safe. There is no fragrance which I like a lot. It has a cream consistency as a serum but it does have some slip to it. That being said it does absorb really well. It does give a slight glow the skin. I do have some post acne hyperpigmentation that I do see starting to improve.,Fragrance free!,,green,combination,,P504637,Equilibrium Resurfacing Retinoid Treatment,Hourglass,110.0
7191901192,3,0.0,0.6363639831542969,11,4,7,2021-07-05,This cream is okayyyyy… I found that it didn’t absorb very well. It has a way of sitting on the surface my face and remaining white— I have to rub it in a lot for it to absorb. I prefer the original Sturm face cream to this one.,I prefer the original Sturm face cream,mediumTan,brown,combination,brown,P471017,Super Anti-Aging Face Cream,Dr. Barbara Sturm,360.0
5431380645,5,1.0,,0,0,0,2022-12-21,"I love everything about this face oil. It helps to give me skin a beautiful glow in the wintertime. It so lightweight and I love the smell. I feel like it has helped to refine my pore and brighten my skin, I can’t wait to continue using!",,medium,brown,combination,black,P504026,Mini Algae + Moringa Universal Face Oil,MARA,40.0
5879793526,4,1.0,1.0,3,0,3,2021-07-25,"I used this twice a day for over a month and I did notice the deeper lines on my neck (tech neck) were slightly better, but it didn’t seem to do much for firming. I will say, it is an excellent moisturizer (I have very dry skin) that didn’t break me out.",Excellent moisturizer,,,,,P449164,ELEVATE Firming & Lifting Neck Cream,Algenist,84.0
2255909978,4,1.0,0.7200000286102295,25,7,18,2020-02-14,"I really like this product I been using it for several weeks and I can notice change in my skin, I use it at night and it work great a little goes a long way. I also enjoy the consistency and smell. I received this product in exchange for my honest review.",,lightMedium,brown,dry,black,P453822,Dark Spots No More Triple Acid Spot Minimizing Concentrate,Dr. Brandt Skincare,71.0
9334497309,1,0.0,1.0,4,0,4,2022-10-23,It fell and broke into millions of pieces and got cut with the glass that bounced from the impact,Not worth it. Extremely gentle,,,,,P477714,Black Obsidian Face and Body Gua Sha,SEPHORA COLLECTION,14.0
31376605679,5,1.0,,0,0,0,2022-12-20,"love love love this oil so much! It feels so amazing and not super oily and greasy, absorbs fast and perfectly into skin! I use it with my Gua sha and it helps it glide perfectly  and so smoothly! Will definitely keep using this",Amazing product,lightMedium,brown,dry,blonde,P504016,Mini Evening Primrose + Green Tea Algae Retinol Face Oil,MARA,66.0
1568774266,5,1.0,,0,0,0,2023-02-16,"I received this product complimentary from face gym. This is such a great all in one product - fights signs of aging, gentle vitamin c helps brighten up the complexion and beautiful oil texture helps with dehydration and plumps the skin.",Lovely,light,brown,normal,blonde,P476676,Youth Reformer Firming Vitamin C Oil Serum,FaceGym,110.0
25984394559,4,1.0,0.9166669845581056,12,1,11,2021-10-02,The slight tint evens out my skin tone so I no longer have to wear sunscreen plus tinted moisturizer. I had to wear a thick mask all day and I didn’t break out while wearing this. Also it’s cheaper than most quality facial sunscreens!,"Best mineral sunscreen for fair, oily skin",light,brown,oily,brown,P469524,RESIST Super-Light Daily Wrinkle Defense SPF 30,Paula's Choice,37.0
34452804709,5,1.0,,0,0,0,2023-03-11,"My new favorite cleanser! I heard really good things about this product, so I was very excited to try it out. I really liked the formula and how my skin feels after applying. It feels like it totally cleans my skin without leaving remaining makeup. I also like the fact that the brand is environment conscious using recycled materials.",New favorite cleanser,medium,brown,combination,,P454315,Milk Cleanse Gentle Foaming Cleanser,Moon Juice,32.0
958496088,5,,0.5714290142059326,35,15,20,2013-10-30,"I’ve been using Christian Dior for over 25+ years and I am almost 48, but I look like I’m in my mid twenties.. As a cosmetologist I learned cleanse,tone, & use moisterising every day and night, has worked like a charm..my husband would know if I had skipped a few days.. Couldn’t afford it back then but I have been faithful to them.. No product can compare",The very best!!,,,,,P375354,Capture Totale Intensive Night Restorative Crème,Dior,175.0
27777032877,5,1.0,,0,0,0,2023-01-03,"There is nothing like a great facial oil during the winter season for dry skin. It keeps my complexion looking full of life. The irritation and dryness I’ve been experiencing seemed to disappear. My complexion instantly seemed plumper, calmer, and, overall, happier.",My dry skin is happier,lightMedium,brown,dry,blonde,P504026,Mini Algae + Moringa Universal Face Oil,MARA,40.0
2811454732,5,1.0,1.0,4,0,4,2022-09-09,"I have bought this time and time again. I love rosewater, which has been used for thousands of years for beauty, and coconut water is also very hydrating. Because of the coconut water thee smell is not as strong as rose water that you cook with. Whenever my skin is sensitive this helps make it happy again. I have tried to replace with other, slightly cheaper products, but that was a waste of money because in the end, I wasn’t as satisfied as I am with this.","Soothing, hydrating, vegan goodness",fairLight,green,combination,blonde,P452004,Rose Hibiscus Hydrating Mist,Herbivore,36.0
10774374460,5,1.0,,0,0,0,2021-10-15,I love this product. It definitely helped with my acne and just the over all texture of my skin. And I love how it doesn’t strip my face,,mediumTan,brown,oily,brown,P448710,pores no more Pore Purifying Cleanser,Dr. Brandt Skincare,38.0
2844046989,5,1.0,0.7142860293388367,7,2,5,2022-09-21,This is seriously the best thing ever. My makeup artist recommended I use this before my wedding day to prep my skin and my god it’s amazing. I’ve used this ever since before a big makeup day or when I went to look extra good  good it’s,Must have,medium,brown,combination,black,P399622,Luminous Deep Hydration Lifting Mask,Tatcha,95.0
6102356216,2,0.0,0.848484992980957,33,5,28,2020-05-18,"I bought this product and was pretty excited, considering it states 30% Glycolic Peel & “benefits of an in-office peel”. I have to say I am extremely disappointed. I was expecting great results, or at least some results. I even left it on longer than the 2 mins after not seeing results the first few times..I’ve seen nothing after 4 treatments.I realize that seems relatively quick to expect results. However, I know what to expect from glycolic chemical peels, they render great results pretty quickly. I’ve had chemicals peels at my dermatologist office before that were less potent (20-25%) and had more drastic results 1 week after my first visit. I plan on trying it for a couple more weeks, if I do not get the results I’m expecting I will be returning this product.",,tan,brown,combination,black,P451745,30% Glycolic Acid Peel Concentrate,SOBEL SKIN Rx,46.0
11849251016,5,1.0,1.0,4,0,4,2021-01-04,"I heard many great things about this product, and it definitely met my expectations. It maintains hydration throughout the day. It’s nice to use underneath a heavier cream that locks it all in. Sometimes I like to layer it, which I’ve been doing lately in the winter when my skin tends to be drier. It also has a nice brightening effect on my skin, and my skin feels smooth and supple when I use it.",So hydrating!,lightMedium,,combination,,P459116,Mini Cream Skin Toner & Moisturizer,LANEIGE,15.0
8144053926,5,1.0,1.0,1,0,1,2022-10-26,"All three smells are so wonderful, I’m so impressed with this kit and plan to buy more for Christmas presents this year.",Wow! Great kit!,light,blue,combination,blonde,P503123,Smooth Like Butter Kit,Josie Maran,30.0
12788986912,5,1.0,0.9333329796791076,15,1,14,2022-10-07,"Just received this product earlier this week and used it today after a shower. I absolutely love the smooth texture of this cream: It is rich and the scent is subtle (which I like). I’ve only opened the sugar glazed apricot cream so far, I am so excited to try the rest! A great set to test the collection, and the price is not bad compared to other body creams at Sephora. In terms of size, each cream is about 59 ml.",Loving the texture,,,dry,,P503123,Smooth Like Butter Kit,Josie Maran,30.0
31126061028,5,1.0,,0,0,0,2021-07-27,"I’m so in love with this anti-wrinkle moisturizer!!This cream is so lovely and rich- it’s so hydrating!  I like to use it at night, right before bed, after I apply my eye cream. I would definitely get again and would recommend.",Rich + Lovely,mediumTan,brown,combination,brown,P474121,SD Advanced  PLUS Intensive Moisturizer For Wrinkles & Stretch Marks,StriVectin,82.0
7523359355,2,0.0,0.6923080086708069,13,4,9,2022-09-22,I bought this but gave 3 out of the 4 away.. I found that they really pulled on my hair instead of shaving it and the Blane was way too long to contour the angles of my face properly. I thoughtthoughyit would be great for eyebrows but big NOPE!,,lightMedium,hazel,dry,brown,P482312,Facial Razor Set,SEPHORA COLLECTION,12.0
10248903579,4,1.0,,0,0,0,2023-03-18,"Literally not a makeup remover, and I guess it’s good it doesn’t advertise as one either. The texture is very creamy and milky, it does have a very light baby powder/floral sweet scent I actually really like. The directions say to use on dry or damp skin, I used on damp skin and it was VERY grippy and thick, I thought it would remove makeup because it almost felt like my oil based makeup remover balm, kinda Vaseline and residue feeling but all that washed away with the water and left nothing behind. Very easy to wash off. I still had mascara all over my eyes though. So I double washed again and still had mascara on my eyes lol. But my actual skin felt sooo soft and conditioned just as advertised. I don’t like to moisturize before I go to bed because I will break out so this is good for me because I feel moisturized without applying any extra product. My skin doesn’t feel heavy or greasy. I like it!!! Just use on bare skin or after you remove all makeup",Not a makeup remover,,green,combination,blonde,P504524,Milky Jelly Gentle Gel Face Cleanser,Glossier,19.0
1667320705,5,1.0,0.75,4,1,3,2022-02-26,This serum is a must. It replaces so many other serums. I love that it contains vitamin C and hyaluronic acid.  My skin is very red and can get patchy. This soothes my skin and calms the redness. I love that. The color of the bottle is so pretty. The texture is smooth and not sticky. It doesn’t leave a film on your skin. It absorbs well.,,light,green,dry,red,P476676,Youth Reformer Firming Vitamin C Oil Serum,FaceGym,110.0
1207311942,5,1.0,1.0,1,0,1,2020-05-16,"Sometimes a face cream just isnt enough for me. Enter this spray. The scent was a bit strong for me at first, but just hold your breathe and close your eyes when you spray. I got used to it. It is so moisturizing for my skin (i live in Colorado where its very dry) love it!!",Love it but don’t inhale ;-),fair,blue,dry,blonde,P452004,Rose Hibiscus Hydrating Mist,Herbivore,36.0
7376810252,5,1.0,0.735293984413147,34,9,25,2020-06-09,"I tried a lot of anti-aging, lifting & firming creams and nothing really work except this one.  I even could see the different after just a week.  The cream doesn’t give a sticky feeling and even my skin absorbs it well.",,light,brown,dry,black,P457520,FIRMx Collagen Moisturizer,Peter Thomas Roth,88.0
10519316396,5,1.0,0.6666669845581055,3,1,2,2022-06-09,"I got combination to oily skin, however this product is definitely good for all types of skin.the only one I don’t like is the cleanser, the texture is so weird, I thought it would make more pimples but it didn’t, so it is still probably a good cleanser just I don’t like the texture and the way it smells just like chemical.This serum and moisturizer is good for whole seasons I think, till the next day only clean, dewy, and soft feelings left on my skin, and no more pimple in my face since I used this set as my night routine.",Would buy the serum and moisturizer again!,lightMedium,brown,oily,black,P483701,Daily Essentials Travel Set,The Outset,50.0
24329242052,5,1.0,1.0,3,0,3,2023-01-27,"Packaging is so cute and so far everything works well! Plus its so much cheaper than buying everything separate, the products last a long time too so i say worth it",,light,blue,oily,blonde,P501474,The Youth Vault: 13-Piece Vegan Skincare + Apparel Set,Youth To The People,340.0
1672005371,3,,0.75,4,1,3,2016-08-30,"I bought this on the recommendation from a Sephora Cast Member.  She applied it on my skin during a mini facial and I liked how it felt when she sprayed it on my skin.  I have been using it daily for the past month, and haven’t noticed any “resurfacing“ effect.  Haven’t had any peeling skin or flakiness that I typically get with retinol products.  It has a light pleasant scent, and it applies very easily.  My skin seems to soak in this product almost immediately.  I’ll continue using it, but don’t know if I’ll repurchase unless I begin to see some significant results.",On the fence,,,combination,,P404232,DermalQuench +Retinol Advanced Resurfacing Treatment,Kate Somerville,110.0
25342322469,5,1.0,,0,0,0,2023-03-18,"I haven’t using this product but I heard that is a really good product , I’m so excited to try Im pretty sure it will work perfectly on my skin and look amazing in a Few weeks , and have a smooth face",A good gift,medium,brown,combination,blonde,P505047,High Performance Face Serum with Vitamin C and Hyaluronic Acid,MACRENE actives,195.0
10703330775,5,1.0,0.8409090042114258,44,7,37,2019-07-20,"Leaves the skin feeling very smooth and hydrated, but has a very grass-like smell. I wouldn’t recommend if your not into that smell.",Smoothes the skin,deep,brown,combination,black,P447597,100% Organic Virgin Chia Seed Oil,The Ordinary,8.5
938190977,2,0.0,0.619047999382019,21,8,13,2020-05-16,"I really don’t see the hype with this face. I’m a skin care junkie and I pretty much have every face mask that Sephora sells. I used this mask for a week and although it has a soothing feel, I didn’t get much else out of it. I’ve used her hyaluronic acid and I would buy that if it wasn’t ridiculously expensive, so I know she must have other decent products, but this one is going back. Don’t waste your money unless you like being disappointed.",Not the best! Don't bother.,fair,blue,combination,blonde,P448711,Face Mask,Dr. Barbara Sturm,125.0
8586285574,5,1.0,0.800000011920929,10,2,8,2020-01-22,I’ve always have problems with dark spots on my cheeks area growing up. Spending time in the sun does not help either. Ever since I started using this concentrate I’ve noticed the spots fading away. I used this to target the problem areas and it’s been great. Did I mention how cute the bottle looks on my bathroom sink?!,Works great,medium,brown,combination,brown,P453822,Dark Spots No More Triple Acid Spot Minimizing Concentrate,Dr. Brandt Skincare,71.0
5796984654,5,1.0,0.0,1,1,0,2021-07-17,I been using this cream during and after my pregnancy specifically for stretch marks and now using it after my second pregnancy. Definitely I see the difference . Would highly recommend to use minimum 2 times daily .,Great,fairLight,green,oily,blonde,P474121,SD Advanced  PLUS Intensive Moisturizer For Wrinkles & Stretch Marks,StriVectin,82.0
5377133952,5,1.0,,0,0,0,2023-03-17,I been using this oil for the past week and let me just say this oil is amazing. I love the ingredients in this oil. This oils deeply hydrated my skin throughout the day my skin feel hydrated and glowy.,,light,brown,combination,black,P504026,Mini Algae + Moringa Universal Face Oil,MARA,40.0
985770407,5,1.0,1.0,1,0,1,2022-12-20,This facial oil is absolute heaven for my dry skin. I love it on its own or mixing it in with my moisturizer. It plumps up my skin and gives is the most luminous glow.  I am also an avid user of powder foundation so using this as a base it’s perfect to make sure my skin doesn’t look dry.,A dry skin must-have!,light,brown,dry,blonde,P504026,Mini Algae + Moringa Universal Face Oil,MARA,40.0
6799510894,5,1.0,1.0,1,0,1,2023-02-24,Go to gentle cleanser for my sensitive skin for years!,,medium,blue,dry,brunette,P504524,Milky Jelly Gentle Gel Face Cleanser,Glossier,19.0
30477385322,4,1.0,,0,0,0,2023-03-10,"This resurfacing treatment was gentler than I expected on my dry skin, but twice a day is too much for my skin, so I used it nightly. I did find my skin texture to be a bit improved with regular nightly use. Gifted by Hourglass Cosmetics.",,fair,hazel,dry,blonde,P504637,Equilibrium Resurfacing Retinoid Treatment,Hourglass,110.0
1274594252,3,1.0,0.9285709857940674,14,1,13,2019-04-04,"While I like this mask, it’s not my favorite of the bunch.  The mask is very saturated and slippery, which is great because that’s more for your skin, but this mask always seems to slip off my Foreo before the treatment is done.  I don’t have this problem with the other masks I’ve tried, but each time I use this one in particular, it can’t seem to stay put on the device.  I’ve tried being gentler with this than the others and prepping my face with some of the leftover serum in the packet to make my skin more slippery, but it before the 90 second treatment is done, this mask still finds a way to slip out from under the ring.","Great formula, but the Mask is too Slippery",mediumTan,brown,normal,black,P436346,Youth Junkie Activated Mask,FOREO,21.99
25452917574,4,0.0,0.6666669845581055,51,17,34,2021-03-05,"This serum is good, but it’s definitely not the best Vitamin C option for the price. I don’t think it’s justified when there are more potent and beneficial options out there for more than half the price, and they are just as gentle. This is enjoyable to use and is definitely an indulgence, but considering she said Vitamin C was terrible for your skin a few months ago, I’m not sure how effective this will be long term at a concentration of 5%.",Overpriced,lightMedium,brown,dry,blonde,P469200,The Good C Vitamin C Serum,Dr. Barbara Sturm,145.0
1875832873,5,1.0,1.0,2,0,2,2020-07-23,This worked next day my pimples & cystic acne sz was smaller,works!,medium,brown,normal,brown,P457439,Clarifying Lotion,SEPHORA COLLECTION,16.0
2708555145,5,1.0,0.0,3,3,0,2022-02-27,"My winter skin is loving this serum right now! It has just the right texture and enough slip to give the skin a smooth canvas, but not so oily where it looks greasy. It makes my skin look glowy and healthy! gifted by FaceGym",,fairLight,hazel,combination,auburn,P476676,Youth Reformer Firming Vitamin C Oil Serum,FaceGym,110.0
10076923894,3,0.0,0.0,1,1,0,2023-02-04,"Personally for myself I was not a big fan of these products, they are a little too thick on application. I have combo/oily skin and after using the moisturizer it made it feel 10x worse. The lactic acid acid burned pretty bad on application. The vitamin c rose oil was okay, but tou only need a  a pea size amount",Its alright,fairLight,blue,combination,black,P480278,Rapid Radiance Set,Biossance,35.0
11476219419,5,1.0,,0,0,0,2023-01-02,"This MARA Algae Retinol Face Oil is so luxe. This face oil has lightweight consistency, is fast absorbing and non greasy. It smells amazing and is so relaxing. I use this face oil for my morning and night routine. I love how it leaves my skin hydrated and moisturized. My skin appears brighter and glows. Also, it smoothes the appearance of wrinkles and fine lines. It is a must have face oil.",A must have face oil,,brown,combination,black,P504016,Mini Evening Primrose + Green Tea Algae Retinol Face Oil,MARA,66.0
27751688500,5,1.0,0.857142984867096,7,1,6,2021-10-03,"Love the mattefying affect of this product. The photos are deceiving though, the light tint does not give coverage at all lol BUT it was important for me to use a sunscreen that would not make me look oily- this does the job",Great,lightMedium,brown,oily,brown,P476733,Mineral Mattescreen Sunscreen SPF 40 PA+++,Supergoop!,38.0
36747572541,5,1.0,1.0,1,0,1,2022-05-09,It smells nice. It feels refreshing. It sooths my dry skin.,Refreshing,light,hazel,combination,blonde,P440483,"Facial Spray with Aloe, Cucumber and Green Tea",Mario Badescu,7.0
23023076962,4,1.0,,0,0,0,2022-11-18,"This is an amazing set to start your clean routine! I’ve been using it for a week and really love the experience. All the textures are nice and gentle. I also appreciate fragrance free formulation. As for the results - I can’t see any dramatic changes for now but it seems like the amount of blemishes reduced, which isn’t bad for a week. I’m excited  to see the long term results.",,fair,blue,oily,blonde,P483701,Daily Essentials Travel Set,The Outset,50.0
2415392494,5,1.0,,0,0,0,2017-10-30,My looked in the mirror so shocked after using it because my face was gloooowing!,,light,brown,combination,black,P399622,Luminous Deep Hydration Lifting Mask,Tatcha,95.0
1729832988,5,1.0,1.0,3,0,3,2021-04-22,"I have dry, sensitive and easily reactive skin. I don’t always have active blemishes but when I do I always reach for this cleanser. It is so gentle yet purifying and fast acting! Love this cleanser so much. I will even use a little extra an out it on as an acne mask for 10-20 mins. It just amps up the results!",Clear and calm - that's for sure!,fair,blue,normal,auburn,P470049,Clearcalm Clarifying Clay Cleanser,REN Clean Skincare,38.0
1264260290,4,1.0,,0,0,0,2023-03-04,"I love this cleaner and have used it for years. It’s perfect for my very sensitive skin. Usually I can’t handle scent in skin products but this has never bothered me. BUT, packaging is so so bad There’s so much left",Love but terrible packaging,fairLight,blue,combination,gray,P504524,Milky Jelly Gentle Gel Face Cleanser,Glossier,19.0
8503102898,5,1.0,0.6000000238418579,5,2,3,2022-09-03,Best pore and oil control set ever each product helps to keep your pores free of guck! My face is really oily and this keeps my face hydrated but oil free ❤️❤️❤️ love it,MUST BUY IF YOU HAVE OILY SKIN!,tan,Grey,oily,black,P472180,Balance It All Oil Control & Pore-Refining Set,OLEHENRIKSEN,40.0
12175422344,5,1.0,,0,0,0,2023-03-17,"I received this product complimentary from Mara Beauty. Holy hydration! This oil is honestly perfect for the winter months, so incredibly hydrating. But it also sinks well into the skin, doesn’t sit on top of it making you look greasy, which is fantastic. I’m picky about my face oils because of this exact experience. Cute little bottle, wish it was a little bigger perhaps, but the product itself it lovely!",,light,brown,normal,blonde,P504026,Mini Algae + Moringa Universal Face Oil,MARA,40.0
21580022649,1,0.0,1.0,5,0,5,2023-03-04,"This little value set was so shrinkflated! Honestly the smallest amount of product I’ve encountered in one of these sets, it NOT worth the cost at all. The product is ok but nothing to write home about. Save your money!",Shrinkflation at work! Save your money,,,,,P480278,Rapid Radiance Set,Biossance,35.0
37717474776,4,1.0,1.0,1,0,1,2023-02-08,I really like this cleanser to just clean my face but it doesn’t help with acne or anything.,,fairLight,blue,normal,red,P471547,Mini Beste No. 9 Jelly Cleanser,Drunk Elephant,16.0
36254496971,5,1.0,,0,0,0,2023-02-21,"I have been using this set every night before bed, and it has improved my skin tremendously. It feels really oily when you first put it all on, but it soaks in by morning. I highly recommend.",My favorite nighttime routine,light,blue,combination,brown,P480278,Rapid Radiance Set,Biossance,35.0
2050634686,5,1.0,0.5,2,1,1,2023-02-08,"I love this cleanser! Not drying or harsh, but my skin feels clean and fresh after using it. The price is very good too!",Great affordable cleanser!,light,green,dry,blonde,P482007,Dewy Glow Jam Cleanser with Jeju Cherry Blossom,innisfree,13.0
5903497606,5,1.0,1.0,22,0,22,2020-02-12,"I’ve tried both versions of this hydrating mist and enjoyed them both. I have sensitive skin and found this to be a soothing hydrating product. I use it to prep my skin for vitamin c serum. The added hydrolonic acid does provide more moisture for my skin than the older version. Although I preferred the scent of the old one this new one smells lovely too. Some might prefer this scent because it is lighter. I highly recommend this product. On a side note I noticed one reviewer said this contains alcohol and it is sold at discount stores, let me assure you it does not contain alcohol and the ones I’ve seen at discount stores are knock offs. I know because my sister bought one thinking it was this and I almost fell for it too. That reviewer was likely mistaken and bought a knock of that has very similar packaging but is NOT made by Herbivore.... buyer beware.",,fairLight,hazel,oily,auburn,P452004,Rose Hibiscus Hydrating Mist,Herbivore,36.0
5785434712,5,1.0,,0,0,0,2021-07-19,"Compliments of StriVectin, I’m beyond grateful for this opportunity to experience the SD Advanced + Plus Intensive Moisturizing Concentrate. It’s awesome! I’m always looking for a great effective formula and when it comes to skin care StriVectin and their special NIA114 technology truly helped my skin in days. The fine lines appear lighter and tighter! I’m always pleasantly excited and grateful for results, they’ve done a fabulous job!",Amazing Formula!,lightMedium,brown,dry,brown,P474121,SD Advanced  PLUS Intensive Moisturizer For Wrinkles & Stretch Marks,StriVectin,82.0
5224646387,4,,0.6666669845581055,3,1,2,2017-07-29,Plus- give a nice glow- super moisturizing Delta- might be a bit pricey (all Tatcha product are)Overall Very happy with the results! Easy to use and work super! Will definitely re-purchase!,Love this mask!!,,,,,P399622,Luminous Deep Hydration Lifting Mask,Tatcha,95.0
9265821293,5,1.0,,0,0,0,2022-11-07,I have really been wanting to try products from The Outset and this 10 day kit is the perfect thing to sample the brand. I have really loved the results I’ve seen and texture of my skin over the past few days. I will definitely be looking at purchasing some of these products in full size.v,,,blue,combination,blonde,P483701,Daily Essentials Travel Set,The Outset,50.0
9128319088,5,1.0,0.8636360168457031,22,3,19,2020-01-23,"I received this product as a free gift but this is my honest review. For reference I have semi-mature (I’m 35yrs old) combination skin with a few minor dark (sun) spots I was wanting to fade. I applied this serum as a spot treatment for my dark areas only. After I cleansed my face, I applied this serum every morning and night for a week. It’s very lightweight feeling and quick absorbing. It didn’t feel sticky either. One week isn’t long enough to see major results so my expectations were low..to my surprise I noticed my dark spots were def fading a little!! I can’t wait to see the results after using it for longer period of time. Oh, don’t forget to wear sunscreen if you apply this concentrated treatment in the morning cause your skin might be sensitive to the sun! Anyways, I highly recommend you try this serum! It looks so chic on my vanity with its cute, slick packaging :)",it works y’all!!,medium,brown,normal,black,P453822,Dark Spots No More Triple Acid Spot Minimizing Concentrate,Dr. Brandt Skincare,71.0
27237177090,4,1.0,0.5333330035209656,15,7,8,2020-08-16,"I been using this face oil about a week, to closed my routine, and is really good, I am oily skin, acne prone and has made my breakouts. I recommend.",,mediumTan,brown,oily,brown,P447597,100% Organic Virgin Chia Seed Oil,The Ordinary,8.5
25569369026,5,0.0,,0,0,0,2023-03-18,"I recently got the MARA Universal Face Oil, and it has been an amazing addition to my skincare routine! It‘s lightweight and nourishing, making it easy to absorb into my skin and leaving it feeling extremely hydrated and soft. Plus, I’m confident that it’s a safe product since it is crafted with natural ingredients and free of synthetic fragrances, dyes, and parabens. The scent is pleasant and mild, so it has not caused any irritation on my sensitive skin. I received this facial oil complimentary from MARA.",,mediumTan,brown,combination,black,P504026,Mini Algae + Moringa Universal Face Oil,MARA,40.0
10435308767,4,1.0,,0,0,0,2022-12-20,Loved using this detoxifying mask! It felt very luxurious and calming to the skin even though it clarified my skin pretty well. You get a good amount of product in the container too so that’s a plus!!,,lightMedium,hazel,combination,,P504040,Spirulina + Ashwagandha Volcanic Sea Clay Detox Masque,MARA,54.0
7101217510,5,1.0,,0,0,0,2022-12-28,This face oil is SO luxe. It feels amazing on my skin and gives me the extra hydration I need during the winter months (especially in Seattle)! Oil is a must in my nighttime skin care and this one js great or sensitive skin too.,A must have night time oil,,brown,dry,black,P504026,Mini Algae + Moringa Universal Face Oil,MARA,40.0
46267313188,5,1.0,,0,0,0,2023-01-31,"I’ve been using it for a week now and the results are already showing. My skin is healthier, hydrated, and glowing! Plus the packaging is really nice. The cleanser is probably my favourite, it’s so versatile and my skin always feels great afterward. I got my Aunty to help ship it over to me and I have no regrets. I officially love The Outset!",The Daily Essentials starter set is AMAZING!,,blue,combination,blonde,P483701,Daily Essentials Travel Set,The Outset,50.0
2856252803,5,1.0,1.0,4,0,4,2022-04-14,Application is key. I use a continuous sprayer and mit to blend it out after spraying in each area. I also use a makeup brush on my hands and feet to blend it out better so it doesn’t leave any blotches or noticeable fake tan streaks. Love the formula so much! It smells great and dries quick and don’t transfer - the best part.,my ride or die,lightMedium,green,combination,brown,P459140,Self-Tanning Water Refill,Isle of Paradise,24.0
1791474324,5,1.0,0.0,1,1,0,2019-10-22,This is such a fun gloss!  It is very hydrating and I love the roller ball application.  It is not sticky and I enjoy using it.,Fun to Apply,light,hazel,combination,brown,P449102,Crystal Ball Roller Gloss,INC.redible,12.0
5908403610,1,0.0,0.8222219944000244,45,8,37,2019-12-13,"I wish I can like them. But they are so disappointing. The material of the mask is very easy to dry up, and it’s hard to absorb. The liquid in the package which is supposed to be hydrating, is very thin like water, after placing the sheet mask on my face, and apply all the juice from the package, it can’t even last longer than a $6 primera lotus sheet mask. Even the $12 dewy skin mask from its own brand works better than this one. I don’t understand how others love it so much.  I got this after reading some of the comments, and also because of the high price, figured it should be a good mask. Guess high price doesn’t always mean it’s good quality. So disappointed. Also the mask doesn’t have a good smell to it, smells like chemicals.",Very disappointed!,medium,brown,dry,black,P399622,Luminous Deep Hydration Lifting Mask,Tatcha,95.0
1405351453,3,0.0,0.75,4,1,3,2022-03-29,"This is a nice face mask, but I wouldn’t repurchase due to the price.","If you want to waste your money, go ahead",fair,green,normal,brown,P448711,Face Mask,Dr. Barbara Sturm,125.0
24875468671,1,0.0,1.0,2,0,2,2021-08-01,"Everything about this is misleading. An actual peeling mask starts as a gel and then dries so you can PEEL it off. This stays a gel that you wash off. For all those saying “it says to wash your face with warm water idk what you expected” just about every mask including actual peeling masks say that!! To get rid of any residue. However THIS was a waste of money. I already have an exfoliating scrub, I wanted a mask that PEELS. Stepped out of my usual peeling mask brand and I’m disappointed. Only plus is it smells good but since there are little beads in it, I wouldn’t even recommend using this more than a couple times a week as I’m sure it’s abrasive. And no it’s not a chemical peel either. Save your money.",A Fable,medium,brown,combination,black,P446820,Grapefruit Peeling Mask - Skin Perfection,SEPHORA COLLECTION,8.0
1534081163,3,0.0,0.0,3,3,0,2022-02-22,Something in this product irritates my allergies. Will not be purchasing again.,,light,hazel,combination,brown,P469524,RESIST Super-Light Daily Wrinkle Defense SPF 30,Paula's Choice,37.0
6716846708,5,1.0,0.9285709857940674,14,1,13,2021-04-13,"If you can get a sample of this, definitely give it a try. I have very sensitive, dry and reactive skin. Introducing new products often breaks me out. I had a few samples of this vitamin c serum and was really excited to give it a try before swallowing the hefty purchase price. I have previously used the Volition strawberry C which I hated, and the Caudalie serum that’s an alternative to vit C which I loved to give you an idea of my past experiences with similar products. This serum is absolutely lovely. The texture is light but not too light (very similar to the Caudalie) and a little goes a long way! It absorbs well and quickly making moving to the next step in your routine a breeze. I’m 36 and have some fine lines, some discolouration and redness. I have seen my redness go down, my skin looks more even and I’ve experienced no breakouts. Very happy and will repurchase again for sure. I plan to switch back and forth between this and the Caudalie as I enjoy both very much. Hoping to try more from this line in the future.",100% worth a try,fair,green,dry,brown,P469200,The Good C Vitamin C Serum,Dr. Barbara Sturm,145.0
1783109784,5,1.0,,0,0,0,2023-03-01,"Amazing cleanser! Super creamy and gentle and foams up so nicely. It has a gentle oat-like smell that is very pleasant. I’m very happy with this product, I love everything about it, I highly received recommend it for sensitive skin.",Perfection,light,green,dry,blonde,P454315,Milk Cleanse Gentle Foaming Cleanser,Moon Juice,32.0
8364661373,5,1.0,1.0,3,0,3,2023-01-06,"Been using now for over a week, I’m relatively new to skincare and so far my skin feels amazing after using.",,fair,hazel,normal,blonde,P503872,Mini Mandelic Acid + Superfood Unity Exfoliant,Youth To The People,16.0
5189824401,5,1.0,0.0,1,1,0,2019-10-21,I love how this gloss looks on my lips and so shiny and I added a lipstick over the gloss and my lips look so good,Great gloss,lightMedium,brown,normal,brown,P449102,Crystal Ball Roller Gloss,INC.redible,12.0
27830507674,5,1.0,1.0,1,0,1,2022-11-23,"This set is a great way to try The Outset cleanser, serum, and moisturizer before getting the full size, or if you’ve already tried it, makes a great travel set. The cleanser is gentle and doesn’t irritate my eyes, and the moisturizer is hydrating and smells fresh and clean.",,lightMedium,brown,combination,black,P483701,Daily Essentials Travel Set,The Outset,50.0
21658417388,1,0.0,0.1818179935216903,22,18,4,2021-10-05,"VERY PIGMENTED BUT NO COVERAGE! Like literally none. Buy the unseen. It’s the same but a few dollars cheaper. I love the sunscreen, gave 4 stars on unseen, but because this is marketed as pigmented, I give 1 star. Just go with unseen or CC cream if you actually want coverage.",NO PIGMENTATION,fair,blue,oily,blonde,P476733,Mineral Mattescreen Sunscreen SPF 40 PA+++,Supergoop!,38.0
29607824291,2,0.0,1.0,4,0,4,2022-10-03,I have been using it for last few months. I’ve almost finished a first packaging. Sephora beauty consultant recommended this for my cystic skin. I have more pimples now. This didnt do anything special.,,light,brown,combination,black,P470049,Clearcalm Clarifying Clay Cleanser,REN Clean Skincare,38.0
5231632068,5,1.0,1.0,5,0,5,2022-03-10,"I’m shocked this only has 2 stars, I love this matte spf! I wear this spf after my primer, before I apply a minimal makeup look. It has no cast on my olive skin, stays pretty matte and wears well through out the day. I’ve tried so many SPFs, so far this is a winner. I will definitely be repurchasing.",I’m shocked!,mediumTan,brown,combination,black,P471064,Max Matte Shine Control Sunscreen Broad Spectrum SPF 45,Peter Thomas Roth,38.0
2198777955,5,1.0,,0,0,0,2023-02-22,I received complimentary from Face Gym. My dry skin is really enjoying this oil serum. It soaks right in and I love using it with my moisturizer as a skin prep before makeup. It leaves just the right amount of glow without making my skin look greasy all day.,,light,hazel,combination,,P476676,Youth Reformer Firming Vitamin C Oil Serum,FaceGym,110.0
42566769483,5,1.0,1.0,4,0,4,2023-02-22,Love this! I use it as skincare product because I don’t really have any makeup ones but this leaves my skin so refreshed! I always use it as my last serum because I use it for the dewy finish and not the actual benefits. But if I had foundation or something like that I would def use it with it! Not to mention this stuff smells soooo good and the fragrance doesn’t bother my skin at all!,This is baeee,mediumTan,brown,dry,brown,P504636,Mini Watermelon Glow Niacinamide Dew Drops,Glow Recipe,20.0
10171071994,5,1.0,1.0,2,0,2,2022-12-12,I love the Dr. Sturm face mask because it is so hydrating. I love the creamy texture of the mask and it is different from all the other ones I have tried. You can rub it off instead of using water and it gives a gentle exfoliation while maintaining hydration. Extremely innovative and easy to use. My skin feels soft and looks extremely glowy after using the mask:),Love the sturm mask,,brown,combination,black,P448711,Face Mask,Dr. Barbara Sturm,125.0
26234795895,4,0.0,0.5,8,4,4,2020-12-07,"The product is fine overall but it hasn’t done much for my hair, I’ve been using this for about a month now.",,tan,brown,dry,black,P447597,100% Organic Virgin Chia Seed Oil,The Ordinary,8.5
9140546595,3,0.0,0.6470590233802795,34,12,22,2020-04-08,made me personally break out a little bit so i stopped using it but i did love the way it moisturized my skin so i’m very sad about it. judging from other reviews i am sure it is a great product and is worth trying out to see how it works with your skin,broke me out but is moisturizing,,,combination,,P447597,100% Organic Virgin Chia Seed Oil,The Ordinary,8.5
1334556449,1,0.0,1.0,5,0,5,2020-07-18,"The scent isn’t great, and it didn’t feel moisturizing at all once it dried. Unless you spray it at very close range, it mostly floats away. Made me break out in tiny whiteheads.",,fair,brown,combination,brown,P452004,Rose Hibiscus Hydrating Mist,Herbivore,36.0
1408442898,2,0.0,0.0,1,1,0,2021-07-30,The color is good but I cannot get this to apply without this being streaky and uneven. I use a continuous spray bottle and a mitt and every time hate how it turns out. Never have this issue with a foaming self tanner (my fav is St. Tropez). Definitely do not recommend when there are better products out there.,Streaky and better products on the market,lightMedium,blue,normal,brown,P459140,Self-Tanning Water Refill,Isle of Paradise,24.0
8205167896,4,1.0,0.75,4,1,3,2022-04-17,"Really lovely product and a great value. I love when Sephora has this mini sampler sets. Everything has been working for the past week. The only thing is that if you have oily skin, this may leave your skin a little oiler than normal. I have combination skin and I find I can’t use this for my morning routine or my face is too oily. But it’s great for my nighttime one.",Moisturizer to the max!,mediumTan,brown,combination,brown,P480278,Rapid Radiance Set,Biossance,35.0
2269583824,5,1.0,,0,0,0,2022-12-22,"I love how retinol reduces the appearance of fine lines and acne. I was intrigued by this product because I’ve never seen a retinol containing face oil before. Typically retinol can be drying on the skin, so I figured having this ingredient contained in an oil would help mitigate the drying effect. The packaging is extremely luxe and high end. Mara is always on top of all the details with the quality of their products. I applied this product to cleansed and followed up with a moisturizer. The product absorbed beautifully into my skin and left me with a radiant glow. When I wake up, my acne has reduced and my fine lines look less noticeable as my skin overall is a lot more moisturized. I only use this product in the PM, and am sure to follow up with an SPF in the morning.",Moisturizing Retinol Product (2 in 1),,green,combination,blonde,P504016,Mini Evening Primrose + Green Tea Algae Retinol Face Oil,MARA,66.0
37434701304,5,1.0,,0,0,0,2022-12-22,With the colder weather I’ve been using a face oil as the last step of my night routine and I am loving this one by Mara! It’s so hydrating and I wake up with plumper skin that is not as dry. I have a little dry spot by my nose and this oil takes care of that.,A perfect last step for the winter,light,,combination,,P504026,Mini Algae + Moringa Universal Face Oil,MARA,40.0
1888933204,3,0.0,0.8333330154418945,6,1,5,2020-05-10,J’ai une très et peut-être minime amélioration des mes tâches après plusieurs mois...  Il y a des produits plus efficaces.,,fair,blue,combination,blonde,P453822,Dark Spots No More Triple Acid Spot Minimizing Concentrate,Dr. Brandt Skincare,71.0
1838536363,5,1.0,0.847458004951477,59,9,50,2020-09-01,"I really am confused by all the negative reviews.  This dark spot corrector absolutely works.  Does it work like magic?  No, but none of them do.  I get post-acne dark spots that make me miserable and I feel like that’s all anyone can seE when they look at me.  I had a few really bad spots recently and started putting Dark Spots No More on in morning and at night.  After two weeks there was visible lightening of my spots and after a month, they look great and no longer are the first thing I notice when I look in the mirror.  I’m so happy!  For years I’ve used Dr. Murad’s Post-Acne Spot Lightening Gel, which also works pretty well, but I wanted to try something new for my skin.  After having tried a few busts, I’m really happy to have found Dark Spots No More!",Absolutely works!,tan,brown,oily,black,P453822,Dark Spots No More Triple Acid Spot Minimizing Concentrate,Dr. Brandt Skincare,71.0
12791724794,3,0.0,0.800000011920929,25,5,20,2019-04-26,"Three stars bc i think drunk elephants vita C and tatchas vita C work way better for giving that glow underneath a moisturizer. however, this stuff smells so great. im using it right now bc im out of the other two, and i literally look forward to putting it on in the morning just for the smell. So.. for the price, i would prob not consider rebuying it. but the smell keeps me using the one i already have.",good smell but better formulas are out there,light,green,normal,blonde,P427731,Capture Youth Glow Booster Age-Delay Illuminating Serum,Dior,110.0
27793190913,5,1.0,0.800000011920929,5,1,4,2023-01-19,"great product highly recommended, hope you will have bigger size",,light,brown,dry,blonde,P503872,Mini Mandelic Acid + Superfood Unity Exfoliant,Youth To The People,16.0
24451005216,4,1.0,0.7142860293388367,7,2,5,2022-09-18,"Solid cleanser! I didn’t really love the texture, it was a bit messy, but it did foam. It’s a bit messy to rinse off so I’d recommend using a cloth. The packaging was very practical and cute. Would recommend to those looking for a cleanser for oily skin.","Great cleanser, strange texture",light,brown,normal,brown,P448562,Barrier+ Foaming Clay Cleanser,Skinfix,32.0
20199801665,5,1.0,,0,0,0,2023-02-24,"Been using it for years, feels so soft and lush, and it gets the job done.",On my third bottle,light,brown,dry,brunette,P504524,Milky Jelly Gentle Gel Face Cleanser,Glossier,19.0
28476469913,3,1.0,0.8999999761581421,10,1,9,2022-03-25,"Honestly, I decided to give these a chance because they’re not crazy overpriced and they come with a lot of positive feedback. First, if you have sensitive skin the cooling sensation might be to much; I can see why some individual describe it as “burning”. However if you can get past that then you’re absolutely going to love the benefits. My eyes felt amazing! I wish effects lasted a bit longer but for getting rid of puffy eyes in the morning it worked wonderfully. I would have given it more stars but they do not stay still! If you can manage to keep them in place for the 20-30mins just know you probably won’t be doing alot of moving.",Be Still!!,fairLight,hazel,oily,auburn,P481712,Party Recharge Cryo Me Crazy Under-eye Masks,INC.redible,20.0
930171082,5,1.0,,0,0,0,2023-03-13,So excited about receiving this product. This was always an issue for me. Now I feel I have found a product that really works. I don’t always need a filter now. I will continue to use and also tell all of my friends.,,light,brown,dry,auburn,P505047,High Performance Face Serum with Vitamin C and Hyaluronic Acid,MACRENE actives,195.0
8708161632,5,1.0,,0,0,0,2022-07-14,"best scrub, leaves my skin so soft. I recommend gently rubbing on skin",,medium,brown,dry,blonde,P471566,Mini Lemonade Smoothing Scrub,OLEHENRIKSEN,18.0
12772751878,3,0.0,0.75,4,1,3,2021-03-23,Eh didn’t like the texture too much. I don’t think it made a drastic difference in keeping my skin hydrated.,,tan,brown,dry,black,P469526,Water-Infusing Electrolyte Moisturizer,Paula's Choice,37.0
7031168699,5,1.0,1.0,4,0,4,2021-08-11,"I’ve tried a lot of face sunscreens and this is by far my favorite. Super lightweight and has a nice natural finish, not too dewy and not matte. The tint is super subtle and blends in well! I love that I don’t even feel like I have sunscreen on my face because the finish of this product is so perfect!",One of the Best,lightMedium,hazel,combination,brown,P469524,RESIST Super-Light Daily Wrinkle Defense SPF 30,Paula's Choice,37.0
2418781893,5,1.0,0.0784313976764679,51,47,4,2020-04-13,"I’ve had great results with every MJ product I’ve tried, so anticipating the same with SuperBeauty! Was really excited to see Glutathione and Astaxanthin included in this :)",Compelling ingredients!,light,green,combination,brown,P457002,SuperBeauty Daily Antioxidant SkinSupplement,Moon Juice,60.0
2071869453,5,1.0,0.7142860293388367,7,2,5,2022-04-08,I’m combo skin (oily in my t-zone) and this gives me a great matte finish all day. It’s an immediate blur that is great under foundation or with concealer. A little goes a long way and make sure you take the time to rub it in completely and set for a few seconds. Highly recommend.,This is it!,lightMedium,hazel,combination,auburn,P476733,Mineral Mattescreen Sunscreen SPF 40 PA+++,Supergoop!,38.0
21759181098,4,1.0,1.0,2,0,2,2022-11-23,I like the texture and how a small amount need only be applied. I am starting to see improvement in my skin.,,lightMedium,hazel,normal,gray,P457520,FIRMx Collagen Moisturizer,Peter Thomas Roth,88.0
7704024741,2,0.0,0.8600000143051147,50,7,43,2020-08-15,Did nothing for my dark spots! And the bottle is so small it did not last very long. Disappointing!,does not work,light,brown,oily,brown,P453822,Dark Spots No More Triple Acid Spot Minimizing Concentrate,Dr. Brandt Skincare,71.0
2614511242,5,1.0,,0,0,0,2022-12-20,Such a lovely and luxurious face oil! I love how this leaves my skin so soft and glowing. I have also noticed my texture is getting more smoother. I love to use this with my moisturizer and even drop some oil into my foundation. It works so well with my other skincare and just enchases my skin. To me this is one of the best face oils I have tried!! It just feels like high quality! Love!,,,brown,dry,,P504026,Mini Algae + Moringa Universal Face Oil,MARA,40.0
11034537405,4,1.0,1.0,5,0,5,2020-08-03,"Love these masks! They stay in place, and are loaded with serum. They brighten up and hydrate my under eye area well. Don’t expect dark circles to completely disappear however. Overall great product, I buy them every time I order!",Love these!,deep,brown,normal,black,P437960,Baggage Claim Rose Gold Eye Masks,Wander Beauty,26.0
5758310239,5,,1.0,11,0,11,2017-04-24,Mid 20s with occasional breakouts and dark spots/previous acne scarring. This was my first time using a retinol and I can’t even explain what a difference this made for my skin. The first time I used it I saw a difference. I love that this is a retinol you can use every night. It’s gentle so you won’t experience any peeling side effects but within two weeks I had zero breakouts and my scarring started to clear. Amazing!,holy grail of retinols,,,,,P404232,DermalQuench +Retinol Advanced Resurfacing Treatment,Kate Somerville,110.0
5209575610,3,0.0,,0,0,0,2023-02-05,"I have really dry skin and i love the way this feels on my face, but it’s made no difference to me. Maybe it’s better keeping oil at bay since I saw that on other reviews",Wanted to love,lightMedium,brown,dry,brown,P448562,Barrier+ Foaming Clay Cleanser,Skinfix,32.0
7571436324,5,1.0,1.0,1,0,1,2023-02-19,"For dry, sensitive skin only! I have super dry and sensitive skin, especially in the winter, and this has been my favorite to use in the winter time for many years. It does an okay job removing light makeup but you would probably need to remove any foundation/face makeup before washing your face with this. I love the feel and smell of the jelly cleanse and I feel like it cleans my skin without being too harsh. My friends with oily/combination skin have tried this and do not like it for their skin.","Great cleanser for dry, sensitive skin!",fair,hazel,dry,black,P504524,Milky Jelly Gentle Gel Face Cleanser,Glossier,19.0
6134911478,5,,0.8333330154418945,18,3,15,2015-12-27,"this is a great sheet mask. my skin was softer immediately. the results stayed for a few days. the other perk, I noticed less lines in a few days. I will use this again. worth the extra $$. parabens free, too!",my favorite,,,,,P399622,Luminous Deep Hydration Lifting Mask,Tatcha,95.0
7762911903,5,1.0,1.0,5,0,5,2023-02-15,"Originally when I got my first set, I was quite pleased with the creams and the lactic acid, but as my skin is oily, I did not use the oil. I forgot I even had it. This was my first experience with products containing squalane, and I was pleased to find my skin seemed to love it. I do not love hyaluronic acid; it irritates my skin, and because it is in EVERYTHING these days, I wind up with it in layers of products and I believe this results in foundations separating. I’ve really been having trouble in this regard, so I’m delighted to find a moisturizer that uses squalane instead. Now, recently I got hold of a benzoil peroxide cream that, unlike the usual stuff you get over the counter, was twice the concentrate (which I did not know at the time). After just two applications my face burned, itched, reddened, and finally peeled!  Horrible. Of course I discontinued use and threw it away. But my face needed repair, badly. Good moisturizer helped but not enough. I remembered the Biossance oil in this set, and dug it out of the drawer. It soothed my skin immediately. I applied it twice daily for a little over a week, and it did the trick. My normal (oily) skin finds it too much to use daily, but I apply it after a long bath or other drying environment and it makes my skin hydrated, luminous, and healthy looking.The eye cream in this set is one of my top five favorite products.",Great introduction to squalane; excellent products,fair,hazel,combination,gray,P480278,Rapid Radiance Set,Biossance,35.0
6459532428,5,1.0,,0,0,0,2022-12-24,i never broke out or had any bad reaction and i have really sensitive skin. I think it made my skin less dry though. Love this stuff. Makes a huge difference in my completion . I will continue using it and would buy it again after this bottle.,Love it,lightMedium,brown,oily,blonde,P504016,Mini Evening Primrose + Green Tea Algae Retinol Face Oil,MARA,66.0
905519137,5,1.0,0.9333329796791076,30,2,28,2021-04-14,"I can’t even begin to tell you how much money I’ve spent on different self-tanners in my lifetime. I’ve tried them all, high-end, drugstore brands, and everything in between. This one is the absolute BEST for pale skin. It does smell kind of funny when you first apply it (smells like beet sugar to me) , but the scent goes away after a few hours. It doesn’t have that terrible, lingering DHA smell that all the other self tanners have. The color is light, but so natural-looking. And it doesn’t streak and fades nicely as the week goes on.Even though it’s expensive, it really is incredible. Please never discontinue this product!!",My Holy Grail,fair,brown,combination,brown,P441645,Sunless Tan Firming Lotion,COOLA,46.0
8907202961,5,1.0,0.5,2,1,1,2022-04-13,Honestly loved this. It’s all about application! I personally put it in a continuous spray bottle and blend with a mit! Left my ankles and hands a little spotty but next time will just wash those areas shortly after application.,like!,light,blue,combination,blonde,P459140,Self-Tanning Water Refill,Isle of Paradise,24.0
1043847709,5,1.0,0.75,4,1,3,2022-03-25,"I love this product.  I use this on those days where I’m not putting on foundation but I want a little bit of coverage and definitely sun protection.  It starts out looking a little orange, but I’m about as pale as you can get, and surprisingly it blends in and looks pretty natural, even on my ghostly pale skin.  It keeps my skin matte and I feel it looks really great for a minimal makeup look.  I don’t think I’d ever wear this as a primer under makeup, but I also don’t feel like I need to wear makeup over it as it blurs well.  This is pretty much the only thing I wear for vacations now and I love that this is all I have to take for complexion products!  Definitely a fav I’ll continue to buy.",Love this!,fairLight,hazel,combination,blonde,P476733,Mineral Mattescreen Sunscreen SPF 40 PA+++,Supergoop!,38.0
24950965166,5,1.0,1.0,2,0,2,2022-02-10,"love this product! the bottle sprays the mist perfectly and it feels very refreshing and hydrating. I sometimes even apply at the end of my routine after a heavy moisturizer so just feel light. I generally don’t like very strong floral scents, that give me a headache but this is just perfect. as someone with sensitive acne prone combination skin, this doesn’t break me out. I will always repurchase.",,medium,brown,combination,black,P481401,Hydrating Jasmine Mist - Royal Refresh,RANAVAT,45.0
29952718323,5,1.0,,0,0,0,2023-03-17,Small bottle but it can last forever!! I regularly use this facial oil with my guasha and it’s been nourishing on my skin. I am so happy with this. Clean ingredients and make my skin happy and moisturized!,Good face oil to partner with guasha,medium,brown,normal,black,P504026,Mini Algae + Moringa Universal Face Oil,MARA,40.0
23783070456,5,1.0,1.0,1,0,1,2022-08-07,This was my first time using a product like this. I have combination skin and the parts of my face that are on the drier side can be hard to keep moisture in. I really liked this product. It was easy to use and being able to roll it mad then process fast and mess free.,,tan,brown,combination,black,P501024,Hydrating Active Roller with Hyaluronic Acid,FaceGym,70.0
7646271008,5,1.0,,0,0,0,2022-12-20,"Wow! I’m super impressed with the Algae Retinol Oil! It has fermented green tea, wild Algae and 1.2% retinol which helps my skin look and feel super soft and nourished. It transformed my dull dry skin to radiant, glowing skin! This oil is a powerhouse of antioxidants! Even with high percent of retinol it is perfectly gentle enough even for beginners! Can’t wait to see my long term results",Fantastic retinol oil,medium,hazel,dry,,P504016,Mini Evening Primrose + Green Tea Algae Retinol Face Oil,MARA,66.0
5441955044,5,1.0,0.0,1,1,0,2022-12-26,"Omg where do I even start? This is the HOLY GRAIL of skincare products. You need to use consistently for at least 3 weeks to start seeing the results but when they start to show up you will be SHOCKED at how much your skin transforms! Truly the best retinol out there, so hydrating and amazing.",Best Retinol Oil You'll Ever Try!,,green,dry,red,P504016,Mini Evening Primrose + Green Tea Algae Retinol Face Oil,MARA,66.0
9794707487,4,1.0,1.0,1,0,1,2021-04-30,"I love the texture and the finish of the product. It won’t feel greasy throughout the day. However, the package and the smell take off my 1 star. The product is easy to spill.",,light,brown,combination,black,P469524,RESIST Super-Light Daily Wrinkle Defense SPF 30,Paula's Choice,37.0
7628036902,5,1.0,0.2222220003604889,9,7,2,2021-02-20,I am a huge fan of microdermabrasion spa treatments so I was super excited when I got this Microderm Elite complimentary from PMD Beauty! This tool is super easy to use and lightweight.  With multiple exfoliating disc’s its perfect for every skin type! From ultra sensitive to very intense its great for everyone!,Obsessed!,lightMedium,brown,oily,brown,P467969,Personal Microderm Elite Pro,PMD,299.0
7972240465,5,1.0,0.8333330154418945,6,1,5,2021-04-26,"My favorite fore mask, simply the best it’s super moisturizing, it includes a lot of milky essence and changes your skin since the first use",the best ufo mask,fairLight,hazel,dry,brown,P436346,Youth Junkie Activated Mask,FOREO,21.99
1760534035,5,1.0,1.0,1,0,1,2023-01-27,"This travel size face oil is perfect for a hot beach vacation, a freezing cold one and everything in between. The oil is very hydrating and all you need is a tiny bit to get smoother glowy skin instantly!",perfect for hydrating your skin on the go!,light,brown,combination,,P504016,Mini Evening Primrose + Green Tea Algae Retinol Face Oil,MARA,66.0
6344265953,4,1.0,,0,0,0,2022-11-09,Great set for someone wanting to try this brand out for the first time! However is is kinda steep for $50 for 4 travel sized products. But products are nice and improved my skin a bit (would recommend for those older though).,,light,brown,combination,,P483701,Daily Essentials Travel Set,The Outset,50.0
6294449638,5,1.0,0.5,6,3,3,2022-10-01,"I have bought face razors before and I liked them for their convenience. This is my first time trying Sephora brand . I liked them even better than my previous brand. Smooth finish, no cuts or bumps. I. I use soW serum or",Loved it,deep,brown,combination,brown,P482312,Facial Razor Set,SEPHORA COLLECTION,12.0
2552151881,3,0.0,1.0,8,0,8,2022-07-12,Unfortunately I can’t see a difference after 2 months using this and it peels very badly when combined with any other products in my skin routine.,,mediumTan,brown,normal,brown,P474121,SD Advanced  PLUS Intensive Moisturizer For Wrinkles & Stretch Marks,StriVectin,82.0
34173640232,4,1.0,,0,0,0,2023-03-14,"This serum is made with organic and plant-based ingredients. No fragrance. Has an insanely long ingredient list with all sorts of popular serum-type ingredients: vitamin C, algae extract, peptides, hyaluronic acids, etc. The obvious upside is that this can be a great all-in-one serum, downside is if you’re sensitive to any of the ingredients, then you won’t be able to use it. Curious to try it long term, seems super promising so far.",,fair,brown,combination,blonde,P505047,High Performance Face Serum with Vitamin C and Hyaluronic Acid,MACRENE actives,195.0
1290376332,5,1.0,1.0,2,0,2,2020-08-05,Loving my superbeauty! I am a long time superyou user and couldn’t wait to try this. My partner and I have both been loving this supplement.,,lightMedium,hazel,combination,brown,P457002,SuperBeauty Daily Antioxidant SkinSupplement,Moon Juice,60.0
22265514702,5,1.0,1.0,2,0,2,2022-05-19,Love this! It has a silky texture and no sunscreen smell. You just need to add a little bit at a time so it doesn’t pill.,,fair,blue,dry,brown,P476733,Mineral Mattescreen Sunscreen SPF 40 PA+++,Supergoop!,38.0
1284430845,5,1.0,1.0,3,0,3,2023-01-13,"For anyone who’s been looking for a replacement for the discontinued Origins Balancing Tonic, this is it! It’s very similar even in smell but especially in effectiveness. This is my new skincare staple for sure!",Great Origins Tonic Replacement!,,,,,P503890,Green Tea Hyaluronic Acid Hydrating Toner,innisfree,22.0
21738306279,5,1.0,0.0,6,6,0,2021-12-28,I’m so happy with this device! It is so cool  I can do it by myself at home. I do it once per week and absolutely happy with the result. My skin looks bright and perfect now. I definitely recommend this!,An amazing device,medium,brown,combination,blonde,P467969,Personal Microderm Elite Pro,PMD,299.0
5194229831,5,1.0,,0,0,0,2023-03-17,"I received complimentary from Macrene Actives. Vitamin C, Vitamin E, Coffee Seed Extract, Red Algae are some of the ingredients I look for when shopping for brightening skincare. This sounds very promising as I recently incorporated it into my routine. My skin look smoother and feels much more supple.  It very gently on my sensitive skin, very lite weight and absorbs into the quite nicely.",Smoother Healthier Skin,tan,brown,combination,black,P505047,High Performance Face Serum with Vitamin C and Hyaluronic Acid,MACRENE actives,195.0
11581361541,5,1.0,,0,0,0,2019-06-25,It Gives a really healthy glow and makes you feel refreshed,LOVE THIS!!!,light,blue,normal,blonde,P440483,"Facial Spray with Aloe, Cucumber and Green Tea",Mario Badescu,7.0
11792242953,5,1.0,0.800000011920929,5,1,4,2022-07-12,"This set comes with 3 different products, and I like all of them! The pink jelly cleanser is actually a makeup remover. Wasn’t what I originally thought, but I liked it still. The other masks are nice too. Be careful with Blue Tansy, it has an extremely strong smell. It’s not a bad smell, just strange because of the natural ingredients. It’s great for oily skin. My face was so soft the next day. 100% recommend.",Awesome Set,fair,brown,combination,brown,P480174,Waves of Clarity Skincare Set,Herbivore,32.0
5775743240,5,1.0,,0,0,0,2023-03-21,This facial oil is fantastic! It leaves my skin extremely hydrated and I don’t even need to use moisturizer with this! It makes makeup sit on my skin so much smoother and I’ve definitely noticed more softness and plumpness!,Love!,light,brown,combination,,P504026,Mini Algae + Moringa Universal Face Oil,MARA,40.0
1329943661,5,1.0,1.0,6,0,6,2020-01-16,very calming for my skin. Every time I get a facial they keep telling me to stop using neutrogena products. When I tried this to replace my neutrogena cleanser I was pleasantly surprised. This never overdries my skin and I noticed I do not breakout.,works well,mediumTan,brown,oily,brown,P448710,pores no more Pore Purifying Cleanser,Dr. Brandt Skincare,38.0
2214784545,5,1.0,0.7894740104675293,19,4,15,2018-07-20,"The price point may be high, but this La Mer product does not disappoint!! I have very fair, dry and somewhat sensitive skin depending on the season, and this exfoliate was heavenly. Felt very gentle yet efficient; woke up to glowing clear skin in the morning. Sometimes exfoliates are too abrasive for me and leave me red or extra dry, but this one was somehow both exfoliating and nourishing. Used between a nickel and quarter sized amount for my whole face, so I feel this container will last me a very long time. Bought this product at Nordstrom’s, but will repurchase from Sephora in the future.",Holy grail exfoliant for dry/sensitive skin!,fairLight,blue,dry,brown,P431416,The Replenishing Oil Exfoliator,La Mer,135.0
6983451416,1,0.0,0.8888890147209167,9,1,8,2019-12-10,"I bought many Tatcha product works well and smells good, except this mask, which is smell bad and wastes your money. I returned it. It is not worth the price!",I don't recommend it!,fair,brown,combination,black,P399622,Luminous Deep Hydration Lifting Mask,Tatcha,95.0
44722571588,5,1.0,1.0,1,0,1,2022-12-21,"really gentle! I had damaged my skin barrier with retinol products in the past and had sworn them off. Nevertheless, i took a chance on this one and couldn’t be happier. Doesn’t make my skin scream and does the job in the most gentle way.",Gentle enough for some1 who had sworn off retinol,light,brown,dry,,P504016,Mini Evening Primrose + Green Tea Algae Retinol Face Oil,MARA,66.0
2307955495,5,1.0,,0,0,0,2023-02-09,"Beautiful oil! Makes my skin looking so healthy and glowing. I use it at night mainly, need only little bit to Pat all over my face and skin. Works awesome with my Foreo too or with Gua Sha tool. Love clean none toxic ingredients skincare, and this oil is just it.",,light,brown,combination,,P476676,Youth Reformer Firming Vitamin C Oil Serum,FaceGym,110.0
2219901120,5,1.0,0.7692310214042664,13,3,10,2022-10-15,"I have oily skin mostly in T zone, but in some other spots too. I love this oil. I actually think it may have balanced my oiliness some. Only 3 drops, and only at night for me. Bottle lasting a long time",Never imagined using oil on my oily skin!,light,brown,oily,blonde,P500248,Collagen Superfusion Firming & Plumping Facial Oil,Charlotte Tilbury,85.0
6464649935,5,1.0,,0,0,0,2023-01-06,I’m new to retinol but loved the ingredients in this and I’m so happy with the results after only two weeks! I’ve been using sparingly but will now start using it more often as part of my nightime skincare routine,,fair,green,combination,auburn,P504016,Mini Evening Primrose + Green Tea Algae Retinol Face Oil,MARA,66.0
6456522221,2,0.0,,0,0,0,2023-02-26,Wanted to love it but turned my whole under eye area red just after 3 mins of wearing.. didnt do much otherwise for the price point,,lightMedium,brown,combination,black,P437960,Baggage Claim Rose Gold Eye Masks,Wander Beauty,26.0
8472387571,5,1.0,1.0,1,0,1,2022-11-22,Loving my results this is an absolute gem ! My skin has cleaned up tremendously !,My skin thanks you,light,blue,oily,,P483701,Daily Essentials Travel Set,The Outset,50.0
24369244776,1,0.0,0.0,1,1,0,2022-07-17,This is overhyped because it literally peeled every time I worn it with or without make up.,,medium,brown,oily,black,P471064,Max Matte Shine Control Sunscreen Broad Spectrum SPF 45,Peter Thomas Roth,38.0
5121493502,5,1.0,0.9166669845581056,12,1,11,2020-10-29,"this is, without a doubt, the best gentle cleanser i’ve ever used. it does not do great with removing make up, so i use it in the morning before getting ready. it doesn’t dry out the skin, or leave it red. it’s the perfect addition to my morning routine! i will say, my pores look about the same, so i’m not sure that this would be the best for pore reduction.. but, i love it none the less!",good for mornings,fair,brown,dry,blonde,P448710,pores no more Pore Purifying Cleanser,Dr. Brandt Skincare,38.0
9134232635,5,1.0,,0,0,0,2023-02-27,"This cleanser is very  Gentle. It’s  sulfate-free, so keeps  my skin  hydrated and healthy. My face doesn’t feel dry. A little bit goes a long way",,tan,brown,combination,,P454315,Milk Cleanse Gentle Foaming Cleanser,Moon Juice,32.0
1078075075,2,0.0,0.2333330065011978,30,23,7,2021-05-04,"I’m not sure what the hype is all about with this. I bought it during the Rouge sale based on a social media recommendation. I have sensitive skin so I used it on my body. I like the smell and the relatively gentle scrub I got from it, but since it doesn’t lather, I couldn’t use it as a soap per se. I’ve used it for over a week now, just to get rid of it. Underwhelming. Wouldn’t buy again.",Meh.,light,hazel,combination,brown,P471566,Mini Lemonade Smoothing Scrub,OLEHENRIKSEN,18.0
2094761943,5,1.0,1.0,9,0,9,2020-04-30,"I have tried just about every high-rated & best selling facial cleansers out there and nothing seemed to make a difference with my textbook combo skin.  I use Skinfix’s body cream that has transformed by skin so i figured why not.Let me tell you, this is a game changer here.  i have only ben using it for 3 days straight and i have already noticed a MASSIVE difference in the way my skin looks and feels.  My pores have shrunk, they feel clean, and my skin feels so soft and moisturized.  I think i have found my new go-to 10/10.",A complete game changer,fairLight,blue,combination,brown,P448562,Barrier+ Foaming Clay Cleanser,Skinfix,32.0
21950303942,4,1.0,,0,0,0,2019-02-11,I love the way this facial spray makes my skin feel after doing my skin care routine! Very moisturizing,Very good moisturizer,tan,brown,combination,brown,P440483,"Facial Spray with Aloe, Cucumber and Green Tea",Mario Badescu,7.0
10243793818,5,1.0,,0,0,0,2023-02-15,"Meilleur nettoyant ! J’ai la peau grasse et sensible et de nettoyant n’assèche pas ma peau, mais enlève le surplus de sébum! Je recommande!",Un incontournable,,,,,P471547,Mini Beste No. 9 Jelly Cleanser,Drunk Elephant,16.0
7738150700,3,0.0,0.7200000286102295,25,7,18,2021-10-12,"I am more undecided on this product.  I think subconsciously I dislike this product because the fragrance is very intense to me.  For some reason fragranced skincare makes me feel “icky“.  When I use skincare I want to mentally feel like I am nourishing my skin- and fragranced skincare doesn’t give me that feeling (I know that sounds weird).  That is my main gripe with this brand. I find their formulations interesting and pretty unique; I just wish they’d calm down on the fragrance or the very least use natural options instead of perfume/fragrance (YES I know... natural does NOT mean better and essential oils are just as harmful and risky for the skin).  I just think if you’re going to use fragrance, it feels more luxurious to apply natural-based fragrant tones than perfume.  This smells very lady-in-her-50s-perfume.  I much prefer fragrance free skincare and I would LOVE THIS PRODUCT if it were fragrance free.I haven’t used this long term so I can’t comment on how it helps wrinkles.  This does have copper peptides in it so I don’t think this would be a good product to use every single night. Based on my research you definitely can overdo it on copper peptides.",Interesting product; undecided,fair,brown,combination,brown,P474121,SD Advanced  PLUS Intensive Moisturizer For Wrinkles & Stretch Marks,StriVectin,82.0
5066514795,2,0.0,0.6000000238418579,15,6,9,2019-12-07,Made my skin feel really soft but made me break out in dry patches. :-(,,deep,brown,combination,black,P447597,100% Organic Virgin Chia Seed Oil,The Ordinary,8.5
11119870837,5,1.0,1.0,3,0,3,2020-11-15,I love this it leaves my skin soft like a baby and glowing ! Love the smell too i highly recommend it,LOVE IT,mediumTan,green,oily,brown,P433461,Rose Sugar Scrub,Lancôme,34.0
33517332994,5,1.0,,0,0,0,2022-12-22,"I got this facial oil for a review and I’ve been loving using it. It helps me keep my skin nourished and hydrated, love it for dry winter days here in California. It smells amazing and the packaging is convenient to use, too!",Smells dreamy!,fair,blue,combination,blonde,P504026,Mini Algae + Moringa Universal Face Oil,MARA,40.0
5539081415,5,1.0,1.0,10,0,10,2020-08-05,After one use of this bottle my skin is brighter and my nails are strong!!! My nails used to break all the time now they are unbreakable. I can wear regular polish on my nails and they don’t break. As far as my skin I haven’t been wearing as much makeup since I have working from home so I am obsessed with skin care and supplements. After one bottle my skin is noticeable brighter and has a slight glow. I will be purchasing another bottle. The price is worth it.,Clear Skin- Strong Nails!!,tan,brown,combination,black,P457002,SuperBeauty Daily Antioxidant SkinSupplement,Moon Juice,60.0
6436526441,5,1.0,,0,0,0,2022-11-09,"I love The Outset after trying this amazing kit! The products are all amazing! The cleanser is so gentle, the serum feels so luxurious and the moisturizer is decadent. The ingredients are incredible and deliver!",Incredible,fair,brown,combination,,P483701,Daily Essentials Travel Set,The Outset,50.0
1312098888,5,1.0,1.0,13,0,13,2021-04-11,"This moisturizer is the best for my sensitive, combo-dry, acne-prone skin...it gets my skin completely together. I use Retin-A and it soothes my skin plus helps to nourish my skin which gets rid of the dryness I’ve experienced in the past.I would recommend this product to anyone and it’s my holy grail moisturizer....it doesn’t irritate my skin and is the only moisturizer that gives me everything I need.",The Absolute Best...,mediumTan,brown,combination,brown,P469526,Water-Infusing Electrolyte Moisturizer,Paula's Choice,37.0
5476568208,4,1.0,1.0,2,0,2,2021-04-22,"I’ve only used this a few times but I love how calming it feels. It definitely cleans my pores, but since I have dry skin I will probably only use it 1-2 times per week.",,fair,green,dry,red,P470049,Clearcalm Clarifying Clay Cleanser,REN Clean Skincare,38.0
5191112609,2,0.0,0.5652170181274414,23,10,13,2019-07-11,"I was really excited to try the grapefruit one as I’ve been wanting to try a peeling mask and grapefruit sounded like it would be really refreshing! I was a little concerned about it being irritating (I’m always hesitant when it comes to citrus but I’m not sure that’s based in anything lol) but it wasn’t an issue at all for me. The scent is really yummy but not strong and can only really be smelled when applying and washing off. I would have enjoyed it if the smell lingered while wearing but it’s probably a good thing irritation/sensitivity-wise that it doesn’t. Another positive is the price—it says 5 uses but will definitely last longer. I tried using more product the second time but it didn’t make a difference.The reason for only 2 stars is that this is NOT a peeling mask and it doesn’t seem to do much of anything. I’ve used at least three times, waiting different amounts of time, using more or less product, with and without water, and no matter what it is impossible to “massage” the product or make it “peel”. Usually peeling products combine with the oil on your skin and the product balls up, gently removing dead skin cells. But this mask dries so fast that it creates a rubbery film that won’t budge, peel, or even rinse off without any sort of cleanser. It has what feels like little exfoliating granules but they just sit on your face since you can’t massage them around. I even tried using as a scrub cleanser and it just slipped off and left the same rubbery film. I also didn’t notice any brightening or polishing effects unless the rubbery layer is supposed to be a polish. Luckily it didn’t irritate my skin (except for the excessive scrubbing/washing) or cause me to breakout. Maybe those with oily skin will have better luck?So one star for price, half a star for smell, and half for not being irritating or causing breakouts.",NOT a peeling mask,tan,brown,combination,black,P446820,Grapefruit Peeling Mask - Skin Perfection,SEPHORA COLLECTION,8.0
22781587203,5,1.0,,0,0,0,2023-03-17,"Love this serum. It helps improve radiance and reduce dark spots, fine lines and wrinkles, and hydrate dry skin! It works great also for brightening and calming skin. Very nourishing. Great facial oil!",,fair,brown,combination,black,P504026,Mini Algae + Moringa Universal Face Oil,MARA,40.0
2620883765,5,1.0,1.0,2,0,2,2019-02-28,"Amazing product, it does what it says.Plus my concealer now looks flawless.",Amazing,fair,brown,dry,brown,P429676,Hydra Life Cooling Hydration Sorbet Eye Gel,Dior,60.0
5456896287,5,1.0,1.0,2,0,2,2023-02-24,My absolute holy grail cleanser. I use this as my first cleanse and to remove makeup. It’s gentle and doesn’t strip moisture. The scent is very refreshing. Have bought 20+ times and will keep purchasing,Holy Grail Cleanser,fair,blue,dry,blonde,P504524,Milky Jelly Gentle Gel Face Cleanser,Glossier,19.0
6697853153,5,1.0,1.0,2,0,2,2023-02-26,"This was the first skincare product that ever showed a visible difference in my skin just one day after using it. After using it consistently for a few weeks, other people started noticing and complimenting how clear and bright my skin looked. 10/10 for brightening the complexion.",10/10,fair,blue,combination,brown,P504786,Solution Skin-Perfecting Daily Chemical Exfoliator,Glossier,26.0
7168360967,5,1.0,0.9411759972572328,17,1,16,2022-11-07,"Wow! I absolutely LOVE this product!! I tried it, it’s amazing even with my sensitive skin. I literally bought the full size bundle. Highly recommend for fabulous skin on your 40’s!!",How to get fabulous skin in your 40's,,blue,combination,,P480278,Rapid Radiance Set,Biossance,35.0
10219665107,5,1.0,1.0,5,0,5,2022-08-23,I have very dry skin and I love this moisturizer! I use 4 other skincare products in the morning and use this moisturizer as a last step before my sunscreen and it doesn’t leave my skin feeling heavy. It has a very light kind of whipped texture that I find very pleasant. Overall very happy with this moisturizer will definitely keep repurchasing!,"light, whipped texture",light,brown,dry,brown,P469526,Water-Infusing Electrolyte Moisturizer,Paula's Choice,37.0
6059988135,5,1.0,,0,0,0,2019-02-06,The scent is heavenly! The mist is medium light and evenly spread out. I’m absolutely obsessed!,,,,,,P440483,"Facial Spray with Aloe, Cucumber and Green Tea",Mario Badescu,7.0
1149361498,4,1.0,1.0,9,0,9,2023-02-23,"This is my favorite cleanser. Here’s what I do: I remove my makeup with oil, then I use the Jelly cleanser to remove the oil. My skin has never been better. It gets my skin clean without over-drying. Ioverdrying.dryingtried other “gentle” cleansers, oil based cleansers",The best cleanser for sensitive skin.,fairLight,green,dry,brown,P504524,Milky Jelly Gentle Gel Face Cleanser,Glossier,19.0
9601777268,5,1.0,0.8333330154418945,6,1,5,2021-05-21,"I received this product in one of my fab fit fun boxes, and it was a life saver! I love this wash! I never find products or line that helps as much as this! I also got a few other Dr. Brandt skincare products from fab fit fun, and my skin is so clear!! I am now a HUGE fan of Dr. Brandt Skincare!",Life Saver,light,blue,combination,blonde,P448710,pores no more Pore Purifying Cleanser,Dr. Brandt Skincare,38.0
8250924805,5,1.0,1.0,2,0,2,2019-11-03,You have to roll the ball in the same direction to get it started. I think its hydrating and am happy with it. I just wish the taste was a bit better,hydrating,lightMedium,brown,combination,brown,P449102,Crystal Ball Roller Gloss,INC.redible,12.0
7903030132,5,1.0,,0,0,0,2022-11-19,"Perfect set to dip into the brand and try out a few things. I’ve really enjoyed all 3 products, but if I had to pick a favorite it’d probably be the Nourishing Squalane Daily Moisturizer. What a treat! Provides a really good layer of hydration, plays well with other skincare, and my skin looked less dry under makeup throughout the day.Whether you’re getting this for yourself or a loved one, I think you’ll enjoy! If you get the chance to try these products together with their Resorative Niacinamide Night Cream, I think you’ll really like the effect of the line when used together. Definitely a brand to keep your eye on.",Great Beginner Kit!,,brown,oily,,P483701,Daily Essentials Travel Set,The Outset,50.0
5676316634,5,1.0,,0,0,0,2023-01-05,I’ve been looking for a new amazing retinol and this really does it all! It gives my skin such a healthy glow and leaves it looking so radiant and youthful. I especially love how my fine lines and wrinkles and definitely less noticeable. On my forehead I can notice a huge difference. Plus my texture in T zone where I have it the worst is dramatically improved. Can’t recommend this enough!,Must have for nighttime routine,light,brown,combination,,P504016,Mini Evening Primrose + Green Tea Algae Retinol Face Oil,MARA,66.0
25863865649,5,1.0,1.0,5,0,5,2020-11-02,"It is better to use it in a combination with a jelly mask by Lancôme. As for me, this scrub should be used after shower on wet face, so it makes easier to remove dead skin, and melting sugar does a great job about that.",,fairLight,green,combination,brown,P433461,Rose Sugar Scrub,Lancôme,34.0
7732309086,5,1.0,0.6666669845581055,3,1,2,2019-11-10,High shine is an understatement! Absolutely love the texture and shine.  Use on its own or over lipstick and you’ll be absolutely impressed. My now go too gloss!,Super Shine,lightMedium,brown,normal,brown,P449102,Crystal Ball Roller Gloss,INC.redible,12.0
1716384087,1,0.0,0.8333330154418945,6,1,5,2022-01-28,"Unfortunately, this sunscreen lotion ended up making my skin breakout in multiple small red pimples all over my face on the 2nd and 3rd time I applied this. First time was fine. Guess I’m still on the hunt for a sunscreen that won’t irritate my rosacea prone and reactive skin.",my skin didn't like this,fair,Grey,dry,blonde,P469524,RESIST Super-Light Daily Wrinkle Defense SPF 30,Paula's Choice,37.0
21860523188,4,1.0,,0,0,0,2023-02-24,Love this product! My face is so smooth and soft. Once applied I feel refreshed. Must buy and try it out give it a month or two. For me I noticed a difference about a week and a half.,Must buy,tan,brown,normal,brown,P504636,Mini Watermelon Glow Niacinamide Dew Drops,Glow Recipe,20.0
9970667640,4,1.0,1.0,3,0,3,2022-02-15,"If you love the smell of jasmine, you will love this mist! It’s a great refresher during the day and feels so calming and relaxing!","best smelling mist ever, period!",medium,brown,combination,brown,P481401,Hydrating Jasmine Mist - Royal Refresh,RANAVAT,45.0
23594487430,5,1.0,,0,0,0,2023-02-28,"I recently received a bottle of Equilibrium Resurfacing Retinoid Treatment complimentary from Hourglass Cosmetics in exchange for my honest review, and this has my skin looking 10 years younger.Hourglass Cosmetics’ Equilibrium Resurfacing Retinoid Treatment is a skincare product that claims to improve the appearance of fine lines, wrinkles, and uneven texture. The key ingredient in this treatment is a vegan retinoid, which is a gentler alternative to traditional retinoids. The formula also contains a blend of plant-based extracts, including glycolic acid, lactic acid, and salicylic acid, that work together to exfoliate and renew the skin.Some of the benefits I have noticed are smoother, brighter, and more even-toned skin. I also noticed a reduction in the appearance of my fine lines and wrinkles.*One thing to note is that retinoids can be irritating for some people, especially those with sensitive skin. Some users have reported experiencing mild irritation or dryness after using this product, so it’s important to patch test before applying it all over your face. Additionally, it’s recommended to use this treatment only at night and to wear sunscreen during the day since retinoids can make your skin more sensitive to the sun.In summary, Hourglass Cosmetics’ Equilibrium Resurfacing Retinoid Treatment is a very effective product for improving the appearance of fine lines, wrinkles, and uneven texture. However, it’s important to patch test and be cautious of potential irritation, and to follow the product’s instructions carefully for best results.",My skin looks a decade younger!,porcelain,blue,combination,brunette,P504637,Equilibrium Resurfacing Retinoid Treatment,Hourglass,110.0
2061952725,5,1.0,1.0,11,0,11,2022-02-06,"So I never liked any of Dr Sturms face creams before, they never were just right. I have dry sensitize red skin and I can’t use ANY “active” ingredients so I need to look for anti aging somewhere else. This cream is it! I use with the anti aging face serum and I am shocked-my face is less red and very hydrated and the cream skins in beautify and doesn’t feel heavy. (Was using la me but that is always the complaint). I also have noticed a slight improvement in some tiny lines. My skin is calm smooth and hydrated try it, I love this line!",A real hydrating anti aging cream,fair,green,dry,brown,P471017,Super Anti-Aging Face Cream,Dr. Barbara Sturm,360.0
10708461468,1,1.0,1.0,4,0,4,2020-12-25,"I ordered this product thinking it would be easy on my rosacea-prone skin. I’ve heard positive things about rosewater for redness. The witch hazel was too intense for me and caused immediate skin redness and burning. My husband uses this product, and he has oily skin. It’s worked just fine for him. Therefore, I would not recommend for others with very dry, red, sensitive skin like me. However, for those who have less sensitive skin, this product may be fine.",not great for very sensitive skin,light,blue,dry,blonde,P444615,Witch Hazel & Rosewater Toner,Mario Badescu,14.0
32170741652,5,1.0,0.5,2,1,1,2023-01-31,"It’s true that the omega moisturizer smells weird, like sweaty feet, however I didn’t want to waste the product and used it in my night time routine. Surprisingly, despite the smell, it actually left my face feeling very nice, smooth, and not greasy or anything. I’m not sure how it layers under make up, but I am loving how it works overnight. I have blemished skin, and doesn’t irritate, and seems to be softening my flare up areas.",Moisturizer smells weird but works,medium,blue,combination,blonde,P480278,Rapid Radiance Set,Biossance,35.0
1688973291,3,1.0,0.1951220035552978,41,33,8,2020-10-20,I’ve been using this product about once per week. I haven’t noticed much of a difference on my neck lines yet. It has a moderate scent which dissipates. It is fairly thick in texture.,No noticeable difference yet,fairLight,green,combination,red,P449164,ELEVATE Firming & Lifting Neck Cream,Algenist,84.0
5110537924,5,1.0,0.8235290050506592,17,3,14,2019-07-18,I’m not gonna lie I’m not much of a tanner but I wanted to give the fake tanners a try. This product is super easy to apply and it doesnt transfer on to anything which is a plus I think. I like that its tones and tightens the skin as well as gives a gradual tan. I really love the ingredients that’s in this tanner also. It seems to go on evenly and I didnt notice much of an orange hue either. I’m not really a fan of pina colada but I’d rather smell that than something terrible. You can honestly smell the fragrance through the tube. I feel like you get a good amount of product compared to most that I’ve seen out. It can last for quite a while once it’s on. I would highly recommend this product.,,light,blue,oily,black,P441645,Sunless Tan Firming Lotion,COOLA,46.0
6011705381,5,1.0,0.25,4,3,1,2020-05-30,"I’m pretty happy with this set. I found the night cream to be a bit strong for everynight use so I rotate every other night with the serum. I have to use a moisturizer afterwards, obviously, but besides that I really enjoy all of it.",satisfied,fair,green,normal,brown,P454514,"Youth Renewal Retinol Trial Kit for Smoother, Younger-Looking Skin",Murad,59.0
8757426202,3,0.0,0.1666669994592666,6,5,1,2018-09-15,Made my face clean but there was not a huge difference.,wouldn’t recommend,tan,brown,oily,brown,P433461,Rose Sugar Scrub,Lancôme,34.0
28246710979,4,1.0,1.0,1,0,1,2023-02-24,"I definitely do not use this as a cleanser to get deep into my skin, but it is a perfect cleanser to get my makeup off after a long day! It makes my skin feel so soft and smooth😍",A must have for makeup users…,fairLight,hazel,oily,blonde,P504524,Milky Jelly Gentle Gel Face Cleanser,Glossier,19.0
9804154370,1,0.0,0.2857140004634857,7,5,2,2022-08-22,I Got this for my mother; she didn’t like it. I have to take it back.,It Didn't Work Out,medium,brown,combination,brown,P480278,Rapid Radiance Set,Biossance,35.0
6482055856,2,0.0,0.7272729873657227,11,3,8,2021-04-02,This pills SO bad on me. To the point where I can’t wear makeup over it. I’ve started only using this on days where I know I’m not going to be wearing makeup. I can also only layer it with certain skincare products or it pills up. Won’t be repurchasing.,Pills So Bad,fair,blue,combination,blonde,P469526,Water-Infusing Electrolyte Moisturizer,Paula's Choice,37.0
5114293093,4,1.0,1.0,1,0,1,2020-06-16,"Very nice, light mist.  Soft rose scent.  Nice for after washing your face prior to moisturizer, or throughout the day to freshen up!",Great for everyday!,mediumTan,brown,combination,brown,P452004,Rose Hibiscus Hydrating Mist,Herbivore,36.0
27056171888,4,1.0,,0,0,0,2022-07-26,"This is a nice way to add some pampering. It was slightly uncomfortable at first, but not painful.. Easy to use. The roller did get stuck on occasion. It’s convenient that they sell refills, but to me it’s a little pricey for a one time use.",,medium,brown,normal,blonde,P501024,Hydrating Active Roller with Hyaluronic Acid,FaceGym,70.0
22258932829,5,1.0,,0,0,0,2019-03-11,"Honestly it doesn’t do much for my skincare in general, it does hydrate my face and it feels refreshing. However, I stopped using these sprays in my skincare and switched it over so it can be in my makeup routine instead. I typically use this after setting powder, I basically use this just to add that dewy texture to my face. It gives it this shine in my makeup and it makes it look more natural without it being too drying or too oily. I spray it on multiple times until I look almost dripping and use a fan to try and dry my face fast lol.",Great for makeup spray!,lightMedium,brown,combination,black,P440483,"Facial Spray with Aloe, Cucumber and Green Tea",Mario Badescu,7.0
31921176887,5,1.0,,0,0,0,2023-03-17,Wow I think I am becoming a big fan of this brand! They really know what they are doing by delivering luxurious skincare products that work immediately! I am loving this serum and I also really love their packaging. complimentary from Macrene Actives,loving this,,brown,normal,,P505047,High Performance Face Serum with Vitamin C and Hyaluronic Acid,MACRENE actives,195.0
6867980356,3,1.0,0.5714290142059326,49,21,28,2022-01-09,"I bought this set to sample these products before I purchased full-sized versions. The repair cream & eye cream are FIRE - I absolutely love them. I’m shocked at how well the repair cream works. I have oily/combination skin and my skin LOVES this stuff. It truly locks in moisture after one application and as a result, my face is producing less oil which is helping significantly reduce my breakouts. Pretty indifference about the lactic acidosis resurfacing serum & I did not like the rose oil. I followed the recommendations in the box on how to apply each product and in which order and the oil was just too much for me. My skin was much happier when I eliminated that product from my routine.",,fair,green,oily,blonde,P480278,Rapid Radiance Set,Biossance,35.0
2307391563,4,1.0,1.0,8,0,8,2021-12-18,"I usually use the unseen sunscreen which I swear by but wanted to try a mineral based one. I’ve been using this for over 4 months, overall impression- it’s good enough, the best mineral product I’ve tried, having said that I find it clogs my pores so a solid cleansing routine is a must when using this product. Will finish the tube and go back to my favorite which I already ordered. seriously the unseen sunscreen is the definition of holy grail.",,light,hazel,dry,brown,P476733,Mineral Mattescreen Sunscreen SPF 40 PA+++,Supergoop!,38.0
1987490402,5,1.0,1.0,6,0,6,2019-01-03,"A setting spray with skin care benefits is my cup of tea. The scent is soooo refreshing, I can use it all day. It’s by far my most used spray of 2018... and it continues to be. It lasts a while, and I’ve refilled my stash at least once. Will be repurchasing as I’m already running low lol! Love that this is at Sephora now!",BEST FACIAL SPRAY!,lightMedium,brown,combination,black,P440483,"Facial Spray with Aloe, Cucumber and Green Tea",Mario Badescu,7.0
6082216835,5,1.0,0.6590909957885742,44,15,29,2018-04-28,"This stuff is amazing! Real cooling/tingle effect, perfect for morning, but I think this is not for very sensitive skin! I am in love with the ceramic applicator!",,light,brown,normal,brown,P429676,Hydra Life Cooling Hydration Sorbet Eye Gel,Dior,60.0
5497824347,4,1.0,0.9512190222740172,41,2,39,2020-06-16,I liked that this set brought multiple things to try for a cheaper price. This size does last 3 months (except the retinol renewal night cream). I normally use that mostly on my neck because of how quickly it runs out. I’ve noticed that the retinol serum has minimized my smile lines and some small lines on my forehead. The eye serum didn’t do much for the bags under my eyes so I apply another night cream on top. I have purchased this set twice because it does work. At first your skin will become a bit irritated but after a few weeks your skin becomes use to it. This doesn’t leave any sticky residue feeling in the morning or on my pillow. Murad products are a bit pricey but they work so if you’re looking for something to minimize lines this will work but just be consistent.,,lightMedium,brown,oily,brown,P454514,"Youth Renewal Retinol Trial Kit for Smoother, Younger-Looking Skin",Murad,59.0
1659633339,5,1.0,0.0,2,2,0,2022-02-26,I am all about protecting my skin before signs of aging start to shower so I’m always in the market for items with the key anti-aging ingredients such as vitamin C at hyaluronic acid. This product gets absorbed so quickly into my skin and doesn’t leave it oily at all. It’s part of my daily routine. Complimentary from Facegym. Love it!,,lightMedium,,combination,brown,P476676,Youth Reformer Firming Vitamin C Oil Serum,FaceGym,110.0
9033785625,5,1.0,1.0,13,0,13,2019-07-20,"I love this toner!! I have a few mario badescu toners.. the glycolic acid toner, the seaweed,  the rose and witch hazel and the lavender and witch hazel. I have to say this one is one of my favorites by mario badescu!! It leaves my skin feeling amazing!! I honestly can not be without my toners. As much as i love my makeup... I’d say my favorite part fo my day is using toner and serums/moisturizers!! feels amazing!!!",I absolutely love this!!!,lightMedium,brown,combination,black,P444615,Witch Hazel & Rosewater Toner,Mario Badescu,14.0
7456777734,3,0.0,0.9047620296478271,21,2,19,2022-05-03,Moisturizer: broke me out and a bit greasy. Sat on my skin and didn’t really ever absorb fully. Serum: it’s fine. That’s it. Doesn’t do anything. There are better drugstore products that actually do something for cheaper. Cleanser: a bit “detergent-y”. Harsh on my sensitive skin. I gave 3 stars because I love the ethos of the company and on paper the formulations are solid but in the end they just didn’t work for my combo skin. Love the trial sizes so I’m not wasting full size products.,Just okay,medium,brown,combination,black,P483701,Daily Essentials Travel Set,The Outset,50.0
7594527961,5,1.0,0.5333330035209656,15,7,8,2020-04-27,"My skin feels so hydrated and soft after putting on this rich face mask. Like the fact it’s not a sheet mask, making it more sustainable packaging wise. Great product, would buy again.","Great product, would buy again",fair,blue,dry,blonde,P448711,Face Mask,Dr. Barbara Sturm,125.0
5821673785,3,0.0,1.0,3,0,3,2022-08-08,This product was gifted by facegym. It comes with a tool and 2 roller heads which you replace every use. You can use the QR code that’s on the package that shows step by step video tutorial which is really helpful. It was very easy to use but I’m not sure if I saw any difference in my skin after one use. Also buying extra replacement roller head every time will be pricey,,lightMedium,brown,dry,brown,P501024,Hydrating Active Roller with Hyaluronic Acid,FaceGym,70.0
6397008096,5,1.0,1.0,4,0,4,2021-10-16,"Love these products! I was using a random assortment of skincare products for my face (for acne/blemishes) but my face was still very oily during the day- I used to have to blot my face about six times a day. Within a few weeks of using this set I could tell a huge difference- my face is less oily, my pores look smaller and they all smell/feel amazing! My skin glows instead of shining and I’m extremely happy with this set.",Bomb.com,mediumTan,hazel,combination,brown,P472180,Balance It All Oil Control & Pore-Refining Set,OLEHENRIKSEN,40.0
7973369772,3,0.0,1.0,3,0,3,2020-11-15,I been using this for a couple weeks now on occasional breakouts. I don’t see too much difference in blemish reduction.. it flakes a lot btw!,It’s ok..,lightMedium,brown,combination,black,P457439,Clarifying Lotion,SEPHORA COLLECTION,16.0
1369263887,5,0.0,,0,0,0,2023-02-22,"HOLY GRAIL! The way my skin feels when I use this is amazing. I have large pores and blackheads that if I don’t manage get nasty. I noticed a difference with this right away and my skin feels really fresh and rejuvenated. The smell isn’t that bad, it’s definitely a more natural smell that doesn’t feel artificial.",Amazing for large pore problem areas!,mediumTan,brown,combination,brown,P431416,The Replenishing Oil Exfoliator,La Mer,135.0
5203250430,5,1.0,,0,0,0,2022-02-16,"Love this product!  The perfect way to start your Daly feeling fresh or perk up your day with some freshness. Subtle jasmine smell, not overpowering. Perfect compliment to the saffron serum and keeps you hydrated all day without feeling oily.",Misty freshness! ❤️,tan,brown,combination,black,P481401,Hydrating Jasmine Mist - Royal Refresh,RANAVAT,45.0
1344615404,3,0.0,0.6666669845581055,3,1,2,2021-05-15,Love PC but this is not it I was excited to get this sunscreen but found it doesn’t blend well and piles after some time (at least for me) I use it as a hand SPF but supergoop PLAY has become my new go to,not my favorite,light,green,normal,brown,P469524,RESIST Super-Light Daily Wrinkle Defense SPF 30,Paula's Choice,37.0
1765110988,5,1.0,,0,0,0,2022-12-22,I am new to using retinol and I was so excited to try this oil since it’s “clean beauty“. I love that it is also an oil and helps hydrate my face. I have sensitive skin and I haven’t had a bad reaction.,,,brown,combination,black,P504016,Mini Evening Primrose + Green Tea Algae Retinol Face Oil,MARA,66.0
10077391670,4,1.0,0.857142984867096,7,1,6,2021-12-08,"I use this under my moisturizer in the winter - helps add another lay of moisture, which I definitely need!",,mediumTan,brown,dry,brown,P459116,Mini Cream Skin Toner & Moisturizer,LANEIGE,15.0
11821691959,4,1.0,1.0,5,0,5,2021-10-02,It’s good for a mineral sunscreen! Very low cast. I didn’t really notice an overall difference in the tone of my skin though like in the before & after pics attached to this listing. Maybe I didn’t apply enough? I’m going to play around with it more and see. Also you want to wait about 5-10 mins after applying your moisturizer before you apply this. It really balled up on me if I applied it too soon after. So far I still prefer the unseen over this. But still a good product!,,mediumTan,brown,oily,black,P476733,Mineral Mattescreen Sunscreen SPF 40 PA+++,Supergoop!,38.0
1172706765,5,1.0,,0,0,0,2022-12-20,"Such a fabulous face oil, the retinol has helped my skin feel smoother and looks clearer. I use a drop or two before applying makeup and it helps blend my foundation seamlessly as well. Never leaves a slick, greasy feel, I love it!",,,brown,combination,black,P504016,Mini Evening Primrose + Green Tea Algae Retinol Face Oil,MARA,66.0
12385689826,2,0.0,0.3333329856395721,3,2,1,2020-05-26,Feel like it didn’t really do much for my skin. Maybe it just didn’t work for me but may work for others.,Meh,fair,hazel,combination,brown,P448562,Barrier+ Foaming Clay Cleanser,Skinfix,32.0
20860943223,4,1.0,0.8333330154418945,6,1,5,2022-02-21,"I honestly wasn’t expecting the stone to be that big, but i don’t mind! I definitely had other gua shas that feel a bit nicer on my skin (different stones) but it’s a definitely a unique shape and does it’s thing!",Great,light,hazel,combination,brown,P477714,Black Obsidian Face and Body Gua Sha,SEPHORA COLLECTION,14.0
830970848,5,1.0,,0,0,0,2023-01-13,Really nice. Forgot how great it is to have a truly fragrance free product. System is great. I’ve already ordered full sizes of the entire line. Skins feels refreshed and balanced in the morning.,Very nice,,,,,P483701,Daily Essentials Travel Set,The Outset,50.0
2226893692,5,1.0,1.0,5,0,5,2020-01-15,Y’all.. this really may be the one. The price tag is hefty but dang is it worth it. Acne scars? We don’t know her. This has brightened my skin more than any other acids I’ve tried and let me tell ya.. that’s saying something.,,fairLight,blue,dry,blonde,P453822,Dark Spots No More Triple Acid Spot Minimizing Concentrate,Dr. Brandt Skincare,71.0
1035051955,1,0.0,0.4444440007209778,9,5,4,2021-11-10,I’ve never used a sunscreen that is this drying on the skin than this product.  It does matte the skin which is what attracted me to this product but I will not finish it.  It’s going in the bin!,very drying,light,blue,dry,brown,P476733,Mineral Mattescreen Sunscreen SPF 40 PA+++,Supergoop!,38.0
28031570876,5,1.0,0.6363639831542969,11,4,7,2021-12-22,This is quite the powerhouse! It takes a bit to get used to using and I highly suggest using the training tip that comes installed in this for a good bit. I stated off on the lowest gray tip and OH MY GOODNESS! Talk about the smoothest skin possible! My entire texture has changed for the better! This is pricey but it’s for face AND body and do incredibly worth it!,Just get it!!!!,fair,hazel,combination,auburn,P467969,Personal Microderm Elite Pro,PMD,299.0
9368114291,4,1.0,1.0,6,0,6,2022-06-10,"For reference, my skin: combo/oily, some rosacea, some adult acne, little makeupI typically use “basic“ cleaners since I tend to wash my face frequently (I work out and sweat a lot...) and don’t wear much make up. This cleanser provides a nice, thorough clean without stripping. It does have a “jammy“ texture. It foams a bit, but has a unique way of sticking to your skin almost like jello (but not in a sticky way, I promise). I feel like this provides a deeper clean since it seems to stay on the skin a lot better than other basic gel cleansers. However, it does take a second to rinse off because of that (I like to use it in the shower for that reason). I haven’t noticed a “dewy“ glow after using it as the name suggests, but it certainly doesn’t strip the skin at all. I can’t attest to its ability to remove foundation since I don’t wear any, but it does a good job of removing mascara (and doesn’t irritate the eyes in doing so). Overall, I’ve enjoyed it.",Good go-to!,fair,green,combination,brown,P482007,Dewy Glow Jam Cleanser with Jeju Cherry Blossom,innisfree,13.0
26380366193,5,1.0,1.0,1,0,1,2022-01-06,I love this product. I use it every morning and night. It leaves my faces so hydrated. This is a must have in my routine. Great quality and price. I highly recommend.,Best hydrating facial spray,medium,brown,normal,brown,P440483,"Facial Spray with Aloe, Cucumber and Green Tea",Mario Badescu,7.0
5272512091,5,1.0,,0,0,0,2023-03-09,"I love how lightweight this serum feels on my skin, it absorbs quickly and I haven’t had any allergic reactions. It’s gentle on the skin and it has such a lovely scent, my skin feels soft and looks healthy. My texture looks amazing every time I use this! Complimentary from Hourglass.",Love it,,brown,combination,black,P504637,Equilibrium Resurfacing Retinoid Treatment,Hourglass,110.0
1172755370,1,0.0,0.9090909957885742,11,1,10,2020-08-30,I really liked the sweet rose scent of this product and that’s about it.  The product immediately heats up but cools off before I can get it from my hands to my face.  The sugar granules are too fine and dissolve way too fast to provide any effective exfoliation.  It also leaves a film on my face after it’s rinsed off.  I can get better products at the drugstore for a fraction of the price.,Expensive and really doesn’t do anything,fair,blue,combination,brown,P433461,Rose Sugar Scrub,Lancôme,34.0
5423795621,5,1.0,0.9047620296478271,21,2,19,2020-05-06,"I have dry and sensitive skin around my eyes, along with the typical dark circles that most 36 y/o get. This gel eye treatment feels smooth and refreshing going on and immediately helps my dry skin around the delicate eye area. As for the circles, I cannot say at this point if the product is lessening them (I’ve been using it regularly for a week) but it goes on great under makeup and has cured the dry, itchy skin patches around my eyes that no other eye cream has done.",I’d rather die than be without,light,blue,combination,blonde,P457519,Water Drench Hyaluronic Cloud Hydrating Eye Gel,Peter Thomas Roth,43.0
30852849630,5,1.0,,0,0,0,2023-03-17,"My rosacea got so bad that even cerave’s hydrating cleanser made me red, itchy and horribly blotchy. I’m really happy I found this cleanser as it leaves my skin feeling clean and not red/irritated at all. The only thing I would suggest is that if you are washing makeup off your face to double cleanse with something else first and follow with the milk jelly. Personally I use farmacy’s green clean, also quite gentle for my skin. Hope this helps a fellow rosacea sufferer.",Good for double cleansing / rosacea,light,green,dry,,P504524,Milky Jelly Gentle Gel Face Cleanser,Glossier,19.0
2161422548,5,1.0,0.8125,16,3,13,2021-04-23,I like to use this on days that I just need a mini exfoliation. On the days I wear makeup I like to use this the following morning to really clean out my pores. The lemon scent is super nice in the morning too. I would recommend this but I still think ole’s walnut scrub is my favourite.,Love this in the morning,tan,brown,combination,black,P471566,Mini Lemonade Smoothing Scrub,OLEHENRIKSEN,18.0
21681037934,5,1.0,,0,0,0,2021-07-19,"This is a very hydrating moisturizer. After application you can feel it plump up and tighten the skin. I was positively surprised, usually creams with that effect get sticky on my oily skin but this one didn’t.",Love the consistency,light,brown,combination,brown,P474121,SD Advanced  PLUS Intensive Moisturizer For Wrinkles & Stretch Marks,StriVectin,82.0
11897968971,5,1.0,,0,0,0,2022-11-17,"This is a nice set! What a great way to try these products in a travel size. Comes with a cleanser, serum and moisturizer. So far I’m really loving these. I’m definitely going to pick up the cleanser and moisturizer. They both feel very hydrating and moisturizing. I like the serum as well.",Awesome Trial Set,,hazel,combination,,P483701,Daily Essentials Travel Set,The Outset,50.0
6212889695,3,1.0,0.75,8,2,6,2019-04-26,"This product is great! Leaves skin soft and smooth, my only complaint is the sticky residue that it leaves after application. It does make you glow though! Also wish it wasn’t this pricey... unsure if I will continue to purchase.",Love/Hate,light,brown,combination,brown,P427731,Capture Youth Glow Booster Age-Delay Illuminating Serum,Dior,110.0
2368920347,5,1.0,,0,0,0,2023-03-16,"I absolutely adore this lightweight cream texture serum, it’s so smooth and silky. I have oily/ sensitive skin, it doesn’t make my skin feel heavy or greasy at all, and also set on the makeup flawlessly. I love how it leaves my skin smoother and bouncer in the morning. I just wish it’s a little cheaper so I can restock this when it runs out.",Literally the bestttt!!!,,brown,combination,black,P505047,High Performance Face Serum with Vitamin C and Hyaluronic Acid,MACRENE actives,195.0
6891601891,5,1.0,1.0,6,0,6,2020-11-07,"used it last night after receiving it. la mer does not disappoint. my skin felt baby soft after my entire routine with this product in it and although its pricy, i consider approximately $6 a good addition to a at home spa night once in a while. especially in quarantine.",,mediumTan,brown,combination,black,P431416,The Replenishing Oil Exfoliator,La Mer,135.0
2614512528,5,1.0,,0,0,0,2022-11-15,I really like this 10 day starter set. It’s a great way to try the brand and see what works out for you. The aesthetic is beautiful and the products them selves are great. My favorite is the Cleanser it’s nice and gentle on my skin. All the products work great on my sensitive skin.,Best Starter Kit,light,brown,oily,blonde,P483701,Daily Essentials Travel Set,The Outset,50.0
2005622341,5,1.0,0.875,8,1,7,2021-04-30,I love scrubs...and I just found the BEST one EVER. Purchasing the larger one for my birthday when this one is used up.  My face feels WONDERFUL.  Please don’t ever stop making this lemony scrub ...that WORKS!,Buy this...,deep,brown,oily,brown,P471566,Mini Lemonade Smoothing Scrub,OLEHENRIKSEN,18.0
29949268677,5,1.0,,0,0,0,2023-01-27,After using this product for a couple weeks I’ve notice changes in my skin! I have very dry skin and this product has helped with it especially when u have makeup on. It makes my skin feel so refreshed and hydrated,A must have in skin care,lightMedium,brown,dry,black,P440483,"Facial Spray with Aloe, Cucumber and Green Tea",Mario Badescu,7.0
2359140909,5,1.0,0.9375,16,1,15,2022-02-03,"I never owned a Gua sha before but this price compared to others is fantastic! I’ve seen how others used it and let me tell you the make of this product seems high-end! It feels incredible on the face, and I felt so rested after using this! I also used it on my hands, and Just wow! Great for face and body! The gua sha is bigger than I was picturing, and it is such a nice size to hold! It also has a nice weight and overall great product to use after putting on my products to massage it in!",love it!,fair,green,combination,brown,P477714,Black Obsidian Face and Body Gua Sha,SEPHORA COLLECTION,14.0
10029343078,5,1.0,1.0,8,0,8,2020-10-22,It works! Skin looks plump and my fine lines are gone! Love this so much!!,Wow!!,fairLight,hazel,normal,brown,P457520,FIRMx Collagen Moisturizer,Peter Thomas Roth,88.0
21099158756,5,1.0,1.0,16,0,16,2022-01-29,"I originally bought this to just use on my face/hands occasionally. got it yesterday and really like it right off the bat. i used it for my face and hair and it made my hair sooo soft and no face breakouts today, it looks less oily than i usually wake up to too. I also have a really bad allergy to whatevers in our local water so my hands are literally wrinkled and cracked open with cuts constantly, noticed it felt less painful after i ran it through my hair so i put a bunch on my hands before bed too and today they are NOTICEABLY better. my skin isnt ripping open eveytime i move them and I havent even had to apply lotion today to prevent it, they’re still good just from the oil last night. i also love that theres nothing added to this, so i felt comfortable applying a bit to my young daughters long hair too. a little also goes a long way, my face only needed like one tiny dab from my fingers to apply all over :) it also smell kind of nutty to me. also imo keep this refrigerated!",Amazing for rough skin,fair,green,combination,blonde,P447597,100% Organic Virgin Chia Seed Oil,The Ordinary,8.5
6476670697,5,1.0,0.0,1,1,0,2022-08-09,I first try with the mini size and decided to go with the full size. It’s pretty gentle that it’s ok to use it for daily face wash. It cleans well and I don’t feel dry after using it. Good for acne-prone.,Highly recommended,light,brown,combination,black,P467112,Daily Microfoliant Exfoliator Refill Pack,Dermalogica,56.0
29018293383,5,1.0,0.6666669845581055,3,1,2,2022-12-09,The Dr. Barbara Sturm Face Mask is my favorite face mask. After an exfoliation and a shower my skin needs a little pick me up and this is the perfect product. It is not like most masks where it tightens your skin and gets uncomfortable. It is hydrating and just gives your skin the extra love it needs. Highly recommend this product to everyone! Must have for me:),The best face mask!,,,,,P448711,Face Mask,Dr. Barbara Sturm,125.0
8451774995,5,1.0,,0,0,0,2023-02-28,amazing retinoid. i’m obsessed with how smooth my skin feels. It doesn’t sensitize my skin like other serums do and I know this has anti-aging benefits. It also doesn’t have much of a fragrance. Gifted by hourglass cosmetics,,light,hazel,combination,,P504637,Equilibrium Resurfacing Retinoid Treatment,Hourglass,110.0
1298043849,5,1.0,0.965516984462738,29,1,28,2021-01-16,"I wish I didn’t love this because it is quite spendy, but it’s also awesome. Makes my skin gorgeous! I use the remaining serum left in the pouch for days after I use the mask. If I was a rich girl I’d use this mask daily. Although I love SKII facial treatment essence, this Tacha mask is far superior to the SKII facial treatment mask.",Gorgeous skin,light,blue,dry,brown,P399622,Luminous Deep Hydration Lifting Mask,Tatcha,95.0
6457759803,3,0.0,1.0,4,0,4,2021-10-05,"Feels great on the eyes, definitely super hydrating. Unfortunately the product pills like crazy once I put on concealer no matter how long I try to let it set. I’m not entirely sure if it did anything for me anyway, so for the price point I’ll be trying something else.",,light,blue,dry,blonde,P457519,Water Drench Hyaluronic Cloud Hydrating Eye Gel,Peter Thomas Roth,43.0
6395383495,5,1.0,0.9090909957885742,11,1,10,2020-04-15,I am absolutely in love with this product. I started out using their other foaming face wash which was good but I decided to try this one and I am so happy I did. It has zero scent which is perfect. The texture of the product is very smooth and applies nicely. I have severe dry skin that is CONSTANTLY peeling and sore and this has helped that a ton. It cleared up my acne within a week and my skin looks so much better already! New holy grail face wash.,You need to try!!!,fairLight,blue,dry,blonde,P448562,Barrier+ Foaming Clay Cleanser,Skinfix,32.0
7227124811,5,1.0,1.0,10,0,10,2020-06-28,"Whether it’s already on the surface or you feel zit/pimple coming, try this! No tingling and horrible scent. Been using this especially now that I wear masks for my whole shift. Never shake and just use a qtip or cotton swab and do not double dip. Use this as the last step in your skin care. Only con is once the product is dry on the skin, it starts to flake off . But!! Once it starts to do that, I like to pat it with a little Josie Maran light oil or whatever moisturizer I used.",New go to on the spot treatment!,fairLight,brown,combination,brown,P457439,Clarifying Lotion,SEPHORA COLLECTION,16.0
1321688434,5,1.0,0.6666669845581055,6,2,4,2021-03-12,"I’m a product junkie and love trying new products, even if I love what I’m currently using. Except for this.  It’s so good that anything else is a let down.  The tint goes on a bit ashy but quickly blends with your skin and provides a very light evening of the skin tone.  It’s a very matte finish and looks great with nothing over it.  If this ever gets discontinued I will cry.",Holy Grail - Can't live without!!!,light,blue,combination,brown,P469524,RESIST Super-Light Daily Wrinkle Defense SPF 30,Paula's Choice,37.0
10522223516,1,0.0,0.5,6,3,3,2022-02-13,This product claims to be good for acne but it made mine so much worse! I used it for 2 months giving it time to hopefully work but it got worse. I used as directed and did not help!,,light,brown,oily,brown,P472180,Balance It All Oil Control & Pore-Refining Set,OLEHENRIKSEN,40.0
8889276041,1,0.0,0.3392859995365143,56,37,19,2019-06-23,Made me break out!! I would never get pimples before spraying this on my face!,Stay away!,mediumTan,brown,normal,brown,P444615,Witch Hazel & Rosewater Toner,Mario Badescu,14.0
7630846195,5,1.0,1.0,6,0,6,2021-03-04,I got a box of these in a subscription box and fell in love I love doing them before work they help get rid of that tired look and my dark circles are gone . I do not even have to wear under eye concealer or brightener . I am so happy they came in the box cause I never would of tried them before,love putting these on in the am,light,green,normal,auburn,P437960,Baggage Claim Rose Gold Eye Masks,Wander Beauty,26.0
28507923378,5,1.0,0.857142984867096,7,1,6,2022-06-02,"I really like it! It is pretty and sturdy, I use it to massage my face to relax in the bath, or even when I have tension headaches around the eyes, at the temple or at the base of my head. It does not always make it go away, but reduces tension while doing it!","Pretty, sturdy, useful",light,hazel,combination,blonde,P447604,De-Puffing Jade Eye Treatment Tool,Mount Lai,30.0
1199660618,2,0.0,0.5,6,3,3,2022-02-01,"I don’t know what happened with this product. The first time I received it, it was great. Now it has a weird plastic, off-putting smell. One star is for the fact that it is mildly hydrating. One star for the really nice fine mist that the bottle creates. Can we bring back the wonderful jasmine scent, please?",,tan,brown,combination,black,P481401,Hydrating Jasmine Mist - Royal Refresh,RANAVAT,45.0
1192095919,5,1.0,1.0,6,0,6,2020-06-15,"The most wonderful oil scrub. Makes your skin feel soft and smooth. I want to use it every day! A little goes a long way, so it does last a long time. Will definitely continue to purchase.",The BEST,fair,brown,combination,blonde,P431416,The Replenishing Oil Exfoliator,La Mer,135.0
8102410508,2,0.0,,0,0,0,2023-02-12,I got a deluxe sample of this. It’s not bad. It feels light but sometimes pills when I use it over another product. And I haven’t had good luck layering makeup over it. It just doesn’t absorb well enough for that since it’s a mineral sunscreen. But it doesn’t look terrible by itself. It has an ever so slight tint and I have light yellow and olive tones and so it doesn’t look good over a tan either. I’ve been using it on sunny winter days when I’m keeping it lowkey. Wouldn’t buy.,,light,brown,combination,,P469524,RESIST Super-Light Daily Wrinkle Defense SPF 30,Paula's Choice,37.0
24058579628,5,1.0,,0,0,0,2022-12-21,I really like this retinol oil.  It’s very hydrating and gives my skin a real glow.  I love how it has really helped my skin texture and breakouts.  I also love how it’s a clean beauty product with stellar ingredients.,A new must have for my retinol lineup.,fair,hazel,combination,gray,P504016,Mini Evening Primrose + Green Tea Algae Retinol Face Oil,MARA,66.0
31766389464,4,1.0,,0,0,0,2022-11-21,"After using this set I feel that the texture on my skin is not as visible and my skin feels a lot more smoother and glowy. These products are very soft on the skin and did not cause me to have any reaction. I have dry, flaky skin and feel a lot more hydrated and plump!  Great set to try out the Outset or gift.",,lightMedium,brown,combination,,P483701,Daily Essentials Travel Set,The Outset,50.0
2584751210,5,1.0,0.857142984867096,7,1,6,2021-07-28,I’m not someone who repurchases products. I like trying new things so it’s exceptionally rare for me to buy something again. This cleanser is the GOAT. My main skin concern is large pores and this gets mine snatched. They’re shrunk to nothing. I have normal/combo skin and this doesn’t try me out too much! Truly the OG cleanser.,,fairLight,blue,dry,blonde,P448710,pores no more Pore Purifying Cleanser,Dr. Brandt Skincare,38.0
12025318848,5,1.0,,0,0,0,2023-03-08,"Gifted by moon juice. I love trying new brands, the packaging is superb. Very gentle cleanser, milky texture and bubbly, easy to use, you get a lot of product too. Cleans without drying which is really nice on my dry skin. Hydrating and definitely recommend",Hydrating,,green,dry,,P454315,Milk Cleanse Gentle Foaming Cleanser,Moon Juice,32.0
40538218184,3,1.0,0.5714290142059326,7,3,4,2023-03-01,"I love this product. it is so hydrating. I use it all the time. However, I have to take a break from it before waxing. If not, a layer of skin pulls off on the strip when waxing eyebrows for some reason. It’s really painful for a long time. So be cautious of that.","Love it, but stop using before waxing",porcelain,brown,dry,brunette,P504636,Mini Watermelon Glow Niacinamide Dew Drops,Glow Recipe,20.0
2534394854,5,1.0,0.1911759972572326,68,55,13,2022-01-24,"Love this product. Great for sensitivity. Has different settings for speeds and is easy to clean. Highly recommend if you are in the market. Convenient for travel as well! Plus, easy to hide- haha! Enjoy!",Great!,lightMedium,green,combination,blonde,P447604,De-Puffing Jade Eye Treatment Tool,Mount Lai,30.0
10205513581,5,1.0,1.0,12,0,12,2020-05-17,Love!! I have naturally dry skin and this mask is hydrating and made my skin look and feel great!!! Definitely helps diminish fine lines and smooths skin out!!,love!!,light,blue,dry,blonde,P440500,Super Collagen Mask,Mario Badescu,18.0
11184268001,5,1.0,,0,0,0,2019-01-27,"i’ve been using this for years, it never steers me wrong. feels so refreshing on the skin",so refreshing,fair,blue,combination,brown,P440483,"Facial Spray with Aloe, Cucumber and Green Tea",Mario Badescu,7.0
21599173282,4,1.0,1.0,6,0,6,2020-09-07,"These little suckers do actually work! I have always had very large blue bags under my eyes and nothing I have tried has ever worked. I let these sit for quite awhile and I noticed atleast a 40% improvement after the first time. Lasted only a few days though if that, so for that they are a little pricey. I hope they come out with a serum or cream with the same magic.",,light,brown,combination,auburn,P437960,Baggage Claim Rose Gold Eye Masks,Wander Beauty,26.0
8156318594,5,1.0,0.8999999761581421,10,1,9,2021-08-11,Added this into my morning routine & it does not disappoint. I use it with anfisa lilou balm and it’s an amazing combination- I massage my whole face and it’s honestly therapeutic. Great stress reliever.,,fairLight,blue,normal,blonde,P447604,De-Puffing Jade Eye Treatment Tool,Mount Lai,30.0
11126408963,3,0.0,0.5,2,1,1,2020-12-30,Didn’t do much to my pimples and blemishes and I used it for several days. It flaked on my pillow so I would suggest applying it way before going to bed. Kind of disappointed but the price point is decent.,,lightMedium,hazel,dry,blonde,P457439,Clarifying Lotion,SEPHORA COLLECTION,16.0
6519359008,5,1.0,1.0,1,0,1,2022-12-30,"This is the only ’milk’ cleanser that leaves my skin feeling as clean as a gel/ foam cleanser, yet soft and plump at the same time. I have rosacea and only use ’clean’ beauty/ EWG verified skincare and this has one of the best ingredient lists. I also have super dry dehydrated skin and hate the heavy greasy feel of skincare geared towards my skin type. Other milk / gentle / dry skin cleansers I’ve tried just don’t feel like they clean very deeply and my skin doesn’t feel fresh and prepped for next steps. That’s somehow not the case here, although it’s milky, it’s also kind of a jelly? Either way, does what it’s supposed to and doesn’t aggravate my sensitive, dry skin.",Proper Cleanse for Sensitive Skin,fair,hazel,dry,,P454315,Milk Cleanse Gentle Foaming Cleanser,Moon Juice,32.0
36184835600,5,1.0,,0,0,0,2023-03-11,This is now my normal routine. The rose oil doesn’t seem to absorb quite as well so I use it at night. The eye cream makes me look more awake even when I don’t sleep well. The moisturizer is perfect. I gift the eye cream to my friends as well.,This is pretty much my routine now.,light,blue,dry,brown,P480278,Rapid Radiance Set,Biossance,35.0
1714992794,1,0.0,0.5454549789428711,11,5,6,2021-04-14,This product is overhyped and overpriced. I saw no difference from using a face serum targeted at wrinkles and putting my moisturizer overtop. My friend also highlighted for me that these disposable eye masks aren’t helping the environment.,,deep,brown,combination,black,P437960,Baggage Claim Rose Gold Eye Masks,Wander Beauty,26.0
7719045247,5,1.0,0.9583330154418944,24,1,23,2019-07-05,"This is AMAZING!! I just turned 40 and my skin has never looked sooo good ! I mean, literally it changed in just one night. My skin is clear, fine lines are disappearing, my skin tone is glowing. If you want a drastic change, get this. You just need one or two drops, that’s all. You will not be disappointed!",A miracle in a bottle,light,hazel,combination,brown,P446908,Advanced Night Repair Treatment Intense Reset Concentrate,Estée Lauder,92.0
22332587366,4,1.0,,0,0,0,2023-03-07,"Very gentle and hydrating cleanser. You have to double cleanse with this, this cleanser just by itself is not heavy duty enough to remove all makeup/sunscreen.",Good as a second cleanser,lightMedium,brown,combination,brown,P504524,Milky Jelly Gentle Gel Face Cleanser,Glossier,19.0
2754152696,5,1.0,1.0,2,0,2,2021-12-06,"I really loved this set. The moisturizer is really light and nice. It’s cooling and not sticky, seems to help with acne. The toner is also very nice. Cooling feeling on the skin and nice scent. The face wash was also nice but not really unique.",,fairLight,brown,combination,brown,P472180,Balance It All Oil Control & Pore-Refining Set,OLEHENRIKSEN,40.0
1663214915,1,0.0,0.7037039995193481,27,8,19,2020-12-13,"It makes me sad to leave a bad review. I really wanted to like this. Unfortunately, the large amount of dimethicone in this completely ruins it for me. Two days of using it and I have several zits. Plus it leaves my skin very dull looking. I wouldn’t say my skin is dry, but it’s definitely dull. Blech. Plus my makeup pills up on it. If they made another collagen moisturizer WITHOUT dimethicone, I would purchase that!",,light,brown,normal,brown,P457520,FIRMx Collagen Moisturizer,Peter Thomas Roth,88.0
9078954866,5,1.0,1.0,1,0,1,2023-01-05,"I’m obsessed with this oil, it leaves my skin feeling plump and hydrated. I’ve added it to my moisturizer when I’m feeling dry or I use it after my serums. It has a slight fragrance that I really enjoyed",,light,blue,dry,blonde,P504026,Mini Algae + Moringa Universal Face Oil,MARA,40.0
21316621099,5,1.0,1.0,1,0,1,2022-10-27,This product is a great cleanser because its easy to carry and on the go! It helped me get clean and fresh clean every time I cleanse. I pour some powder into my hands and add water and mix into my face when it foams up and I just rub it all over. This is not irritating on my sensitive skin at all.,Great for all SKIN TYPES!!!,fair,brown,dry,black,P448546,Darker Skin Tones Enzyme Cleanser,Dr. Barbara Sturm,75.0
22207319976,4,1.0,1.0,2,0,2,2020-04-12,"I like this product, not too smelly and doesn’t dry my skin works for my mixed skin.",,fair,hazel,normal,blonde,P448562,Barrier+ Foaming Clay Cleanser,Skinfix,32.0
2477948706,2,0.0,0.5714290142059326,7,3,4,2021-01-04,"My skin had a horrible reaction to this cleanser! Might be because I have dry skin, but my skin was red, dry, and peeling for days :/ too bad because I love the smell and consistency!",not for dry skin,light,blue,combination,brown,P448710,pores no more Pore Purifying Cleanser,Dr. Brandt Skincare,38.0
1575532010,5,1.0,0.6666669845581055,9,3,6,2020-05-17,"I’ve been using the Sobel skin rx along with DR. DENNIS GROSS SKINCARE Alpha Beta® Extra Strength Daily Peel. I usually alternate every other day between these peels. Between both of them, I 100% see improvement in skin texture. My skin type is combination. I’ve been on a strict skincare regiment for about 10 years and I do see an esthetician for facial peels and such. For home care and maintenance, this is really good. After 2 weeks, I saw my skin texture change to be a lot smoother. I also purchased the sobel facial wash with 29% glycolic, retinol, and niacinamide Gel Serum.  Overall, really happy. I will purchase again to keep up my home skincare regimen.",Really good for homecare skin matinance.,mediumTan,brown,oily,brown,P451745,30% Glycolic Acid Peel Concentrate,SOBEL SKIN Rx,46.0
11024384117,5,1.0,0.846153974533081,221,34,187,2019-10-21,"I was skeptical because nothing ever seems to work. With this plumping cream, my skin was moisturizer without excess grease, it was light weight and my smile lines vanished in a week. Haven’t tried the tightening portion yet.",Must Try,deep,brown,oily,black,P448565,Clinique Smart Clinical MD Multi-Dimensional Age Transformer Duo Resculpt + Revolumize,CLINIQUE,74.0
21144652762,5,1.0,1.0,10,0,10,2022-08-03,"Love these, I have sensitive skin around my eyes and these do not irritate them.  But where is the re-stock? They have been out of stock for months now..",,light,green,combination,brown,P481712,Party Recharge Cryo Me Crazy Under-eye Masks,INC.redible,20.0
34303038780,5,1.0,,0,0,0,2022-11-08,I love this set! It’s the perfect combination to get started in refreshing your face. The products smell ok but the smell is very faint so if your sensitive to smells these would be good! These products leave my skin feeling hydrated and refreshed,,,,,,P483701,Daily Essentials Travel Set,The Outset,50.0
11458040928,5,1.0,1.0,2,0,2,2018-03-24,"Shake extremely well prior to spray. Great, clean product for pore size and tight skin. For sensitive skin, like mine, I experienced dry skin during second week of use but then skin got used to it. Smaller pore size decreased the potential for a break out.",Nighttime Necessity,light,blue,dry,brown,P404232,DermalQuench +Retinol Advanced Resurfacing Treatment,Kate Somerville,110.0
31484082442,5,1.0,1.0,2,0,2,2022-12-22,"I really liked the condition of the skin after this Volcanic Sea Clay Detox Masque: it became soft, black spots disappeared, and it was not overdried. The mask instantly calmed the inflammation on my skin. After it, the face is matte and pleasant.",beautiful skin,light,hazel,dry,blonde,P504040,Spirulina + Ashwagandha Volcanic Sea Clay Detox Masque,MARA,54.0
1347848548,2,0.0,0.625,8,3,5,2022-07-30,"I’m not impressed. The smell is a bit strong and not very pleasant. Also, what’s more irritating is the fact that this set is $75 and the products aren’t even travel size. They are much smaller.",Not happy!,mediumTan,brown,normal,black,P500482,The Clean Dream Team Set,Tata Harper,75.0
8446644006,5,1.0,,0,0,0,2021-07-20,I am beyond amazed at this moisturizer! Not only did it moisturize my face without leaving me greasy but it didn’t cause me to break out or get clogged pores. This has become my nightly cream to help with my wrinkles and pores. After one use I already saw a difference in my pores. The pores on my nose were so much smaller. I highly recommend and will be buying again. It was perfect. Not to mention it is made for those with dry and sensitive skin.,,fair,blue,combination,brown,P474121,SD Advanced  PLUS Intensive Moisturizer For Wrinkles & Stretch Marks,StriVectin,82.0
5831523361,5,1.0,1.0,1,0,1,2019-03-20,"I love this scrub - it gently warms as you put it on your skin, and the sugar crystals melt during the exfoliation process - I like to give myself a little facial massage whilst using this. The smell is heavenly, and it leaves your skin soft, clean, and fresh. Delightful! Also, weirdly cheap for Lancôme.",,fair,brown,combination,blonde,P433461,Rose Sugar Scrub,Lancôme,34.0
5113831064,5,1.0,,0,0,0,2023-03-04,"I’ve never tried any Moonjuice skincare but this is really nice! It’s quite gentle, doesn’t feel stripping and smells lovely. Love the clean feeling on my skin, while still feeling hydrated. Great everyday face wash",Nice and Gentle!,medium,brown,combination,,P454315,Milk Cleanse Gentle Foaming Cleanser,Moon Juice,32.0
6747622149,3,0.0,0.5,4,2,2,2022-03-30,It was okay. I didn’t enjoy the smells of most of the products and didn’t really see a huge difference. Won’t buy again.,Not worth it,fair,blue,combination,brown,P480278,Rapid Radiance Set,Biossance,35.0
10456627409,5,1.0,1.0,3,0,3,2019-09-21,Literally pores no more received this in my fabfitfun box. I have spent so much money trying to find a product that would resolve my acne problem and I finally found the right product! I have been using this product for a month now and I am super happy about my results! I will be purchasing this.,,light,brown,combination,brown,P448710,pores no more Pore Purifying Cleanser,Dr. Brandt Skincare,38.0
23403815170,5,1.0,1.0,11,0,11,2021-10-03,"I’m only 6 days into taking these supplements, and let me tell you- it’s college mid-terms, and I’ve pulled two all-nighters, and barely slept, plus Mother Nature visited me two days ago, so I was fully expecting my skin to freak out, my dark circles to be on full display, and to look like the walking-dead.This has completely blown me away. Despite my terrible sleep schedule this week, I’ve seen a noticeable difference in dark circles, and instead of having a major hormonal breakout, it was only a few acne spots (which is a big deal for my skin at this month.) And you know how your skin looks sallow and rough when you don’t get sleep? Mine is glowing! I can’t believe what a difference this has made in just a few days. 100% recommend. Wow!",Very Impressed,fairLight,green,combination,brown,P457002,SuperBeauty Daily Antioxidant SkinSupplement,Moon Juice,60.0
20184240902,3,0.0,0.3000000119209289,10,7,3,2021-09-10,It’s okay. I just wanted a clear gloss and this does the job but it’s a pretty sticky formula so not the best and I literally just threw it in the trash because the packaging is terrible and every time I try to open it and use it it’s like trying to pry open a damn can or something lol the lid never ever wants to come off so I just threw it away because I’m tired of trying to open the dang thing for an hour before I even get to use it. Anyways….. rant over…. It’s simply okay. & that’s why I’m writing this review because I just tried to twist the top off for 10 mins and it wouldn’t budge.. ugh.,,,,,,P449102,Crystal Ball Roller Gloss,INC.redible,12.0
2726874870,5,1.0,,0,0,0,2020-04-22,"I live up north in a cold and dry climate, so I usually find cleansers exacerbate my dryness and sensitivity, but I decided to try this one and so far I am LOVING it. I can use it twice a day to clean my skin and doesn’t strip at all. I have a much healthier, dewy complexion that is fresh and bright. I will continue to use this product, gratefully.",Cleans without Stripping!,lightMedium,,combination,brown,P448562,Barrier+ Foaming Clay Cleanser,Skinfix,32.0
10742091137,5,1.0,0.857142984867096,7,1,6,2021-08-01,Best stretch mark product on the market! Obviously no cream will 100% remove stretch marks once you have them but this gets really close. I recommend this product for stretch mark fading 150%!,Best Stretch Mark Cream,fair,green,normal,blonde,P474121,SD Advanced  PLUS Intensive Moisturizer For Wrinkles & Stretch Marks,StriVectin,82.0
1288462295,5,1.0,0.75,4,1,3,2020-10-16,Leaves my under eyes hydrated & plump!! Well worth the price!,,lightMedium,blue,combination,red,P437960,Baggage Claim Rose Gold Eye Masks,Wander Beauty,26.0
23442277526,5,1.0,1.0,1,0,1,2023-03-10,"I wanted to wait a bit to see the results first and I love it. It has a great smell and doesn’t leave an oily residue on my skin. I mix it with my moisturizer and it works great. For reference, I have combination skin and haven’t had any breakouts from this product.",Get it,light,brown,combination,,P504636,Mini Watermelon Glow Niacinamide Dew Drops,Glow Recipe,20.0
1630572456,5,1.0,0.857142984867096,28,4,24,2018-05-14,I can’t believe how effective this is. It got rid of my smile lines in just a few days. Definitely worth every penny. Try it out. It’s nice and light but super potent.,,light,brown,combination,black,P427732,Capture Youth Plump Filler Age-Delay Plumping Serum,Dior,110.0
1401514712,5,1.0,0.6666669845581055,6,2,4,2020-06-21,"I recently tried this product. I liked the price point and I read the reviews & decided to give it a try. The product is very light, I love the way it makes my skin feel and look. The smell is very earthy and not offensive but I’m also not necessarily saying it’s a good smell although my boyfriend said he couldn’t smell anything. I like this product a lot and will definitely purchase again.",Love Chia Oil!,mediumTan,brown,normal,black,P447597,100% Organic Virgin Chia Seed Oil,The Ordinary,8.5
5730204910,5,1.0,1.0,11,0,11,2020-07-06,"I take the MoonJuice SuperYou and SuperHair already and love them both, so adding SuperBeauty to my routine was a no brainer. My skin has been going through a lot the past couple of months, these have helped to calm down a lot of my flare ups and my skin has had such a nice, healthy glow. I’m on my third bottle and I feel, like with all supplements, the real results are seen after three months. So I’m excited to continue using these and see even more amazing results!! I received 2 bottles gifted from the brand, but went and purchased my third to continue using them!",Makes my skin glow!,light,brown,dry,brown,P457002,SuperBeauty Daily Antioxidant SkinSupplement,Moon Juice,60.0
24103118882,4,1.0,1.0,1,0,1,2020-05-15,"The hydration part is perfect. But the texture is thick rather than the misty I was expecting. For this reason, I don’t recommend to use after makeup even tho it says it’s makeup friendly. It smells good tho",Good but not for makeup,fair,brown,combination,brown,P447607,Rose Milk Re-Hydrating Mist,Lancôme,30.0
7779646937,5,1.0,1.0,3,0,3,2023-01-07,The oil was a game changer for me this winter! My face tends to get really dry during the winter months and using this consistently has helped heal my patched peeling skin. Leaves my face feeling more plumped and glowing. There is various vitamins in it that helps resolve multiple skin issues besides dryness. Can’t wait to see long term results!,Great for dryness,fair,green,dry,blonde,P504026,Mini Algae + Moringa Universal Face Oil,MARA,40.0
9915583654,2,0.0,0.9333329796791076,15,1,14,2021-02-27,I was excited to try out this mask but it did not live up to the hype. It just literally had no effect whatsoever on my skin. I have combination skin and sensitive skin. There were just no results and I think it’s a waste of money.,,light,brown,combination,black,P448711,Face Mask,Dr. Barbara Sturm,125.0
5435349034,5,1.0,0.8333330154418945,18,3,15,2021-08-19,"This is the best thing to ever happen to my skin. I had acne prone skin with melasma and large pores and i had tried EVERYTHING....nothing worked until I incorporated this into my skincare routine. I use it twice a week and i leave it on for 5 mins. I exfoliate with Dr. Brandt microdermbrasion before i put it on and it tingles!! i am on my third bottle and i now have clear skin....my skin has evened out, i barely breakout and my pores are barely noticeable. I can go out without makeup in confidence and i am so happy. This product alone will not work miracles, however, it will buff off layers of dead skin cells so other products can better penetrate your skin and work their magic. I have struggled with my skin for years so i do have a strict morning and night time routine. incorporating this into my routine is the best decision i made in 2020.",Skin saver,rich,brown,oily,black,P451745,30% Glycolic Acid Peel Concentrate,SOBEL SKIN Rx,46.0
1739358610,4,1.0,0.9285709857940674,14,1,13,2018-09-06,"Smells good and I feel like the price point is even better for it being Lancome and how much product you get. It does its job and smells nice, but nothing extraordinary. I only use this one for my face so it should last me a while. Would order again.",Good,lightMedium,blue,dry,brown,P433461,Rose Sugar Scrub,Lancôme,34.0
1502592198,5,1.0,,0,0,0,2023-01-05,"I was given this product for free by Mara in exchange for honest review. First of all right off the bat the Packaging!!!! It feels expensive and luxurious . I love the cute glass bottle and the color. This stuff if potent , you only need little bit. Like any retinol you need to start small to get used to it. I like to sandwich in between moisturizer. It leaves my skin super soft and not irritated. It evens out the skin and hydrates it too. I would recommend this product as I have seen a positive improvement in my skin.",A great retinol to add to your routine,,Grey,combination,black,P504016,Mini Evening Primrose + Green Tea Algae Retinol Face Oil,MARA,66.0
2801274195,5,1.0,0.8999999761581421,10,1,9,2020-03-06,"You get what you pay for is what I always say. Barbara Sturm has the best line and I’ve tried them all. I love this mask, it makes your skin look like you came from a high-end spa. Best ever! And this line is completely clean. I use the glow drops and face cream too. My skin has never looked healthier.",,fair,blue,dry,blonde,P448711,Face Mask,Dr. Barbara Sturm,125.0
29401395069,5,1.0,,0,0,0,2022-11-21,"This is one of my favorite new brands. I like that the products are relatively unscented. After using this set for 10 days, my skin looks clean, plump, firm and hydrated. I really like this line.  It seems like the facial cleanser might have a slight citrus scent, but perhaps I’m incorrect. All products have a light feel to them. My skin feels refreshed after using the cleanser. The serum and moisturizer easily absorb into my skin. All products work well with my sensitive skin. It works well under make-up. It didn’t clog my pores and my skin didn’t break out. Would recommend!",I love this clean feeling set!,fair,blue,combination,auburn,P483701,Daily Essentials Travel Set,The Outset,50.0
6246118648,5,1.0,1.0,2,0,2,2021-07-14,"Really like this, at first the smell was weird but u get used to it. I use it after the vitamin c and before spf and my skin feels moisturized through the day and not oily",Good,light,brown,oily,brown,P469526,Water-Infusing Electrolyte Moisturizer,Paula's Choice,37.0
1462141786,4,1.0,0.7142860293388367,7,2,5,2021-02-13,"I am not seeing miracles, but it is a nice cream and does keep my neck supple.",Nice cream,light,green,combination,gray,P449164,ELEVATE Firming & Lifting Neck Cream,Algenist,84.0
1295920374,4,1.0,,0,0,0,2021-07-21,I am so excited about using this prodcut!  I have used it for just a couple days so far but I love that it doesnt have any crazy overpowering smell and it feels very thick and hydrating.  Very promising!,Very optimistic,lightMedium,blue,normal,black,P474121,SD Advanced  PLUS Intensive Moisturizer For Wrinkles & Stretch Marks,StriVectin,82.0
5479327916,5,1.0,1.0,39,0,39,2019-08-08,I have read some reviews about this product and have seen many complaints.some of you ladies need to really shake that bottle hard and if you are not happy with the pump just put a little bit on your fingertips and apply it to your face no problem. I absolutely love this product I just don’t use it on my face I also use it on my hands and my arms and it keeps them very very soft!!!!,Love it!,light,,combination,,P447607,Rose Milk Re-Hydrating Mist,Lancôme,30.0
22443834421,3,1.0,0.0,1,1,0,2021-12-20,"I liked the grit but my skin just felt a bit too dry for my liking afterwards. I know exfoliants tend to dry the skin, but my skin is ultra sensitive so it probably wasn’t a good idea.",not for me,fairLight,green,oily,brown,P471566,Mini Lemonade Smoothing Scrub,OLEHENRIKSEN,18.0
23022982177,5,1.0,0.800000011920929,5,1,4,2021-01-04,Je l’utilise sur mes cheveux  (particulièrement sur les pointes) en combinaison avec l’huile d’argan (the ordinary aussi) et j’ai les cheveux super doux depuis que je les utilise!,,light,brown,combination,blonde,P447597,100% Organic Virgin Chia Seed Oil,The Ordinary,8.5
11462302291,4,1.0,0.0,1,1,0,2022-08-28,"I used this as directed and after few days of using it, I noticed that my skin is softer. There is mild exfoliating effect that promotes skin turnover. I love that it doesn’t sting nor cause harsh irritation. I will religiously continue to use this, to keep my skin healthy and glowing. Gifted by Dermatologica Sampling in exchange for my honest review.",Wow!,fair,brown,combination,brown,P467112,Daily Microfoliant Exfoliator Refill Pack,Dermalogica,56.0
39319850233,5,1.0,,0,0,0,2023-02-25,I haven’t tried very much from Hourglass so was excited to try this. I’m not sure why I’ve stayed away from Retinol but I’ve been have a lot of hormonal cystic acne on my chin so this came at the right time. It does smooth my skin and has helped clear it up as well as reducing scaring.,,,green,combination,,P504637,Equilibrium Resurfacing Retinoid Treatment,Hourglass,110.0
22155080749,3,0.0,0.0,2,2,0,2020-06-20,"It smelled very nice, but I don;t think it did much. It also stung a little.",Okay,fair,,dry,blonde,P446820,Grapefruit Peeling Mask - Skin Perfection,SEPHORA COLLECTION,8.0
5904886216,5,1.0,1.0,1,0,1,2021-03-21,Works great as spf on its own and also as a primer before makeup! It also does have a little coverage of redness,amazing!,fair,hazel,combination,auburn,P469524,RESIST Super-Light Daily Wrinkle Defense SPF 30,Paula's Choice,37.0
5329210141,5,1.0,1.0,6,0,6,2023-01-08,"This product is small yet mighty. I dont need much, just a drop or two and this powerful oil leaves me skin hydrated. My dry skin loves this product and it has never looked more hydrated, plump and healthy. This has replaced my multi-step routine. i am new to the brand and can not wait to try more products from Mara!",Mighty,light,hazel,normal,,P504026,Mini Algae + Moringa Universal Face Oil,MARA,40.0
7389052704,4,1.0,0.75,4,1,3,2021-09-16,"Goes on super easy , has a velvety like feel but doesn’t feel that way on the skin . Keeps my face matte in the summer/fall when I’m oily . Very impressed, will buy again .",great for oily skin,lightMedium,brown,combination,brown,P476733,Mineral Mattescreen Sunscreen SPF 40 PA+++,Supergoop!,38.0
1312881176,5,1.0,0.6666669845581055,3,1,2,2020-01-25,"This is just one of those items I always keep on hand -  I store it in my fridge and use it right after I wash my face as a prep for my serums. I also use it a lot during the summer as my main moisturizer due to the humid climate I live in it’s perfect for my combo skin, giving a nice glow without being heavy.Highly recommended if you need a face mist thats a gentle, consistent addition to your regimen and will be a perfect bridge to your serums and moisturizers.",A great addition,mediumTan,brown,combination,brown,P452004,Rose Hibiscus Hydrating Mist,Herbivore,36.0
1452840236,5,1.0,0.875,8,1,7,2022-06-15,"I had never heard of this brand until I browsed Sephora and purchased this cleanser based on the reviews.  From first use I was hooked!!  I have normal/combination skin and was looking for something different and that was in the clean beauty category.  I love that this is fragrance free, does not dry my skin out or make it oily.  My skin looks fresh and evenly balanced.  I am sold and plan to try other products from this line.  Try this and you won’t regret it!",My New Favorite Cleanser!,tan,brown,combination,black,P480346,SuperFruit Gentle Brightening Cleanser,ROSE Ingleton MD,38.0
29871982859,5,1.0,0.9677420258522034,31,1,30,2021-11-16,"I have dark skin. I’ve used way too many sunscreens in my life. They’ve all either left a horrible white cast, are extremely greasy, or pill. This is the ONLY sunscreen I’ve used that does none of the above and actually makes my skin look amazing! It’s slightly tinted and blends in perfectly with my dark skin tone. It looks very natural and matte which I love. It even blurred my pores and some of my fine lines. It’s not greasy at all and applies smoothly. I finally feel confident with sunscreen on. The only complaint I have is that it’s way too expensive for only 1.5 fl oz. I can see this running out quickly since you have to reapply every 2 hours. I really wish the bottle was bigger for the price.",WORKS WONDERS BUT IS EXPENSIVE,tan,brown,combination,black,P476733,Mineral Mattescreen Sunscreen SPF 40 PA+++,Supergoop!,38.0
1464683636,5,1.0,1.0,5,0,5,2021-04-17,"Love this product!  Blends in really well with a light tint for a natural and matte finish.  Big fan of Supergoop Matte Screen, but this is better!",Highly Recommend,light,blue,combination,blonde,P469524,RESIST Super-Light Daily Wrinkle Defense SPF 30,Paula's Choice,37.0
2838431183,5,1.0,,0,0,0,2021-07-30,"I know it’s going to take time to improve the look of wrinkles and stretch marks,  it took years to create a wrinkle, and it might take a couple of months to get rid of it! This moisturizer works in the right direction! My fine lines and wrinkles appear smoother and less pronounced, skin feels more hydrated and plump, the moisturizer is lightweight and fast-absorbing, doesn’t have any scent! I’m going to use it religiously and will repurchase it once I run out!",Great moisturizer,light,hazel,combination,black,P474121,SD Advanced  PLUS Intensive Moisturizer For Wrinkles & Stretch Marks,StriVectin,82.0
24631216312,4,1.0,1.0,7,0,7,2022-05-24,"I have a love/hate relationship with this sunscreen. It goes on smooth, doesn’t leave a white film on my skin and overall kept me matte the whole day. However it did make my skin feel greasy, but I never appeared oily. I definitely will continue to use this sunscreen, it’s the best one I’ve been able to find so far for my oily skin.",Worth a Try!,tan,brown,oily,black,P476733,Mineral Mattescreen Sunscreen SPF 40 PA+++,Supergoop!,38.0
6424433850,4,1.0,0.625,8,3,5,2020-07-20,"I do like this mist, but the pump is horrible in the sense it needs to be used at close range, and have to do many pumps to mist a larger face.  it’s a good mist, but I don’t know, it’s just not my holy grail of mists. I love that it’s in a glass bottle for environmental purposes as I can reuse it once it’s done. I’ve been rotating this with the Caudalie Grape Water mist, and found that to be more of a favorite.  Also, you can’t beat their price of $24 for the grape water compared to this 50$ rosewater. I like it, but won’t be repurchasing, as I don’t think it’s worth the price.","Good mist, but I think there are better out there",fair,green,combination,brown,P452004,Rose Hibiscus Hydrating Mist,Herbivore,36.0
2854914091,5,1.0,,0,0,0,2023-03-21,"I recently started using the Mara algae retinol face oil, which is sourced sustainably and supposed to make your skin more plump and luminescent and I’ll say that I love it so far. I honestly like to use oils at bedtime to lock in moisture bc I don’t want to look greasy but this can be used in the day too just be sure to use SPF. It’s super lightweight and works well underneath makeup. Gifted by Mara",,tan,brown,combination,black,P504026,Mini Algae + Moringa Universal Face Oil,MARA,40.0
30477385322,4,1.0,0.75,12,3,9,2021-12-14,"This little jade eye tool is really cute and provides a lovely cooling sensation when used. I don’t know if I’ll use it every day, but it is really nice to use when you have puffy eyes. The packaging is also really modern and clean, and it’s really helpful that it comes with instructions.",,fair,hazel,dry,blonde,P447604,De-Puffing Jade Eye Treatment Tool,Mount Lai,30.0
869974331,5,1.0,1.0,5,0,5,2021-05-27,"I have very oily skin & usually avoid sunscreens (and the sun) because they are either too emollient or they pill under my makeup, so I was looking for a sunscreen that did neither. Most sunscreens are not developed for people with very oily skin & this sunscreen is now my current favorite. I didn’t notice any white cast at all, like other reviews have mentioned, nor did I notice any blurring or tint from this. It goes on very sheer for me & doesn’t affect my makeup application. Love this & will definitely be repurchasing",My go-to for super oily skin,fair,green,oily,blonde,P469524,RESIST Super-Light Daily Wrinkle Defense SPF 30,Paula's Choice,37.0
27763569314,5,1.0,,0,0,0,2023-02-27,"Complimentary from Hourglass Cosmetics. OMG, I am really impressed with this Equilibrium Resurfacing Retinoid Treatment. This product is great to help my skin problem, like uneven skintone, fine lines and dark spots. This product is such a game changer in my skincare routine, you can apply it at AM and PM. I am super happy with it.",My new favorite,deep,brown,dry,black,P504637,Equilibrium Resurfacing Retinoid Treatment,Hourglass,110.0
7754230981,5,1.0,1.0,4,0,4,2022-05-19,My boyfriend loves this. He’s on his third bottle. His skin looks amazing. He works in a kitchen and has a beard so his skin gets very clogged but this has helped so much.,boyfriend loves,light,blue,combination,brown,P448710,pores no more Pore Purifying Cleanser,Dr. Brandt Skincare,38.0
6339361403,5,1.0,0.857142984867096,7,1,6,2021-03-11,"I really liked this cleanser. I was afraid the gel texture would be drying for me but it’s a cloudy/milky gel so I found it was a good balance of cleansing and hydrating. I finished the bottle last week and as I continued to use it, I found my skin was less oily, breakouts were minimal, my skin was evenly textured, and my pores were less clogged. ⁠⁠⁠⁠I’d highly recommend this one for oily/combo skin and will be repurchasing it in the future. I’ve read reviews of folks with dry skin who also love it, so it could be an option if you’re on the dry side. ⁠⁠",Highly recommend,lightMedium,brown,combination,black,P448710,pores no more Pore Purifying Cleanser,Dr. Brandt Skincare,38.0
5144150427,5,1.0,,0,0,0,2023-03-11,"I love this serum so much. It makes my skin very soft. Dewy, firm and bright.  I’m glowing everytime I use it. My oily skin loves it. This will be a staple in my skincare routine. I recommend this to anyone that wants great skin.",A must have,deep,brown,combination,black,P505047,High Performance Face Serum with Vitamin C and Hyaluronic Acid,MACRENE actives,195.0
11727084539,3,0.0,,0,0,0,2023-03-16,Absolutely love the packaging of this serum. It feels so luxurious. The serum is thick. A little goes a long way. It does not get absorbed immediately. Takes a few massages for it to get into the skin. complimentary from Macrene Actives,,light,brown,combination,black,P505047,High Performance Face Serum with Vitamin C and Hyaluronic Acid,MACRENE actives,195.0
1612295511,5,1.0,1.0,6,0,6,2021-03-07,"I have been using this product for about a year - I mix it with most of my foundations. No cast, makes skin feel dewy. I am in my early 50s with relatively good (combination) skin, but some rosacea. This just seems to help keep balance between all my products. I am also super fair - don’t let the product color scare you, it’s invisible once it hits your skin.",Great for mature skin,fair,blue,combination,gray,P469524,RESIST Super-Light Daily Wrinkle Defense SPF 30,Paula's Choice,37.0
30442865174,5,1.0,,0,0,0,2023-03-09,"First of all, I love the packaging. It’s very aesthetically pleasing. The vitamins don’t have any particular taste so they are easy to take with any drink. Worth giving a shot for beautiful and healthy skin! complimentary from Moon Juice.",A must have!,,green,dry,blonde,P457002,SuperBeauty Daily Antioxidant SkinSupplement,Moon Juice,60.0
47027124213,5,1.0,,0,0,0,2023-03-12,"This serum is an all-in-one investment in your skin. I noticed a difference in the clarity, brightness & firmness of my skin after using. My skin is absolutely glowing. Just one pump AM & PM is all I used for these results.",,,brown,dry,blonde,P505047,High Performance Face Serum with Vitamin C and Hyaluronic Acid,MACRENE actives,195.0
1673207214,4,1.0,0.5,2,1,1,2021-07-22,"this is a nice scrub, it leaves my skin feeling smooth. It smells really good. I like the amount of exfoliation, I don’t like when scrubs are too gentle, this one is great for me.",nice scrub,fair,brown,oily,brown,P471566,Mini Lemonade Smoothing Scrub,OLEHENRIKSEN,18.0
7581682557,5,1.0,,0,0,0,2022-12-21,I love this face oil so much! I cannot recommend it enough! After using consistently my skin looks and feels so healthy and glowing! My skin texture looks smoother and more hydrated. Definitely recommend. I love it!!,love!,fair,brown,normal,blonde,P504016,Mini Evening Primrose + Green Tea Algae Retinol Face Oil,MARA,66.0
38998488542,5,1.0,,0,0,0,2023-03-15,"lately i’ve been breaking out on my forehead from shaving my face, i waited a few days to use this and when i did it somehow took away all the breakouts. I love this",Incredible,lightMedium,brown,dry,black,P503872,Mini Mandelic Acid + Superfood Unity Exfoliant,Youth To The People,16.0
7134626402,5,1.0,1.0,2,0,2,2020-04-10,My new favourite cleanser! This is so perfect for oily skin. I really feel like I get a deep clean. My skin feels so soft after I use it. It’s best used after removing makeup with a makeup wipe first and then use this because you shouldn’t use it on your eyes. I feel like this has helped my oily skin.,AMAZING CLEANSER FOR OILY SKIN!,lightMedium,brown,combination,brown,P448562,Barrier+ Foaming Clay Cleanser,Skinfix,32.0
26853176444,5,1.0,,0,0,0,2020-05-30,"This product is amazing and I highly recommend it if you want soft, smooth and clear skin. I had very dry and crusty skin but after i used this product i had perfect skin.",,medium,hazel,dry,auburn,P446820,Grapefruit Peeling Mask - Skin Perfection,SEPHORA COLLECTION,8.0
8379366014,5,1.0,1.0,1,0,1,2020-09-16,I love that this leaves my face so clean and hydrated but I don’t feel stripped at all,Love this Cleanser !!!,mediumTan,brown,combination,black,P454315,Milk Cleanse Gentle Foaming Cleanser,Moon Juice,32.0
2005048711,1,0.0,1.0,3,0,3,2022-10-13,"I am also a reluctant one star review.  I love the patches, by the way.  Sadly this moisturizer on me dries and dulls my skin. I also have acne like I never had before. My fine lines are more pronounced now after two weeks of use than before.  I’m disappointed, but I’ll keep using the collagen patches very happily.",Not for all skin types,,brown,combination,,P457520,FIRMx Collagen Moisturizer,Peter Thomas Roth,88.0
1967685442,5,1.0,0.9047620296478271,21,2,19,2020-11-27,First off I’m a product junkie w a 12+ product daily skincare regimen so I’ve tried it all. Most eye products actually dry out my eyes more. I’ve been searching for a light weight product that doesn’t pill and actually gives my eyes lasting moisture and this is it. It’s super light and non greasy and goes on like a dream. Good for layering under makeup. It seems to last awhile even though my eyes tend to tear a lot and wash product away. It will forever be a staple in my regimen.,"light weigh, not greasy, long lasting hydration.",medium,brown,combination,blonde,P457519,Water Drench Hyaluronic Cloud Hydrating Eye Gel,Peter Thomas Roth,43.0
6604926345,1,0.0,1.0,3,0,3,2020-07-31,"Do not purchase this mist! cus it is not a mist. its like a milky serum or moisturizer? but it doesnt moisturize and your skin is sticky. I really wanted to tlove this cus I love rose and it seemed like it would just leave you glowy and beautiful BUT, it just doesn’t spray out the bottle properly, you have to spray it on your hands first and it doesn’t do much for the skin. A waste of 30 something dollars.",,tan,brown,dry,black,P447607,Rose Milk Re-Hydrating Mist,Lancôme,30.0
2779602137,5,1.0,,0,0,0,2023-03-01,"I wasn’t sure about trying Hourglass skincare, but I’m so glad I did! This is a creamier liquid, so yummy on the skin. Didn’t irritate my skin at all! It was so gentle with a very light clean scent. I woke up the next morning with a most beautiful, filter-like complexion! My skin was glowy and blemishes were gone and pore seem smaller! I love it! (Gifted by Hourglass Cosmetics)",LOVE IT!,tan,brown,oily,black,P504637,Equilibrium Resurfacing Retinoid Treatment,Hourglass,110.0
8442418764,2,0.0,1.0,5,0,5,2019-08-31,"not only do i have dry skin, but i also have SUPER sensitive skin. it took me 2 DAYS to realize that this is what was making MY SKIN FLAKE. my skin was the driest it had ever been, and i could actually PEEL the flakes off like it was a sunburn. i now use the mario badescu rose water spray, and it hydrates my face instead of turning it into the SAHARA DESERT.",SENSITIVE AND DRY SKIN. DO NOT USE,lightMedium,brown,dry,brown,P440483,"Facial Spray with Aloe, Cucumber and Green Tea",Mario Badescu,7.0
6166427632,4,1.0,1.0,2,0,2,2020-06-11,"I’ve used lots of different cleansers before, this is definitely one of my favorite but not the greatest value out of them all, that’s the only drawback I would say about this product, but when you look at the ingredients list, it makes sense why its priced higher than similar products",great product good value,fair,blue,combination,brown,P448562,Barrier+ Foaming Clay Cleanser,Skinfix,32.0
5843301967,5,1.0,0.8999999761581421,20,2,18,2018-06-01,Amazing product! I have very sensitive skin and this exfoliator works like a miracle! Skin feels so soft and fresh. I mix a pea size of this product along with my creamy cleanser. Worth the money since it’ll last you for a very long time.,Worth the money.,light,green,dry,brown,P431416,The Replenishing Oil Exfoliator,La Mer,135.0
1666110057,5,1.0,1.0,4,0,4,2022-07-13,smooth feel and no white cast on my face. very happy with this product so far.,wear sun protection that feels good,lightMedium,green,normal,blonde,P500106,Everyday Mineral Moisturizer SPF 30 Sunscreen,Community Sixty-Six,30.0
33066698961,4,1.0,0.8688520193099976,61,8,53,2022-11-11,"YTTP are not lying about the value.  I love this stuff so I was excited for this.  My only complaint is I’m an idiot and didn’t know how to open the bog box I got when it arrived.  Everything except the eye cream, clay mask and aptogen moisturizer is full sized.  The hat, socks and bag are fine.  I like that they sort are humorous and I wear baseball caps when I hate my hair.  So, a really good haul and if you get a discount an even better deal.  Now I need a full blown conversation with myself as I realize how much I’m paying for good looking skin…","It is what it says it is — plus bag, hat and socks",,Grey,combination,,P501474,The Youth Vault: 13-Piece Vegan Skincare + Apparel Set,Youth To The People,340.0
24156567264,5,1.0,0.6666669845581055,3,1,2,2021-04-04,Awesome product. Must buy if you are looking for a great facial scrub,,,,,,P433461,Rose Sugar Scrub,Lancôme,34.0
44715966252,5,1.0,,0,0,0,2022-12-21,"I love this face oil! I have problem skin and am acne prone. I had previously been drying out my skin with acne medications and washes, which actually made my skin worse! Then along came Mara. This stuff is a godsend and added much needed moisture to my skin, which has greatly improved. It’s a staple in our house; couldn’t live without it!",Game changer!,medium,brown,combination,black,P504026,Mini Algae + Moringa Universal Face Oil,MARA,40.0
2175596025,5,1.0,0.6000000238418579,10,4,6,2020-01-02,Saved my skin. Such a holy grail. Its worth every penny.,,mediumTan,brown,combination,black,P446908,Advanced Night Repair Treatment Intense Reset Concentrate,Estée Lauder,92.0
33739215576,4,1.0,0.6666669845581055,3,1,2,2022-02-06,"Perfect for outdoor activities. If you love running outside and hate your face melting in the heat this is perfect. I have a grease ball face and when I work out I need something that won’t just melt off me while I’m sweating outside. This is a perfect sunscreen. It stays matte and when I reapply it doesn’t feel too caked on. It works well on my friends skin who’s a man (sweats way more than me by the way). I love that it’s mineral, it doesn’t burn to put it all over your face if you have sensitive skin. The only issue I have is that if im not using it for sweat inducing activities it makes my skin feel a bit dry. But more like theirs a nice smooth powdery veil kind of dry. I guess that is the point though for it to be mattifying. As a primer type situation I love it my eyeliner doesn’t imprint itself to my brow bone. Perfect.","Light, Airy, Invisible, sweat proof",lightMedium,hazel,combination,auburn,P476733,Mineral Mattescreen Sunscreen SPF 40 PA+++,Supergoop!,38.0
1368542544,2,,0.2307689934968948,13,10,3,2015-12-03,"I was really looking forward to trying this cream as it had high reviews. However after trying it for a week, I haven’t found it to be intensive or very hydrating. I have to put on quite it bit and my skin still feels slightly dry. I have dry skin and it’s worse during the winter. I’m prone to getting dry and flaky spots. I much prefer Shiseido’s Bio-Performance Advanced Super Revitalizing Cream but it was sold out during the VIB sale. For the price of this Dior moisturizer, I expected more. On a high note, the packaging is very luxurious and practical and it smells heavenly.",Mediocre,,,dry,,P375354,Capture Totale Intensive Night Restorative Crème,Dior,175.0
8242682176,5,1.0,1.0,1,0,1,2020-08-01,Love this cleanser!! Thought I would try it and now this is all I use !,Love it !!,light,hazel,oily,blonde,P448562,Barrier+ Foaming Clay Cleanser,Skinfix,32.0
6174707165,5,1.0,0.6666669845581055,3,1,2,2021-11-09,"My favourite spot treatment ever!! It literally erases pimples over night. Like other reviews, I did find it can come off on your pillow but it just rubs off a bit and it still works fine",,medium,green,combination,blonde,P457439,Clarifying Lotion,SEPHORA COLLECTION,16.0
27830507674,5,1.0,,0,0,0,2022-12-21,"I have combination skin that leans dry during the winter, so I always have a facial oil in my skincare routine. Just one or two drops of this helps keep my skin moisturizer and it feels hydrated all day. I love the packaging and scent!",,lightMedium,brown,combination,black,P504026,Mini Algae + Moringa Universal Face Oil,MARA,40.0
6341405837,2,0.0,0.9090909957885742,11,1,10,2021-02-17,"This sunscreen has some great skincare ingredients and blends well, but that’s where the positives stopped for me. It stings a bit when applied, dries down VERY matte, and for super fair complexions (of which I am), it leaves a weird,  unblendable, orange ring at your hairline and around eyebrows. Makeup also appears dry and patchy on top of it, I needed to use a primer. Love the brand and the ingredients, but this was a hard pass from me after wearing for two days.",,fair,hazel,combination,brown,P469524,RESIST Super-Light Daily Wrinkle Defense SPF 30,Paula's Choice,37.0
6399266700,5,1.0,1.0,3,0,3,2023-02-23,"I love this cleanser. It does not leave your face feeling tight and shiny feeling. It’s super soft and moisturizing and gets the job done. Doesn’t have any crazy scents which is good. I have combo skin so it’s both dry and oily, and it’s perfect for my skin.",Amazing,fairLight,blue,combination,red,P504524,Milky Jelly Gentle Gel Face Cleanser,Glossier,19.0
10051841717,4,1.0,1.0,1,0,1,2019-07-29,I absolutely love this product but I wish that there wasn’t added coloring. It makes my skin feel nice and smooth. It doesn’t dry tacky and leaves a dewy look. Overall I like the product,wish it didn’t have added coloring,light,Grey,oily,blonde,P440483,"Facial Spray with Aloe, Cucumber and Green Tea",Mario Badescu,7.0
1356794420,5,1.0,1.0,14,0,14,2023-02-10,I am going to be honest: I did not buy this because I think it will do one darn thing to improve my wrinkles or skin tone or whatever else people think this can do for the appearance of their skin. I got this because I have issues with tension in my jaw and wanted a tool to help me do self massage and relieve tension in my jaw and neck. This tool is amazing for that. SO I cannot say I recommend it for its intended use because I know it won’t do anything to improve wrinkles or skin texture or tone long term but it’s GREAT for self massaging your face and neck.,great for massaging face and neck,light,blue,dry,blonde,P477714,Black Obsidian Face and Body Gua Sha,SEPHORA COLLECTION,14.0
395468267,5,1.0,0.8888890147209167,18,2,16,2020-01-10,"This is a fantastic cleanser.  It smells amazing.  I like that squeaky clean feeling after cleansing — this gives me that but also makes my face hydrated and baby soft.  You will literally keep touching your face to feel the softness!  A little goes a long way, and I really like that it’s clean and vegan.",LOve this!,lightMedium,brown,combination,brown,P454315,Milk Cleanse Gentle Foaming Cleanser,Moon Juice,32.0
5257507996,5,1.0,,0,0,0,2022-12-21,I was hesitant to try face oils... but this has CHANGED MY SKIN. I cannot live without this product. It sinks right in and makes my skin look flawless. I also love this under my makeup. a must have in my routine.,BEST. FACE. OIL. EVER.,light,,dry,,P504026,Mini Algae + Moringa Universal Face Oil,MARA,40.0
27355447982,5,1.0,1.0,7,0,7,2021-02-02,"I have normal to dry skin which is what the product is advertised for. My skin is dryer in the winter, and so far this is amazing! I use VERY little and it goes such a long way for what feels like inside out hydration versus continuously adding moisturizer. Few drops on a microfiber wash cloth and I dab all over. After putting this toner/moisturizer on i wait a moment for it to dry and then ad just a tad more of my normal moisturizer. My skin looks bright and fresh all day with just that but also looks great with foundation.  That said I may switch up for the humid Midwest summer. But for cold seasons this is phenomenal for normal to dryer skin.",GAME CHANGER (For dryer winter skin),fair,hazel,combination,brown,P459116,Mini Cream Skin Toner & Moisturizer,LANEIGE,15.0
27833412629,1,0.0,0.4545449912548065,11,6,5,2020-11-21,This product dried my normally oily skin out more than it has EVER been dried out. I just wanted to replace my normal spray because I couldn’t get it fast enough and instead I got a skin drier in a bottle. The only good thing about this spray is that it is refreshing right as you spray it.,DRIED MY SKIN,fair,hazel,oily,blonde,P440483,"Facial Spray with Aloe, Cucumber and Green Tea",Mario Badescu,7.0
7856055783,5,1.0,0.7142860293388367,7,2,5,2021-10-16,I absolutely love this mask! It’s one of my favorites!,love!,medium,brown,oily,black,P399622,Luminous Deep Hydration Lifting Mask,Tatcha,95.0
1664543537,5,1.0,0.5,4,2,2,2022-03-09,I am obsessed with this and I love this oil from Face Gym so much ! I just started using it and love it already! It takes a bit to absorb into the skin but after it leaves my skin feeling fresh and glowey! Gifted by FaceGym,,fair,brown,combination,blonde,P476676,Youth Reformer Firming Vitamin C Oil Serum,FaceGym,110.0
7473407077,5,1.0,,0,0,0,2023-03-18,"Complimentary from MARA,  I absolutely love this face oil. My skin feels so moisturized and hydrated all day. I’ve struggled with dry skin this winter and now finding something that will help my skin with hydration is my goal! Definitely recommend!",Love a hydrating oil!,,brown,combination,,P504026,Mini Algae + Moringa Universal Face Oil,MARA,40.0
26239731979,5,1.0,1.0,3,0,3,2020-08-05,"I’ve been taking this for about a month now - sometimes one pill, sometimes two pills, per day. I have received some compliments on my skin from others, and I feel like it helps clear up blemishes faster. I know that shizandra is a great antioxidant for many things, so I feel good about taking this for beauty as well as overall health.",Great supplement,light,brown,normal,brown,P457002,SuperBeauty Daily Antioxidant SkinSupplement,Moon Juice,60.0
6220796609,5,1.0,1.0,14,0,14,2022-12-29,"I don’t know what I expected from this oil but it was not this!! I used it for the first time, only one drop for my face and neck. I loved the initial application... but when I saw my skin after it set I was in love!! My skin is so glowy and there is no oily look to it. My skin feels so good to the touch as well. Perfect for no makeup or with makeup. I cannot wait to see the results once I finish the bottle.",Best Oil I Have Ever Used,,green,dry,blonde,P500248,Collagen Superfusion Firming & Plumping Facial Oil,Charlotte Tilbury,85.0
22908861333,5,1.0,0.5,2,1,1,2023-02-07,Only face oil that doesn’t make me break out! Super hydrating and makes my skin feel smooth,Great oil that doesn’t clog pores,fair,hazel,combination,blonde,P504026,Mini Algae + Moringa Universal Face Oil,MARA,40.0
1318344661,5,1.0,0.6666669845581055,3,1,2,2020-08-05,"This pills are very good, my all body complexion look better and felt better",Healthy looking!,mediumTan,brown,combination,brown,P457002,SuperBeauty Daily Antioxidant SkinSupplement,Moon Juice,60.0
30132729057,4,1.0,0.3333329856395721,3,2,1,2021-02-13,"I really enjoy this product! This product is to help clear or make breakouts smaller. But this doesn’t mean blackheads or cystic acne. Just small pimples that you get from mask wearing or hormones. I dap this on my forehead pimples before going to sleep and I notice a huge difference! I’d say the only downfall is the flakiness. It’s a great price though, so I don’t mind.",affordable breakout helper,light,blue,dry,brown,P457439,Clarifying Lotion,SEPHORA COLLECTION,16.0
7795570783,5,,0.8333330154418945,6,1,5,2016-01-29,"All the Dior capture range is amazing especially the night cream I started using it 4 months ago. It’s hydrating, anti ageing. my skin has become smoother, fine lines have gone. I wake up every day my skin is so soft to touch. I would highly recommend it for women who wants to see a difference.",Amazing,,,,,P375354,Capture Totale Intensive Night Restorative Crème,Dior,175.0
8379366014,5,1.0,0.6000000238418579,10,4,6,2020-05-26,"Along with all of the other Moon Juice products, this really was a great addition to my routine. It’s really helped my complexion, I highly recommend!",Wonderful Supplement,mediumTan,brown,combination,black,P457002,SuperBeauty Daily Antioxidant SkinSupplement,Moon Juice,60.0
9947002203,4,0.0,0.5,8,4,4,2022-05-22,"this product does the job, but definitely isn’t my favorite. it leaves a little bit of a white cast, and it isn’t worth the price in my opinion. still a good product.","a decent product, not worth the high price tag",medium,blue,combination,brown,P476733,Mineral Mattescreen Sunscreen SPF 40 PA+++,Supergoop!,38.0
27472451647,3,0.0,0.5,6,3,3,2021-05-16,I wanted to love this but it’s way too sticky for my preference. My skin feels hydrated but too sticky. Ive tried it by itself as well as with the water moisturizer & same result. I will not be purchasing again.,Moisturizing but has a sticky feeling all day.,fair,brown,combination,brown,P459116,Mini Cream Skin Toner & Moisturizer,LANEIGE,15.0
20732487675,5,1.0,,0,0,0,2023-01-03,"I am really enjoying this retinol oil serum. It has a nice light texture, and it absorbs nicely into the skin. It doesn’t leave my skin oily, or sticky. My skin feels more hydrated since using this oil, and I see a difference with my dark spots. I also love that it doesn’t irritate my sensitive skin.",Lovely retinol oil!,fair,brown,combination,,P504016,Mini Evening Primrose + Green Tea Algae Retinol Face Oil,MARA,66.0
2228513119,3,1.0,0.4637680053710937,69,37,32,2019-03-12,"I want to love this but I can’t. Okay, application is so easy because it applies like a lotion so it’s moisturizing and doesn’t get streaky. It takes a couple of hours to develop but I love the color, it looks so natural. The reason that I can’t love this is because I’m so allergic to it and break out every time I apply it. At first I didn’t think it was this that was causing it but after a few times I realized that it was. I think for whoever isn’t allergic to this, they will love it though just from the ease of application and the natural looking tan. It only lets a couple of days but you could always keep reapplying if you aren’t allergic like I am.",love but have to hate,light,hazel,combination,blonde,P441645,Sunless Tan Firming Lotion,COOLA,46.0
2331631969,5,1.0,0.6666669845581055,3,1,2,2020-07-25,Buying again and again - great find! This is a staple of my daily routine,Add this to your routine NOW,light,blue,combination,blonde,P404232,DermalQuench +Retinol Advanced Resurfacing Treatment,Kate Somerville,110.0
1410643838,5,1.0,1.0,6,0,6,2020-08-05,I love taking the entire line of moon juice supplements. The super beauty provides me with so many beneficial nutrients and I am grateful to have them in my life!,Outstanding supplement!,lightMedium,brown,normal,brown,P457002,SuperBeauty Daily Antioxidant SkinSupplement,Moon Juice,60.0
11062986998,5,1.0,0.5,2,1,1,2023-02-17,"I wish I could afford to buy this as my main cleanser forever. I’ve only got to use a couple bottles over the years but each time my skin is the best it’s ever been. I deal with redness and dryness and my skin is always soft and calm using this. Specifically using this as a double cleanse- I pump 4-6 pumps and apply with dry hands to a dry face, rub around and then gradually add water till I rinse off to remove makeup and sunscreen. Then I’ll use 1-2 pumps for the final cleanse after that. It’s truly perfect and I’m sad it’s so expensive. I’ve tried many of the drugstore gentle cleansers (la roche posay, cetaphil, neutrogena, vanicream, cerave, etc) and none of them make my skin anywhere near as happy. I love the rose water scent too it’s just faint enough to be a pleasant aroma just as it’s near your face while you’re washing. I really cherish this face wash every time I can get it.",Perfection,fairLight,hazel,dry,black,P504524,Milky Jelly Gentle Gel Face Cleanser,Glossier,19.0
2157220345,4,1.0,0.5681819915771484,44,19,25,2020-05-08,"I like having this in my lineup to add variety from my la mer, SK11, and tatcha luminous glowing sheet masks. I prefer this one over the luminous glowing one now bc that one doesn’t give me as much of a glow as it use to. I still like my SK11 treatment mask the most but I like giving my face a variety. I’m on the hunt for other great sheet masks to add to my lineup.",,mediumTan,green,combination,brown,P399622,Luminous Deep Hydration Lifting Mask,Tatcha,95.0
6112156845,5,1.0,0.7272729873657227,11,3,8,2022-03-26,"Takes a while to fully get into your skin, but otherwise it’s a great product and my super picky skin actually loved it! I definitely think it’s better for dry winter seasons because this is not a lightweight oil. Other than that, I did not have any bad reactions.",Best for dry winter seasons,mediumTan,brown,oily,blonde,P447597,100% Organic Virgin Chia Seed Oil,The Ordinary,8.5
10651857646,5,1.0,,0,0,0,2023-01-14,Really enjoyed this set to try it in an affordable way. I travel for work so also perfect size. I believe it has helped my skin and I see no irritation overall,,,,,,P483701,Daily Essentials Travel Set,The Outset,50.0
26335295667,4,1.0,0.8181819915771484,11,2,9,2020-04-29,I’ve just used this once so far...it’s been a long time since I did an at home mask and decided what better time than on a Friday night when we are all shut in for endless days.  Initially my skin felt super dry with the mask on and my skin is sensitive but I kept it on for almost a full hour.  When I rinsed it off with warm water and used my face cream my skin felt so amazing and hydrated. My boyfriend mentioned my skin was glowing.  Can’t wait to use again this week!,Glowing skin after one use,lightMedium,blue,dry,blonde,P448711,Face Mask,Dr. Barbara Sturm,125.0
42833890070,5,1.0,1.0,1,0,1,2022-12-09,After using this mask my skin felt so hydrated and smooth! This is the best mask to use when your skin becomes dry in the winter. It gives me an extra glow after every use. One of my favorite Dr. Strum products! (images are from before and after),My favorite mask!,fair,blue,normal,blonde,P448711,Face Mask,Dr. Barbara Sturm,125.0
25117638755,5,1.0,1.0,8,0,8,2021-06-10,"I have dehydrated skin and as the weather gets warmer in my area my skin shows. BUT THIS RIGHT here is a game changer. It feels like water and applies like water, I don’t feel oily/greasy after use. It absorbs nicely and my skin loves it!",holy grail for dehydrated skin!,medium,brown,dry,black,P469526,Water-Infusing Electrolyte Moisturizer,Paula's Choice,37.0
24242786259,5,1.0,,0,0,0,2021-03-20,Love the silky feel of this sunscreen. Perfect for everyday use. I have sensitive skin and I have not had any issues with this sunscreen.,,light,brown,combination,brown,P469524,RESIST Super-Light Daily Wrinkle Defense SPF 30,Paula's Choice,37.0
6013449330,5,1.0,1.0,3,0,3,2022-02-21,So refreshing in this weirdly warm weather we are experiencing. I use it under my bakuchi creme and serum to boost hydration. However I also mist my face with it throughout the day. The spray is very fine and looks good over makeup. It smells so great. No perfume needed.,Refreshing Mist,tan,brown,dry,gray,P481401,Hydrating Jasmine Mist - Royal Refresh,RANAVAT,45.0
5190948847,5,1.0,0.0,1,1,0,2022-11-01,"I Have been using Sephora Braun razor blades for over a year. They are no different than what you would get at a store like Walmart. I got them because they were having points multiplier, there’s nothing wrong with them.￼￼",Simple and easy to use￼,tan,brown,oily,black,P482312,Facial Razor Set,SEPHORA COLLECTION,12.0
5886006874,5,1.0,0.7777780294418335,9,2,7,2020-08-18,This one is the best moisturizer I’ve ever tried. I highly recommend for the women over 40.,Amazing!!!,lightMedium,brown,dry,black,P457520,FIRMx Collagen Moisturizer,Peter Thomas Roth,88.0
1403324716,5,1.0,0.8888890147209167,9,1,8,2019-12-12,Highly quality face cleanser. Keeps my face clean and clear.,,rich,green,dry,brown,P448546,Darker Skin Tones Enzyme Cleanser,Dr. Barbara Sturm,75.0
1547900829,5,1.0,1.0,3,0,3,2018-03-05,bomb.com. my go to retinol product. every time I use it - I wake up with the most radiant skin. best Kate Somerville product.,go to retinol product,fair,hazel,combination,blonde,P404232,DermalQuench +Retinol Advanced Resurfacing Treatment,Kate Somerville,110.0
21385610595,5,1.0,,0,0,0,2022-12-20,Great brand and great product I would highly recommend to anyone looking for a Christmas gift or something more luxe for yourself it feels and looks amazing the bottles even looks great sitting on the counter,,,hazel,normal,blonde,P504026,Mini Algae + Moringa Universal Face Oil,MARA,40.0
1943092374,4,1.0,,0,0,0,2023-03-13,"This cleanser was gifted by Moon Juice for my honest review. I have super sensitive skin and love creamy milky cleansers and this is perfect for me! It gently lathers so it still makes me feel like my skin is getting clean, but doesn’t strip",,fair,blue,combination,blonde,P454315,Milk Cleanse Gentle Foaming Cleanser,Moon Juice,32.0
1322764050,5,1.0,1.0,3,0,3,2022-03-14,"Really surprised by all the negative reviews! I got a sample of this cleanser and loved it so bought a full bottle. It’s a thick, buttery consistency that melts into your skin and removes all makeup without stripping the skin. Smells amazing and leaves me feeling fresh and soft.",Melts off makeup,light,blue,normal,brown,P469448,Purifying Gentle Foaming Cleanser with Salicylic Acid,Clarins,30.0
11516381034,5,1.0,,0,0,0,2023-03-06,Absolutely love this serum! Been wanting to try Hourglass skincare for awhile and this doesn’t disappoint. It’s pricey but worth the money. I’ve been using 1x a week and will up it to 2x soon. Love their makeup and skincare!,Great new serum!,light,green,combination,,P504637,Equilibrium Resurfacing Retinoid Treatment,Hourglass,110.0
5501498144,1,0.0,1.0,2,0,2,2022-01-28,I would give this product zero stars if I could. I loved this product before they changed the formula. This new still is terrible and completely dries good skin out! It didn’t even feel like it cleaned my face. Very disappointed.,Terrible New Formula - Don’t waste your money,light,brown,normal,brown,P469448,Purifying Gentle Foaming Cleanser with Salicylic Acid,Clarins,30.0
2672003896,5,1.0,1.0,3,0,3,2022-07-26,"It does what it says and there’s nothing fancy about it. The price is right, quantity is perfect, you dont need much to lather, pea size amount work for washing my face, as for removing makeup idk what to say, since I always double cleanse, first with oil and than with soap. Because I use oil base prior and than this, I love the fact I feel clean, some will say it strips clean, but I love that feeling after oil wash cleanser in first step. I use essence not toner afterwards so I am hydrated. I have Combo/sensitive skin and this is the best way to keep my skin  balanced and hydrated. I spend good money on essence and serums, that actually stay on skin, so I dont like to spend alot of money on cleansers but I need them to be effective in taking off dirt. And this does that. Love it and bought it for whole family.",does what its suppose to,lightMedium,brown,combination,black,P482007,Dewy Glow Jam Cleanser with Jeju Cherry Blossom,innisfree,13.0
6638129939,5,,1.0,12,0,12,2016-04-23,"I love this. I always worry about just how potent the products are once you open them, and start using them. I just love the packaging of this. No air in and out, and no chance of contamination. It immediately brightened my skin. It absorbs really well into the skin, and I wake up with really soft, smooth skin.",LOVE!,,,,,P404232,DermalQuench +Retinol Advanced Resurfacing Treatment,Kate Somerville,110.0
2808579529,3,0.0,0.8333330154418945,6,1,5,2022-01-09,Nice and gentle cleanser but the formulation isn’t anything special! I’ll use up the entire bottle but I won’t repurchase,,deep,brown,oily,black,P448546,Darker Skin Tones Enzyme Cleanser,Dr. Barbara Sturm,75.0
5918866246,5,1.0,0.800000011920929,5,1,4,2023-02-08,"love this oil, absorbs quickly and the scent is lovely!love her whole line, pricey & worth it.",best oil I've ever used.,fair,blue,normal,brunette,P500238,Mini Collagen Superfusion Firming & Plumping Facial Oil,Charlotte Tilbury,30.0
26900350307,5,1.0,0.800000011920929,5,1,4,2022-03-01,Everything that you heard about this toner is true.It is absolutely amazing for dry skin it’s sooo moisturizing for a toner. I also want to recommend those of you who doesn’t like to do lot of steps it’s so great for simple routine.Like cleanse and use this toner and moisturize should be simple but still hydrated and moisturezed enough,Moisture bomb,light,hazel,dry,blonde,P459116,Mini Cream Skin Toner & Moisturizer,LANEIGE,15.0
5319972480,1,0.0,1.0,4,0,4,2021-11-29,"Do NOT use if you have sensitive skin. The skin on my eyelids are scaly, drooping and flaking off",,light,blue,dry,blonde,P457519,Water Drench Hyaluronic Cloud Hydrating Eye Gel,Peter Thomas Roth,43.0
2050821185,5,1.0,0.8181819915771484,22,4,18,2018-06-25,My first LA MER product …totally love the results of this exfoliator.  Gentle exfoliation while skin is left soft and very smooth.  I will be trying a few more LA MER products based upon the results of this one.  Maybe the LA MER hype has validity to it!,WOW,tan,brown,dry,black,P431416,The Replenishing Oil Exfoliator,La Mer,135.0
10774163078,1,0.0,,0,0,0,2019-10-19,"Good smell, but causes breakouts and overall doesn’t soothe like it should... Will be purchasing the rosewater version again, this product is a disappointment.",terrible,fair,hazel,combination,brown,P440483,"Facial Spray with Aloe, Cucumber and Green Tea",Mario Badescu,7.0
6952197061,5,1.0,1.0,3,0,3,2019-10-27,"One way to use this as a toner is to spray 2-3 spritzes on your face, wait about 5-10 seconds, and then pat your face with a dry towel. I use this throughout the day to refresh my makeup, and as a setting spray after foundation but before powder.",using every day!!,fair,blue,dry,blonde,P440483,"Facial Spray with Aloe, Cucumber and Green Tea",Mario Badescu,7.0
9134232635,5,1.0,,0,0,0,2023-02-28,This product and brand is pretty amazing.  This is so light weight and. It greasy. I love the feel of it on my skin.It helps mySkin texture and I see the difference,,tan,brown,combination,,P504637,Equilibrium Resurfacing Retinoid Treatment,Hourglass,110.0
5191874328,5,1.0,1.0,1,0,1,2023-01-01,"This facial oil transforms dull, uneven skin overnight with vegan retinol, cacay and fermented green tea into a beautiful refreshing glowy skin. It is formulated to support the skin barrier with soothing superfoods and powerful algae to gently deliver retinol to skin for noticeable results without irritation. The skin becomes super soft  and smooth.",,lightMedium,brown,combination,black,P504016,Mini Evening Primrose + Green Tea Algae Retinol Face Oil,MARA,66.0
1534724698,1,0.0,1.0,3,0,3,2023-01-07,"This “hydrating“ gel is a complete disappointment, I only used about 1/3 of the tiny container before noticing two concerning things:  the gel was still all around my eyes in the morning, it doesn’t even get absorbed so how can it possibly be hydrating?  after a couple of weeks of regular use the skin around my eyes became dry and flaky and looked like I aged 10 years!  I refused at first to think it was this product causing it, but when discontinued for a week my eyes returned to normal.  A TOTAL waste of money.",Expensive Yet Ineffective,,green,combination,,P457519,Water Drench Hyaluronic Cloud Hydrating Eye Gel,Peter Thomas Roth,43.0
20361478311,5,1.0,1.0,2,0,2,2023-02-08,"Amazing toner, very refreshing and moisturizing. I just put some in my palms and rub in. Lovely packaging as well.",,fair,blue,combination,brunette,P503890,Green Tea Hyaluronic Acid Hydrating Toner,innisfree,22.0
5759116169,5,1.0,1.0,1,0,1,2022-10-29,The cleaning brush and interchangeable tips make cleaning the Glo Facial easy.,Cleaning is a breeze,light,brown,dry,,P503560,GLOfacial Antimicrobial Treatment Tips + Cleaning Brush Accessories,BeautyBio,30.0
7855236361,5,1.0,,0,0,0,2023-03-01,This retinol treatment has done wonders for my skin. I have been using daily. My skins texture is smooth. I have noticed my dark spots going away. My face is glowing and my fine lines and wrinkles have improved. It is not too drying on my dry skin.,,,green,dry,blonde,P504637,Equilibrium Resurfacing Retinoid Treatment,Hourglass,110.0
9374072179,1,0.0,0.6666669845581055,6,2,4,2022-05-21,BE SURE TO OPEN ALL PRODUCTS IMMEDIATELY AFTER RECEIVING TO CHECK FOR ANY DEFECTS IN PRODUCT PACKAGING. YOU ONLY HAVE SO MANY DAYS TO REPORT AN ITEM HAS A DEFECT THAT HAS LOST YOU HALF OF THE PRODUCT DUE TO CRACKS AT THE OPPOSITE END OF PRODUCT OPENING WHEN YOU GO TO OPEN IT FOR THE FIRST TIME! BE WARNED!!!,,light,hazel,combination,blonde,P472180,Balance It All Oil Control & Pore-Refining Set,OLEHENRIKSEN,40.0
7532671685,5,1.0,0.800000011920929,5,1,4,2022-01-26,I heard about this brand on YouTube from the channel doctorly where they spoke about this having great products for dry skin. I got this to test out all these products and I’m not sure which was did the job or if it’s a combination of all of them but I have always struggled with dry skin and because I live in a really cold country my skin was visibly pealing and dry and cracked and after only 4 days of using these products my skin is very hydrated and has no visible dry signs anymore. I will recommend this to anyone with dry skin. Never had such amazing results from any product. Buy this product!!!!!,best results I’ve ever had,fair,blue,dry,blonde,P480278,Rapid Radiance Set,Biossance,35.0
5357224679,5,1.0,,0,0,0,2023-01-21,"Smells amazing. Wonderful sugar scrub. Not aggressive at all. I have sensitive skin, and this was fantastic. I will buy this again in a larger size.",Perfect face scrub!,fair,blue,dry,blonde,P471566,Mini Lemonade Smoothing Scrub,OLEHENRIKSEN,18.0
11652986429,1,0.0,0.5,4,2,2,2019-03-13,"this spray was the reason why i was breaking out. it makes my forehead SUPER shiny (but when i touched my forehead, it felt dry). this did smell better than the rose spray tho, so i give it that.",BREAKOUTS AND SHINY FOREHEAD,lightMedium,brown,combination,brown,P440483,"Facial Spray with Aloe, Cucumber and Green Tea",Mario Badescu,7.0
6284167422,3,0.0,0.3333329856395721,6,4,2,2019-12-19,"I loved the original formula. It might have been drying to some people because there was witch hazel in it. I found the witch hazel helped with my minor breakouts and my skin was so clear and hydrated! The new formula does nothing for my skin. They removed witch hazel, and claims that it is more hydrating but I’ve found it irritates my skin. I’m so bummed because this used to be a staple in my routine but now I will look for something else",changed formula,light,blue,normal,blonde,P452004,Rose Hibiscus Hydrating Mist,Herbivore,36.0
11753493948,4,1.0,1.0,5,0,5,2022-08-15,Love that there’s no white cast or “sunscreen smell”. It leaves my face very dewy and is great under makeup. It’s actually very hydrating - a little too dewy if my face is oily but that isn’t an issue when I’m regularly hydrating my skin! No breakouts or additional texture and my skin is VERY sensitive. Overall definitely recommend!,Definitely recommend,light,blue,combination,brown,P500106,Everyday Mineral Moisturizer SPF 30 Sunscreen,Community Sixty-Six,30.0
1552872302,2,0.0,0.5,2,1,1,2022-12-14,"By looking at the jar, you’d think you’re getting a lovely white cream. This is not a cream. It’s more like petroleum jelly. I don’t know if the idea is to use this for slugging, but I don’t like the way it feels on my skin. I do feel hydrated by morning, but I hate the texture.",Not what you think it is,,hazel,combination,,P451727,Mini Magic Night 15ml Travel Size,Charlotte Tilbury,45.0
21138185117,5,1.0,1.0,1,0,1,2023-01-05,"I’m always looking for a good retinol and an oil is even better to help lock in moisture during the winter, so I was excited to try this one. For reference, I have dry/combo, aging skin that gets extra dry in the cold. The texture is a relatively light, dry oil so I would use this last in my skincare routine. It smells a little bit like CBD oil; grassy and herbal, but not overpowering. After using it for a few days (always use retinols at night and use sunscreen during the day!) my skin was feeling a little irritated like it always does with powerful retinols, so I can tell this is a good one. I backed off to 3 x a week and was fine. After 2 weeks my fine lines started looking a little finer and the oil kept me from getting too dried out from the retinol. Nice product! I’ll definitely keep using it!",Powerful retinol and the oil keeps you hydrated!,,hazel,combination,black,P504016,Mini Evening Primrose + Green Tea Algae Retinol Face Oil,MARA,66.0
2532131128,3,0.0,0.5,6,3,3,2021-03-09,"For how little this cleanser actually foams, I don’t think the word “foaming” should be in the name of it. Even as my second step of cleansing it wasn’t effective in washing my makeup off. Did not leave that “clean feeling”. Definitely good for scent sensitive people though! May be a better cleanser for those who aren’t using it to take off makeup, of any kind/amount.",,lightMedium,brown,oily,brown,P448562,Barrier+ Foaming Clay Cleanser,Skinfix,32.0
5779815150,5,1.0,1.0,3,0,3,2021-01-13,"I enjoy these. I’m a fan of the cooling sensation the applicator gives while applying. The formula is nice and light weight, non sticky, with a light citrus scent. although it isn’t the most nourishing lip product I’ve used, I like how refreshing it is to apply and its cute packaging.",,medium,hazel,combination,brown,P449102,Crystal Ball Roller Gloss,INC.redible,12.0
22658031565,5,1.0,,0,0,0,2022-12-21,"This face oil is a miracle oil! I love how smoothly it goes on and how quickly my skin absorbs it. It left my skin feeling silky smooth, nourished, and exceptionally hydrated. The bottle and packaging are beautiful; the ingredients are pure and clean, and I know I’ll pick up many more bottles of this face oil in the future!",The Perfect Face Oil,,green,normal,,P504026,Mini Algae + Moringa Universal Face Oil,MARA,40.0
34798217071,5,1.0,,0,0,0,2022-06-23,Wow this product has made my skin enhanced it’s natural glow .,love this facial mist,light,brown,oily,brown,P440483,"Facial Spray with Aloe, Cucumber and Green Tea",Mario Badescu,7.0
23188576310,5,1.0,0.959999978542328,25,1,24,2022-04-26,"it’s an oil good for hair and skin, it does what it is intended to do. i would recommend for anyone with less dry skin to save this oil for the colder months as it could be heavy for warm weather but in general it’s pretty lightweight for a basic formula. it is moisturizing and greater for dry patches on the skin. i apply a drop or two by rubbing my palms together and patting it into my skin. it’s worth the price for how long it can last. i see people talking about the ’scent’ it has and i think that’s dramatic. it’s an oil, it smells like oil i don’t know what else to say. it goes away the second it’s applied and is completely unnoticeable. overall good product.",it does what it is supposed to,fair,blue,combination,brown,P447597,100% Organic Virgin Chia Seed Oil,The Ordinary,8.5
44991646782,4,1.0,1.0,7,0,7,2023-02-19,"I purchased the Supergoop Matte sunscreen for my upcoming cruise to Mexico. I will say I’m very impressed by the matte finish. It doesn’t have a prominent white cast by itself, and it looks great underneath foundation too.","Black girl, Oily girl friendly",deep,brown,oily,brown,P476733,Mineral Mattescreen Sunscreen SPF 40 PA+++,Supergoop!,38.0
5547813076,5,1.0,1.0,2,0,2,2021-04-24,This toner is amazing! My skin used to be so dry in the mornings even after putting on moisturizer. I added this to my morning routine and my moisturizer seems to work so much better! I highly recommend!!,holy grail for dry skin,lightMedium,brown,combination,black,P459116,Mini Cream Skin Toner & Moisturizer,LANEIGE,15.0
30571648738,5,1.0,0.0,2,2,0,2022-04-03,I absolutely love the cleanser and the moisturizer. I have to try the face mask still. But this is definitely a great price for all 3 products.,Love it,light,green,combination,auburn,P480174,Waves of Clarity Skincare Set,Herbivore,32.0
1225385778,1,0.0,0.3333329856395721,6,4,2,2020-12-03,Terrible.  The sales associate told me that this Clarifying Lotion would help with any incoming blemishes. She stated to put it over the blemish at night and by morning I should see a difference. That was a LIE.  No difference at all.  Putting toothpaste on my blemishes was way more effective than this product.  I returned it and got my money back.,Doesn't work AT ALL!,mediumTan,brown,dry,black,P457439,Clarifying Lotion,SEPHORA COLLECTION,16.0
1054280994,3,0.0,1.0,4,0,4,2020-03-29,"I wanted to love this. I am still searching for a replacement for my Laniege foaming cleanser, and hoped this would bd it. Smells like glue, no lather, doesn’t really feel like my skin gets clean from it.",,fairLight,brown,dry,red,P454315,Milk Cleanse Gentle Foaming Cleanser,Moon Juice,32.0
5347373590,5,1.0,0.3333329856395721,3,2,1,2021-02-10,An absolute must buy. This has worked wonders for my skin. It dried it out at first obviously but that’s okay. I like looking at all the gunk it gets out. I feel like a movie star,,light,,combination,,P467969,Personal Microderm Elite Pro,PMD,299.0
6409718652,3,1.0,0.6666669845581055,3,1,2,2020-11-24,smells amazing. it does leave my skin smooth but like other reviews it needs a better pump. it doesn’t really spray as a mist. it sprays unevenly..,,lightMedium,brown,combination,brown,P447607,Rose Milk Re-Hydrating Mist,Lancôme,30.0
25036361994,5,1.0,0.0,1,1,0,2021-01-06,love this balm. super beautiful and smells absolutely amazing.,amazing,fair,green,oily,brown,P449102,Crystal Ball Roller Gloss,INC.redible,12.0
9896164354,5,1.0,0.4210529923439026,19,11,8,2020-01-22,I have been using this as a spot treatment every night. Mainly focusing on the brown / black marks left by healed acne and I have seen a significant improvement on them. they have not completely disappeared but they are much much lighter. I’m very happy with the results so fat hope to see more improvement with continued use.*I have received a free press sample for review purpose*,Works great for Brightening Acne Scars!,medium,brown,combination,black,P453822,Dark Spots No More Triple Acid Spot Minimizing Concentrate,Dr. Brandt Skincare,71.0
5122363749,5,1.0,0.6666669845581055,3,1,2,2021-02-24,"I have exclusively been using this sunscreen for maybe over 6 years and I am so happy Sephora sells it now. I had an insanely bad reaction to a different brand of sunscreen so I live in fear this will one day be discontinued. It’s tinted color confuses me because it leaves no color on my face (im really pale), but also no white cast because of it, it’s not sticky and it dries down to feel like nothing. I will continue to wear it daily for as long as it is sold.",absolute favorite,fairLight,hazel,normal,brown,P469524,RESIST Super-Light Daily Wrinkle Defense SPF 30,Paula's Choice,37.0
7678681750,5,1.0,1.0,3,0,3,2023-01-17,Smaller than I thought it would be. Put it in the fridge prior to use. Felt amazing. The stone is super smooth and has a good weight.,Love It,,,,,P447604,De-Puffing Jade Eye Treatment Tool,Mount Lai,30.0
24461727869,5,1.0,,0,0,0,2023-02-04,I really like this serum. The whole firming vitamin C is great and definitely noticed a difference. The packaging is chic and love the how it dispenses. Love that it has a train scan code to help you. If you have the money to spend on bougie skincare then this is a great choice,,light,brown,normal,auburn,P476676,Youth Reformer Firming Vitamin C Oil Serum,FaceGym,110.0
2773166500,4,1.0,1.0,7,0,7,2021-04-23,AMAZING SMELL!! This product smelled really good and worked well to exfoliate my skin. I would recommend only using a little bit at a time and only once a week.,,light,hazel,dry,brown,P471566,Mini Lemonade Smoothing Scrub,OLEHENRIKSEN,18.0
6981010025,5,1.0,0.8823530077934265,17,2,15,2019-12-19,Not sure what the deal is with this product but now I wake up to perfect skin,is like magic,fair,blue,combination,brown,P446908,Advanced Night Repair Treatment Intense Reset Concentrate,Estée Lauder,92.0
5116336156,5,1.0,,0,0,0,2023-02-04,"I genuinely like this oil! Face oils can be kinda hit or miss for me, as I have an oilier complexion and am quite acne prone. Typically adding an oil into my routine is an unnecessary step. That being said, I have really enjoyed using this on top of my serums in the morning or at night, it adds just a little extra moisture for the dry winters, and the vitamin C is a bonus. Sinks in nicely, doesn’t feel greasy.",Really nice oil for combo/oily complexions,light,brown,oily,,P476676,Youth Reformer Firming Vitamin C Oil Serum,FaceGym,110.0
1545521102,3,0.0,0.3333329856395721,9,6,3,2022-05-26,Omg the smell. I don’t know if the product is great because I can barely get past the smell. How do people do this!?,,light,blue,normal,brown,P431416,The Replenishing Oil Exfoliator,La Mer,135.0
6482003884,5,1.0,1.0,6,0,6,2022-02-18,Worth the money! This piece is very nice and large. Well worth the price asked and very good quality. Def would recommend!,,fair,brown,combination,brown,P477714,Black Obsidian Face and Body Gua Sha,SEPHORA COLLECTION,14.0
2458593694,5,1.0,1.0,2,0,2,2020-03-17,I bought this product because I was looking for a moisturizer with both hyaluronic acid and salicylic acid together. I found this mist and I loved the simple list of potent ingredients. I use it as a moisturizing serum by spraying it into my HANDS and then patting it on my skin. It keeps my skin clear and soft. I only wish it didn’t have synthetic fragrance.,Apply like a serum!,fair,blue,combination,blonde,P447607,Rose Milk Re-Hydrating Mist,Lancôme,30.0
31714980546,5,1.0,1.0,6,0,6,2022-06-30,"I’m an adult white male and I do not wear makeup. It’s very “matifying”, as the name suggests. I like it. After a few minutes of application, I looks natural. It’s not my favorite tinted sunscreen but I’m giving this product 5 stars because it and mineral sheerscreen are the only two face sunscreens at Sephora that do not have either a potentially toxic ingredient or potential allergen in the ingredient. Because of that face alone, I will purchase again.",Non Toxic Sunscreen For the Win,fair,blue,dry,blonde,P476733,Mineral Mattescreen Sunscreen SPF 40 PA+++,Supergoop!,38.0
8864036318,4,1.0,0.5,4,2,2,2018-05-02,"This product 100% delivers what it say it’s going to do. I work in retail & have been asked what my skin care routine is a lot since using this product. This product purged my skin for a few days & then it cleared up super quick. This was something I prepared myself for anyways so I was okay with that because my skin was softer & I had no bumps or any sort of texture left. Unfortunately my skin became super red & became itchy from the first use. I even waited for the redness & itchiness to be gone & retried the product, but it just came back. I’ve used different retinol products before & never had an issue before. Maybe this is too strong for me or something else in the formula didn’t agree with my skin. Sadly I had to return this product, I would still highly recommend trying this product!",really really wanted to love,lightMedium,blue,dry,brown,P404232,DermalQuench +Retinol Advanced Resurfacing Treatment,Kate Somerville,110.0
5970573167,4,1.0,1.0,7,0,7,2021-07-30,"I think the best part of these eye masks is the novelty of using them. They are super cute and pink and I love waking up and popping them on for a cute little self-care day. Do they actually do anything? Kind of. They help de-puff my eyes a bit and it’s a refreshing feeling having them on. I’m not sure if they’re worth the price, though.",,light,green,dry,blonde,P437960,Baggage Claim Rose Gold Eye Masks,Wander Beauty,26.0
11950294958,5,1.0,,0,0,0,2022-08-05,"I have been using this roller for 2 weeks twice/day after cleansing, and have definitely noticed a difference in how long my (chronically dry) skin stays hydrated for. I am thinking the micro channels created by the micro-needling roller itself have contributed to a higher level of skincare absorption, which has translated into firmer, more hydrated skin. My face glows now! All in all, the results are noticeable with regular use – so you can bet I’ll be replenishing when this roller device’s life has come to an end. Highlight recommend for all my other fellow dry skin types out there!",Helps Other Skincare Products Penetrate Better,fair,blue,combination,brown,P501024,Hydrating Active Roller with Hyaluronic Acid,FaceGym,70.0
6247512722,2,0.0,1.0,8,0,8,2021-04-15,I’m really oily and I live in a humid climate. This sunscreen doesn’t control oil if I put on the correct amount. I put It on in layers on my second time and got the same result. It’s thick and never felt like it actually dried down. It also deposited white flakes into my eyebrows.,,tan,brown,oily,brown,P471064,Max Matte Shine Control Sunscreen Broad Spectrum SPF 45,Peter Thomas Roth,38.0
9313813282,5,1.0,0.800000011920929,5,1,4,2021-10-15,"I love this mask when my skin is feeling dry or is freaking out for whatever reason. If use it at night I wake up to a calmed, soft, healthy looking face. I have medium - tan, normal skin that is susceptible to diet-based breakouts and scars really really easily I love using this mask as needed or just Friday evenings to chill at the end of the week. I like that it doesn’t dry hard and doesn’t feel harsh at all. It’s pricey, but I’ve finished my first container and I’m back for a second.",Love it,tan,brown,normal,black,P448711,Face Mask,Dr. Barbara Sturm,125.0
11794540641,5,1.0,,0,0,0,2022-12-21,I’m in love with this clay detox masque. It makes my skin very bright and and glowy. This doesn’t dry out my skin at all. I love the feel of this mask as well as the way it smells. I will be using this very frequently.,Loveee this!!,lightMedium,brown,combination,black,P504040,Spirulina + Ashwagandha Volcanic Sea Clay Detox Masque,MARA,54.0
10962696027,5,1.0,1.0,1,0,1,2022-12-22,My skin is combination so some parts are dry and some are oily. I’m always careful with an oil because I want to hydrate my skin without causing acne. This oil is amazing. It smells so good and does a good job at hydrating my skin with just a few drops!,Picky with oils but I like it,light,blue,combination,blonde,P504026,Mini Algae + Moringa Universal Face Oil,MARA,40.0
10964653904,1,0.0,0.3333329856395721,9,6,3,2019-07-11,"Misleading title, it does not peel. It does not dry in three minutes. It was difficult to wash off because it was clear. Just an overall bad product not worth 7 dollars.",,,,combination,,P446820,Grapefruit Peeling Mask - Skin Perfection,SEPHORA COLLECTION,8.0
2375882322,4,1.0,,0,0,0,2022-02-11,Love the smell of it and my face looks so fresh and radiant. I use it after the Radiant Rani serum.,love it!,mediumTan,brown,dry,black,P481401,Hydrating Jasmine Mist - Royal Refresh,RANAVAT,45.0
12385759891,2,0.0,0.0,1,1,0,2023-02-17,The smell of the serum is weird. It’s not a fresh and clean smell… The eye cream doesn’t have a smell and it’s the best product of the bundle honestly. I would have just bought that. Also the oil is I guess ok but I would nt revuy.,"Weird serum smell : - , but eye cream : +++",fairLight,hazel,combination,brown,P480278,Rapid Radiance Set,Biossance,35.0
8460968337,2,0.0,1.0,1,0,1,2020-12-12,"It’s a good value for whom it works, but this leaves my skin sticky. It’s not at all ideal. It doesn’t dry and become not sticky. It’s just always sticky until you wash it off. I have used other products by this brand, and I like them a loooot. I feel this is just not useful for me.",Not for me,fairLight,Grey,oily,blonde,P444615,Witch Hazel & Rosewater Toner,Mario Badescu,14.0
23650148981,4,1.0,0.6666669845581055,3,1,2,2020-07-23,"It surely gives some hydration, but unfortunately, this toner leaves a sticky feeling on my face after application. However, my skin feels fine after applying the rest of my skincare routine.","Hydrating, but feels a bit sticky",fair,hazel,combination,brown,P459116,Mini Cream Skin Toner & Moisturizer,LANEIGE,15.0
2227827779,5,1.0,,0,0,0,2022-12-21,I love using this oil as the final step of my skincare routine! It helps keep my skin moisturized without feeling too heavy. This spreads easily and works well on top of serums and moisturizers. A fantastic product :),Love,lightMedium,brown,combination,black,P504026,Mini Algae + Moringa Universal Face Oil,MARA,40.0
1466193104,4,1.0,0.75,4,1,3,2022-10-10,Hydrates and moisturizes very well. But after using for 2 weeks I have not seen any difference yet. I only started getting clogged pores and small breakouts around the nose so now I only use it on my forehead and neck area.,Hydrating,light,hazel,combination,blonde,P474121,SD Advanced  PLUS Intensive Moisturizer For Wrinkles & Stretch Marks,StriVectin,82.0
5439816952,1,0.0,0.7142860293388367,7,2,5,2023-02-28,"Honestly made me break out. If you have sensitive skin, I would not recommend. I like the smell of it and the packaging is cute",Not a fan,fair,hazel,combination,brown,P504636,Mini Watermelon Glow Niacinamide Dew Drops,Glow Recipe,20.0
1738022745,5,1.0,1.0,1,0,1,2022-12-20,I love this new retinol oil as it’s not too oily/greasy feeling and absorbs really quickly. Plus the retinol level is not too high so that I didn’t get any irritation or peeling from use even when used in my Undereye area. Packaging is luxe as well.,,fair,brown,dry,,P504016,Mini Evening Primrose + Green Tea Algae Retinol Face Oil,MARA,66.0
1098549354,4,,0.9358969926834106,78,5,73,2017-05-15,"Let’s try this again as I posted a review on this sheet mask last week, only to find it was not approved by Sephora. As such, I’ll aim to abstain from promoting another site where you can purchase Tatcha and get a better deal and stick to the review of this excellent sheet mask from Tatcha.I loved this sheet mask so much, based on using it only once (and leaving it on my skin for over an hour rather than the instruction’s recommended/suggested 15-20 minutes), and oh my gosh, my skin was superbly hydrated, supple, and radiant for the next 36 hours. I ended up scooping these babies up as sold in a package of multiples because I just love it when I see instant, overnight results from skincare products. I mean, I’m pretty good and disciplined about using my retinol serum on a regular basis and have enough patience to give it 2-3 months before I see how effective it is in treating my skin and preventing the wrinkling process. With that said, as I’ve already stated, it is such a lovely surprise and gift when a product like this comes my way and gives me this boost of moisture and hydration and my skin glows after I’ve used it. My skin was literally glowing the day after I used this mask! So, I guess I’ve waxed poetic on this sheet mask from Tatcha. I trust the brand and believe it’s worth the splurge for gals (and gents) like me who really put in time and care into their skincare routine. If it means forgoing some take-out lunches or dinners each month so that I can budget some of these masks into my skincare regime, so be it.",Tatcha Sheet Mask,,,,,P399622,Luminous Deep Hydration Lifting Mask,Tatcha,95.0
1220641772,5,,1.0,23,0,23,2014-04-16,"I confess I use mainly Dior treatments and love them, had never tried this. It is thick( tried a sample first) and I thought it would be greasy but it sinks into your skin. I really think my skin has felt smoother and really firmer after starting it. “Firming“ is many times promised but has never really happened until I tried this cream. I recommend it , (I’ve got combo skin)",Great stuff,,,combination,,P375354,Capture Totale Intensive Night Restorative Crème,Dior,175.0
1698443005,5,1.0,0.8222219944000244,45,8,37,2021-02-06,I used it when I have migraines or headache. I put it inside the frig for 5-10 mins and massage my forehead and under my eyes. It helps a little for the eye bags but not a lot. I realize the best way to rid of eye bags is get good sleep for the next few days.,Also good for Headache and Migraines.,fair,brown,normal,black,P447604,De-Puffing Jade Eye Treatment Tool,Mount Lai,30.0
20246060997,1,0.0,0.800000011920929,5,1,4,2019-06-25,Honestly this spray does nothing for me and my skin. I might as well be spraying water on my face.,No effect :(,light,hazel,oily,brown,P440483,"Facial Spray with Aloe, Cucumber and Green Tea",Mario Badescu,7.0
6661917945,5,1.0,0.6666669845581055,3,1,2,2020-10-23,"Not my favorite but not my least favorite. I do LOVE this product. First time trying using it,  I normally use Origins cheeks and balance frothy face wash which I love but this product would def be a second choice. It’s very a very light soothing soft product makes your skin feel so smooth, soft and refreshed. I have dry skin especially around this time of year (fall/winter) and so far I have not had one dry spot on my face . I’ve never really had oily skin but this product seems it would be good for people with oily skin as well.",,light,hazel,dry,blonde,P448562,Barrier+ Foaming Clay Cleanser,Skinfix,32.0
1635531620,5,1.0,,0,0,0,2022-11-17,This has been a 10 day refresh for my skin.. my face was so dry now that the weather has changed. I forgot to take a before pic but my skin looks plumper and youthful - super hydrated! No more dry flakey skin,Plump skin!,,green,combination,blonde,P483701,Daily Essentials Travel Set,The Outset,50.0
5086260030,4,1.0,,0,0,0,2022-12-30,"Ok, this stuff is nice. I’ve never had a retinol product make me feel moisturized. I’m so dry in the winter. This not only makes me look dewy but youthful as well. I can’t wait to see results with continued use.",,fair,blue,dry,blonde,P504016,Mini Evening Primrose + Green Tea Algae Retinol Face Oil,MARA,66.0
1964996292,5,1.0,,0,0,0,2022-11-18,"I’d been on the hunt for a new cleanser routine for a while when I came across this set. My requirements were 1. cruelty free, 2. good for sensitive, acne-prone skin, and 3. a bit less expensive than my old routine. This set checked all those boxes, and after a couple of weeks with the products, I’m happily into full-sized bottles of all three. No more hunting for me! I’m really enjoying the new routine, and the cleanser works great with my Foreo Luna 2. One word of warning: the cleanser slips around very easily on wet skin; if you pump it onto a wet hand, be careful that the product makes it to your face and doesn’t slide off your hand and onto the floor.",,fair,brown,combination,,P483701,Daily Essentials Travel Set,The Outset,50.0
2765284455,5,1.0,,0,0,0,2022-02-14,"This kit changed my skin! I pared it with the glow peel pads from the Sephora collection and it’s amazing. My skin is so soft, smooth, and glowing now. My make up just goes on like butter now too.",Amazing!,lightMedium,brown,combination,black,P480278,Rapid Radiance Set,Biossance,35.0
6484940233,3,0.0,0.9090909957885742,11,1,10,2020-08-06,"This is a great product of you want to reduce the size of your zit I will give it that BUT it does flake off easily. After applying it, the next morning it was all rubbed off and it transferred on my pillow. So I works just won’t repurchase it. I would recommend mario badescu instead.",helps shrink size BUT,lightMedium,brown,combination,black,P457439,Clarifying Lotion,SEPHORA COLLECTION,16.0
21651072447,5,1.0,1.0,4,0,4,2020-02-15,I love this cleanser for those days when my skin is super stressed and red because it immediately calms down. The cleanser is refreshing without drying out my skin. Definitely a new staple in my routine,So Soothing!,,,,,P448562,Barrier+ Foaming Clay Cleanser,Skinfix,32.0
6207228621,5,1.0,0.800000011920929,5,1,4,2017-11-23,"if I could afford it, I would only use this mask. It is seriously amazing. I saw results right after I used it. I also use all the other tatcha skincare and it works so well with all of it. I like their violet c mask because Its a bit easier on my pocketbook and I get WAY more uses out of it. but this is my favorite mask so far. ever. I also like their eye masks. great, just expensive.",,light,brown,combination,blonde,P399622,Luminous Deep Hydration Lifting Mask,Tatcha,95.0
1671322385,2,0.0,0.0,2,2,0,2022-11-26,This did absolutely NOTHING for me. I’m very disappointed in it. My skin is normal - so many other (less expensive) products did so much more for me. Do not recommend.,Not worth buying.,light,brown,normal,,P448565,Clinique Smart Clinical MD Multi-Dimensional Age Transformer Duo Resculpt + Revolumize,CLINIQUE,74.0
10468034539,2,0.0,,0,0,0,2019-03-24,hated this my skin was sticky after use.  wish I never bought.,made my skin sticky,fair,blue,combination,brown,P440483,"Facial Spray with Aloe, Cucumber and Green Tea",Mario Badescu,7.0
10296294920,4,1.0,,0,0,0,2023-02-26,I’ve always dealt with horrible acne ever since I was diagnosed with PCOS. I’ve taken this before but didn’t really see any results. This time was definitely a positive experience. I noticed I didn’t have as many breakouts and my skin felt and looked great!,,,brown,combination,black,P457002,SuperBeauty Daily Antioxidant SkinSupplement,Moon Juice,60.0
1718442961,5,1.0,1.0,4,0,4,2019-09-26,I absolutely love this cleanser ! Very soothing. The foam is not drying. Great product:),It’s a winner,deep,brown,combination,black,P448562,Barrier+ Foaming Clay Cleanser,Skinfix,32.0
9896164354,5,1.0,,0,0,0,2021-07-28,I noticed that my skin is plumed up and soft after using this cream. It has smoothing effect on my fine lines. The texture is lightweight. It is extremely refreshing and so beautiful! I love how it feels on my skin. It absorbs so well and super hydrating. Such a joy to use. Highyly recommend!,Notably Plumping!,medium,brown,combination,black,P474121,SD Advanced  PLUS Intensive Moisturizer For Wrinkles & Stretch Marks,StriVectin,82.0
7263037445,5,1.0,,0,0,0,2023-03-15,"I LOVE this cleanser. I have sensitive skin and was nervous to try anything new on my face. But, I’m so glad I did - this cleanser leaves my face feeling so soft and silky smooth. It’s very gentle and I have zero issues with it irritating or drying out my skin. My new fave!",Soft and silky smooth,fair,green,combination,,P504524,Milky Jelly Gentle Gel Face Cleanser,Glossier,19.0
1488054441,5,1.0,,0,0,0,2021-07-20,"I’m writing this review on behalf of my husband who has some frown lines on his forehead and between his brows which he lovingly calls his “11’s“.  He uses a small amount of this product on the problem areas (under the eyes too) before bedtime. The light, fast absorbing cream has a very slight minty scent that moisturizes without feeling overly greasy. It’s been two weeks and so far, he loves the tightening plus plumping effect it has on his eye bags and wrinkles! The bottle should last him some time, and we are looking forward to its long term results!",Skin Plumping Effect,mediumTan,brown,dry,brown,P474121,SD Advanced  PLUS Intensive Moisturizer For Wrinkles & Stretch Marks,StriVectin,82.0
28984399562,5,1.0,,0,0,0,2023-03-12,I love how this serum is one product works for all the problems you may have. I use it for treating early signs of aging but it also provides protection against environmental factors and brightens the skin.,Effective,,brown,combination,black,P505047,High Performance Face Serum with Vitamin C and Hyaluronic Acid,MACRENE actives,195.0
23558587025,5,1.0,0.1000000014901161,10,9,1,2020-01-14,I was amazed by how well it works! It really improved my dark circles! It smells very nice and easy to apply! Got as a gift.,,fairLight,blue,combination,blonde,P453822,Dark Spots No More Triple Acid Spot Minimizing Concentrate,Dr. Brandt Skincare,71.0
21260139630,5,1.0,1.0,5,0,5,2020-04-27,"Lightweight and hydrating! I love this oil at the end of my night skin routine. I have oily/combination skin and my skin has never broken out do to this, I wake up in the mornings looking fresh and hydrated every time. I love it.",,deep,brown,oily,black,P447597,100% Organic Virgin Chia Seed Oil,The Ordinary,8.5
10333244324,5,1.0,0.0,4,4,0,2022-03-01,"I received this product complimentary from FaceGym for review purposes. Vitamin C is honestly such an underrated ingredient in skincare. This face serum is really effective and the texture is to die for. If you’re looking to incorporate Vitamin C into your skincare routine, I highly recommend you try this!",,lightMedium,brown,normal,brown,P476676,Youth Reformer Firming Vitamin C Oil Serum,FaceGym,110.0
11419204369,5,1.0,,0,0,0,2022-12-23,This oil is great! Super lightweight but still hydrating and leaves the skin looking fresh and glowing!,,,brown,dry,blonde,P504026,Mini Algae + Moringa Universal Face Oil,MARA,40.0
6027005742,5,1.0,1.0,6,0,6,2022-05-28,I have used a lot of creams to help the skin look good a fight angling and this is the absolute best I have tried and believe me I have tried very expensive and run of mill stuff this is a keeper,Great product,lightMedium,blue,combination,blonde,P480278,Rapid Radiance Set,Biossance,35.0
1918684139,5,1.0,0.0,1,1,0,2023-03-17,"Please bring this back! I love it so much!I hold so much tension in my jaw, and using this as a massage tool helps to release it. I also like the cool obsidian glass.",Relaxing!,fair,hazel,dry,brunette,P477714,Black Obsidian Face and Body Gua Sha,SEPHORA COLLECTION,14.0
2069994234,5,1.0,1.0,11,0,11,2021-02-28,"One of the best moisturizers I’ve ever used for my dehydrated sensitive skin, have purchased multiple times and doesn’t break me out, highly recommend!",,fair,hazel,combination,brown,P469526,Water-Infusing Electrolyte Moisturizer,Paula's Choice,37.0
5151988185,5,1.0,,0,0,0,2023-03-06,"I received this equilibrium resurfacing retiñó I’d complimentary from Hourglass cosmetics and I’ve been enjoying it so far, I incorporated it into my routine and I feel like my skin texture has improved and looks more brighter, im excited to keep using it and see more results from it, I would definitely recommend it",Super nice retinoid,light,brown,normal,,P504637,Equilibrium Resurfacing Retinoid Treatment,Hourglass,110.0
5702192421,4,1.0,,0,0,0,2023-02-04,"gifted by Face GymThis consistency is that of a serum-oil hybrid. This stuff is really nice as it leaves my skin glowing and hydrated when I wake up. This has minimized the hyperpigmentation and dullness I have on my skin. However, it is really expensive and there might be comparable items on the market.",Good but expensive!,light,brown,combination,black,P476676,Youth Reformer Firming Vitamin C Oil Serum,FaceGym,110.0
1042935286,2,,0.5,4,2,2,2016-02-19,"Kind of cool and different with the foam but in the end results were lacking. My skin looked nice immediately but did not last. It’s also drying. At $100, you expect something.",not worth the money,,,,,P404232,DermalQuench +Retinol Advanced Resurfacing Treatment,Kate Somerville,110.0
1365182884,5,1.0,0.1666669994592666,6,5,1,2021-09-20,"Love this sunscreen! It feels so nice on, and you really only have to use a tiny bit! It does a great job mattifying and I can often wear just this instead of my normal powder/makeup.",LOVE,fair,brown,oily,brown,P476733,Mineral Mattescreen Sunscreen SPF 40 PA+++,Supergoop!,38.0
5552993920,5,1.0,1.0,2,0,2,2023-02-27,The Overnight Indigo Repair Cream saved my skin! You can see results immediately after one day. I cannot live without it! This set is great,Life saver,lightMedium,brown,combination,black,P504303,Strengthening Nighttime Ritual Set,Tatcha,95.0
1327961335,5,1.0,,0,0,0,2023-03-02,"I like to rotate between this gentle cleanser and an exfoliating cleanser.  I have super sensitive skin and it’s not very oily, so Milk Cleanse helps me keep my skin happy and hydrated.  It has a beautiful texture and I love the way it feels when I’m washing it off.  For as gentle as it is, it is surprisingly good at removing makeup and smells nice without being overpowering at all.  Also, instead of a bunch of chemicals, it’s packed full of great ingredients for nourishing my skin.",Gentle and effective,fair,hazel,normal,blonde,P454315,Milk Cleanse Gentle Foaming Cleanser,Moon Juice,32.0
2389644143,5,1.0,1.0,8,0,8,2018-12-07,"I  rarely write a review for any product but this eye cream works like magic after 10 minutes of applocation, my under eyes feel cool, refreshed and there is a noticeable reduction of the puffiness and dryness. It illuminized the skin where it was applied lessening the darkness of my eye bags. Highly recommend it to anyone. It stands for what it advertizes, i don’t wear concealer under my eyes anymore because of this product.",,lightMedium,brown,combination,brown,P429676,Hydra Life Cooling Hydration Sorbet Eye Gel,Dior,60.0
1979870197,2,0.0,0.4000000059604645,15,9,6,2020-07-22,This cleanser is just okay.  I find that it doesn’t clean out my pores as much as I would have liked.  This isn’t the most expensive cleanser but there are cheaper cleansers that do a better job.  I find that I need to double wash with a stronger exfoliator to get a really clean feeling and clear out my pores. This would be a good cleanser for sensitive skin as it’s really gentle but I find that its’s not effective enough for my skin type (oily).  I’m glad I tried this as I really like Dr. Brandt products but I won’t be buying this again.,Not as Expected,fair,blue,oily,brown,P448710,pores no more Pore Purifying Cleanser,Dr. Brandt Skincare,38.0
6180582390,1,0.0,0.965516984462738,29,1,28,2020-02-09,"If you don’t like fragrance in your skincare, just don’t buy this. I got it based on my favorite You-tuber who raved about it but honestly this serum has done NOTHING to my skin as far as I have noticed and I’ve been using it every morning on clean skin ever since I’ve bought it and now I’m left with half of the bottle. Will probably use up just because of the high price point but definitely won’t be repurchasing.",Get rather something FRAGRANCE FREE,lightMedium,brown,combination,blonde,P427732,Capture Youth Plump Filler Age-Delay Plumping Serum,Dior,110.0
5140966833,5,1.0,1.0,1,0,1,2021-11-19,Great tint and smooth application. I’m constantly repurchasing,,fair,blue,dry,blonde,P476733,Mineral Mattescreen Sunscreen SPF 40 PA+++,Supergoop!,38.0
5371922661,5,1.0,0.0,1,1,0,2022-02-15,"All are great products! It’s hard to say which I love the most. I have noticed a huge difference in my complexion since starting the vitamin C rose oil; the eye cream is the only cream I’ve actually been able to wear day and night, under makeup even without any issues and without any eye irritation; the moisturizer is the most hydrating product I have ever used without getting breakouts. The only product I am still on the fence about is the lactic acid serum with my sensitive and acne-prone skin, but I plan to continue experimenting with it, as it does what it is supposed to; I’m just not sure it is the product for me. Overall, this kit is well worth the price; I highly recommend it.",Highly recommend!,light,green,oily,blonde,P480278,Rapid Radiance Set,Biossance,35.0
6135498649,1,0.0,0.3333329856395721,9,6,3,2021-05-01,"I was interested in this product for the fact that it used less plastic to produce, but don’t fall for the gimmick. Crazy splotchy, clings to dry areas (even after exfoliating and applying moisturizer), takes absolutely forever to dry down, I used most of one pouch on one application. Wouldn’t recommend.","Gimmicky, splotchy, awful.",fair,blue,combination,blonde,P459140,Self-Tanning Water Refill,Isle of Paradise,24.0
7128361458,5,1.0,0.9523810148239136,21,1,20,2019-01-09,"This is such a refreshing spray! Like a cool breeze on a hot day, it’s luxurious against my skin. Highly recommend over the rose or lavender versions.",,rich,brown,dry,black,P440483,"Facial Spray with Aloe, Cucumber and Green Tea",Mario Badescu,7.0
42284412164,5,1.0,,0,0,0,2022-12-21,This mask is absolutely amazing I’m totally obsessed with this brand they have the best stuff that truly impacts your skin. After I use this mask my skin was glowing it was smooth and tight I’m definitely buying it for my mom for Christmas,Really nice mask,,,,,P504040,Spirulina + Ashwagandha Volcanic Sea Clay Detox Masque,MARA,54.0
27386266177,5,1.0,,0,0,0,2023-02-09,"I already have been buying YTTP’s product and getting this set was very worth! The apparel are such good quality & I absolutely LOVE the tote bag. I have yet bought niacinamide serum & glow dream mask, so I was pretty glad seeing the vault came with this. Very worth!",LOVE!!,lightMedium,brown,combination,black,P501474,The Youth Vault: 13-Piece Vegan Skincare + Apparel Set,Youth To The People,340.0
28314069929,5,1.0,0.0,1,1,0,2023-01-10,"There good, they do what there supposed to do.Another must have in my routine :)",Thumbs up!,lightMedium,brown,combination,black,P482312,Facial Razor Set,SEPHORA COLLECTION,12.0
8991328574,4,1.0,1.0,8,0,8,2020-01-17,"Some initial thoughts regarding this product as I haven’t been using this for very long yet. I was gifted this in exchange for an honest opinion. My experience with this so far is good. The packaging is clean and dropper is easy to use. The serum itself is very lightweight and absorbs easily without much feeling of stickiness. No reactions to this product when I’m using it in controlled spots (where I find to be needed as opposed to applying to my whole face.) There is also no scent to this which is nice! Took off a star because it is pricy and with these products it does take som time to see results, so not sure if I’ll need to go through more bottles. Excited to keep using this and seeing if there is an effect over time!",,light,brown,dry,black,P453822,Dark Spots No More Triple Acid Spot Minimizing Concentrate,Dr. Brandt Skincare,71.0
2249183393,4,1.0,0.949999988079071,20,1,19,2020-07-12,"I’m honestly not too sure if the “collagen“ is doing anything for my skin, but I do love the way my skin feels after using this face mask. It’s super smooth and my face feels really clear. The only annoying thing is rinsing it off my face. Water makes it slippery so it takes a while to come off completely, but it’s not such a huge deal.",Leaves my skin extra soft,medium,brown,combination,brown,P440500,Super Collagen Mask,Mario Badescu,18.0
1579883417,5,1.0,1.0,9,0,9,2021-05-07,"My favorite luxury facewash. The clay feels luxurious on my skin, like I’m using a  mask as a face wash. My favorite thing about it is how well it removes make-up so I don’t have to use make-up remover before washing my face. After washing, I use Garnier Micellar Water to remove the very little left over mascara/ eyeliner. Still, I haven’t had a facewash that removes make-up this well....and it’s gentle and leave you’re face feeling soft.",Luxury Facewash/ Make-up Remover,fairLight,,dry,brown,P448562,Barrier+ Foaming Clay Cleanser,Skinfix,32.0
28115436385,5,1.0,1.0,5,0,5,2021-06-19,"I would never expect I could find a perfect SPF for my oily/acne prone skin but OMG I JUST DID! This sunscreen is super lightweight, has a really nice matte finish which is wonderful for my oily skin and it does not leave a greasy look on your face. Highly recommend this one for anyone who struggles with oily skin as I do.",MY NEW HOLY GRAIL,lightMedium,brown,oily,black,P469524,RESIST Super-Light Daily Wrinkle Defense SPF 30,Paula's Choice,37.0
5632266932,5,1.0,1.0,6,0,6,2022-03-10,"Everything about this mist is beautiful! The box, bottle, sprayer and mist are divine! I use this before my essence and my skin drinks it up. The scent is fresh and light, if you like jasmine you’ll love this. Highly recommend",,lightMedium,blue,dry,blonde,P481401,Hydrating Jasmine Mist - Royal Refresh,RANAVAT,45.0
10171076820,5,1.0,0.5,2,1,1,2020-05-29,My husband and I love this product. It doesn’t have a strong scent and leaves my skin (and his very sensitive skin) feeling clean and soft.,Love this product!,fair,green,combination,brown,P448562,Barrier+ Foaming Clay Cleanser,Skinfix,32.0
826271341,4,1.0,1.0,1,0,1,2019-11-05,"Love the product, but the roller can be tricky.  My lips felt hydrated.  What a perfect stocking stuffer/holiday gift!",,lightMedium,brown,dry,brown,P449102,Crystal Ball Roller Gloss,INC.redible,12.0
11635579296,4,1.0,,0,0,0,2019-10-23,"The gloss is not too thick or thin. Not the easiest to apply, have to roll a few times before the gloss comes out. But I do love the crystals, like bling for lips. Definitely getting a few for my girlfriends as a gift. Too cute not to.",,lightMedium,brown,combination,brown,P449102,Crystal Ball Roller Gloss,INC.redible,12.0
6856477206,5,1.0,,0,0,0,2023-02-06,"Bought this on a whim - $12 at winners (hopefully it’s not expired lol but couldn’t pass up the deal)I was excited to try a clay based cleanser & now I feel like I’ve found a holy grail product in this. I leave on as a mask for a few minutes - massage a few more & then rinse. My acne is hormonal & supplements have helped - I find this I giving me the extra deep clean I need. I also enjoy the smell (like others said it’s earthy, I find it invigorating) What I love is that it feels like it penetrates & draws out impurities - if you have clogged pores/acne I’d give this a try",New Go-To Cleanser,,brown,normal,black,P470049,Clearcalm Clarifying Clay Cleanser,REN Clean Skincare,38.0
1546870362,5,1.0,,0,0,0,2023-03-20,"This serum has a nice balmy texture that glides over the skin and creates a hydrating veil. It feels more intense than a serum and it really soothes my dry skin, proving instant hydration. With consistent use, I found that this serum made my skin feel healthier, stronger, and firmer! It really gives my skin a very healthy glow and increases its elasticity! You don’t need much of this serum at all. It works so well with my other skincare and seems to boost the effectiveness of my other products! This formula really brightens my complexion and has given it a youthful look to it! I can’t recommend it enough!","Firmer, Glowing, and Healthy Skin",medium,brown,normal,black,P505047,High Performance Face Serum with Vitamin C and Hyaluronic Acid,MACRENE actives,195.0
25578707163,5,1.0,,0,0,0,2022-12-20,This retinol is my new favorite! It is gentle which I love because my skin is super sensitive. It definitely has helped with my 11’s and forehead wrinkles too! Could not recommend this more! Love it!!!,Love this!,light,blue,combination,blonde,P504016,Mini Evening Primrose + Green Tea Algae Retinol Face Oil,MARA,66.0
22701963914,5,1.0,1.0,2,0,2,2021-05-05,Perfect for my dry skin.  Soaks in very well and feels very moisturized. It’s pricey but it’s worth it.,,fair,green,dry,brown,P449164,ELEVATE Firming & Lifting Neck Cream,Algenist,84.0
2235193755,4,1.0,1.0,3,0,3,2022-05-16,"This is the only brand of skincare I’ll use.  I loved the Blemishes No More line but since they discontinued that this is the next best thing.  I have very oily skin and this stuff keeps it at bay long enough to make it through the day.  It also helps me not break out constantly.  I’m 50 years old and have probably tried every cleanser on the market for oily, blemish prone skin and this is the only product I’ve found that works for me.",I Love Dr. Brandt Products,light,blue,oily,gray,P448710,pores no more Pore Purifying Cleanser,Dr. Brandt Skincare,38.0
6120610492,5,,0.5,16,8,8,2016-10-28,"Ok- I don’t usually write reviews, I just read them. BUT- this product is amazing and I have to let everyone know.I have been using this for about 10 weeks now so a little more than 2 months. You have to give this product time!!! It isn’t going to make your skin tighter or brighter in 2 weeks. My face has become more tight and the wrinkles on each side of my eyes are gone. My face literally looks tighter and I’m only 23. Its also just more smooth, and I look better. Almost out of the bottle and I will definitely buy again.",READ THIS,,,combination,,P404232,DermalQuench +Retinol Advanced Resurfacing Treatment,Kate Somerville,110.0
2638039111,5,1.0,1.0,3,0,3,2021-04-29,"Sunscreen is one of the things that PC really excels at. This one is an amazing option for oily (definitely not for dry) skin. The tint will not give any coverage, it’s just to eliminate the white cast, as it is a mineral sunscreen. Works beautifully under makeup.",One of the best,fair,blue,combination,brown,P469524,RESIST Super-Light Daily Wrinkle Defense SPF 30,Paula's Choice,37.0
11527584218,5,1.0,0.75,8,2,6,2020-07-11,I love this oil because of how light weight it is! It blends very well with my moisturizer and is perfect to use when doing facial massages.,"Nice, light weight oil",fairLight,blue,normal,blonde,P447597,100% Organic Virgin Chia Seed Oil,The Ordinary,8.5
8819234933,5,1.0,,0,0,0,2019-10-19,I was surprised at how long this moisturized. Rolled on easy not too thick or sticky.,Great,,,,,P449102,Crystal Ball Roller Gloss,INC.redible,12.0
1625395821,5,,0.9333329796791076,15,1,14,2016-01-21,"When I purchased this I wasn’t really expecting to see results so soon. After the first night of usage, my neighbor ask me what I was doing different because my skin looked radiant. I have been using this for about 2 weeks and it is gentle. My skin doesn’t burn and has not peeled.",fantastic,,,,,P404232,DermalQuench +Retinol Advanced Resurfacing Treatment,Kate Somerville,110.0
35485483694,2,0.0,0.800000011920929,5,1,4,2022-04-23,"I feel insane because all the reviews so far are good but this dried out my skin pretty badly. I used it morning and night and within the first couple days the skin around my mouth was dry, and then the skin at my temples. I have changed nothing about my skin routine except for the cleanser. It did make my skin very soft, but because of the dryness I can’t recommend it.",dried me out,mediumTan,brown,oily,black,P482007,Dewy Glow Jam Cleanser with Jeju Cherry Blossom,innisfree,13.0
1330415095,5,1.0,0.0,2,2,0,2017-11-13,"I didn’t want to love this mask because it’s rather pricey....but wow. My face felt amazing, supple and glowing after, even though it has been stubbornly dry due to the colder weather. My skin was a bit red after removing the mask but it’s not the only one that does that to my skin. After a few minutes the redness subsided and my skin looked amazing.",Why Tatcha?! Why????,mediumTan,brown,combination,brown,P399622,Luminous Deep Hydration Lifting Mask,Tatcha,95.0
1324331974,5,1.0,0.800000011920929,20,4,16,2019-01-26,"I’m going to continue using this serum, i want that glass skin look that’s clear, luminous and bright. hopefully this serum along with the diorsnow essence of light will do just that. im excited to see where my skin will be after a month of using both products. i will give an update. so far neither of the Dior’s products have broken me out and i have VERY sensitive skin.",Dior skincare is the best.,lightMedium,brown,combination,black,P427731,Capture Youth Glow Booster Age-Delay Illuminating Serum,Dior,110.0
1863340544,5,1.0,,0,0,0,2023-02-27,This is such a nice retinoid. My skin looks so much better after just a few uses. I use it after i wash my face and before my moisturizer. It goes on so nicely and is not sticky. It does not dry out my skin. complimentary from Hourglass Cosmetics,,,blue,normal,,P504637,Equilibrium Resurfacing Retinoid Treatment,Hourglass,110.0
25453517999,5,1.0,,0,0,0,2022-11-15,This skincare set is soooooooo good! All the products work perfectly with each other and sink into my skin without it feeling oily! I love every single product it comes with and now I want the full size!,Amazing,fair,hazel,combination,blonde,P483701,Daily Essentials Travel Set,The Outset,50.0
2082530697,5,1.0,1.0,20,0,20,2019-01-03,"This serum is a godsend. I tried a sample and have fallen so in love with it. My skin looks so smooth and supple after I apply it. It leaves this amazing glow and I am just in awe when I look at my skin. I literally whispered “oh my god, my skin looks so good.” Ask for a sample and try it out, it is really amazing!!",you have to try it for yourself,fair,Grey,dry,black,P427732,Capture Youth Plump Filler Age-Delay Plumping Serum,Dior,110.0
6859499730,5,1.0,,0,0,0,2023-02-01,Super good for combination oily skin! Has a very matted but soft finish. I like this over Supergoop matte sunscreen. Worth the price,,lightMedium,brown,combination,brown,P469524,RESIST Super-Light Daily Wrinkle Defense SPF 30,Paula's Choice,37.0
6335224532,4,1.0,1.0,3,0,3,2022-01-28,"I love this product! I mean my routine makes my skin a little oily afterwards and this helps to balance that out. I know some people may see a white caste, but I don’t and I rub it out pretty gently until I feel comfortable with how it’s spread out throughout my face. Also, a little goes a long way, just remember to reapply. I’m on my second bottle and I still have a little left in my first one, so you get your moneys worth.",Love it!,medium,brown,combination,brown,P476733,Mineral Mattescreen Sunscreen SPF 40 PA+++,Supergoop!,38.0
5150957278,5,1.0,1.0,9,0,9,2019-09-14,"Creamy clay cleanser.  Not pasty or over drying.  Spreads easily and cleanses well.  I love the clean, fresh feel of this product.",FRESH!!,deep,brown,oily,black,P448562,Barrier+ Foaming Clay Cleanser,Skinfix,32.0
1110600598,1,0.0,0.5384619832038879,13,6,7,2018-01-04,"So disappointed in these! I’m a loyal Tatcha user and love many of their products but these just fell flat. While there’s nothing wrong with them per se, they aren’t any better than other sheet masks. Splurge on their other products but not these!",Love Tatcha but not these,lightMedium,brown,normal,brown,P399622,Luminous Deep Hydration Lifting Mask,Tatcha,95.0
11884848304,5,1.0,0.9130430221557616,23,2,21,2019-04-07,"This tanning lotion is easy to use and has a more natural color than other tanning lotions I have used. You just need to make sure you follow the directions, aka, apply in a circular motion and allow it to dry. If you are planning on using this product just give yourself enough time before having to leave the house. It takes mine about 30/40 minutes to completely dry. Great product. Great company.",Easy natural color,fair,hazel,combination,brown,P441645,Sunless Tan Firming Lotion,COOLA,46.0
9209130457,5,1.0,1.0,3,0,3,2023-02-10,"First off, I was delightfully surprised to see this is in GLASS PACKAGING!! Makes it feel so luxurious. The product itself is great, and definitely feels more moisturizing than before it was reformulated, in my opinion. Huge fan of this, especially at the price, which I feel is fair for what you get.",Big fan!,light,green,dry,brown,P503890,Green Tea Hyaluronic Acid Hydrating Toner,innisfree,22.0
24037363385,5,1.0,,0,0,0,2023-03-06,"The Hourglass Equilibrium Resurfacing Retinoid Treatment has been so good to my skin! It feels very gentle, a little goes a long way, and with consistent use, it has left my skin looking so much more healthy and glowy.",,fair,brown,dry,blonde,P504637,Equilibrium Resurfacing Retinoid Treatment,Hourglass,110.0
5108767436,5,1.0,,0,0,0,2023-03-17,I was gifted this product by mara. I’ve been using this oil for almost a week and it is soooo nice! It left my skin feeling so hydrated!! My skin feels so soft! The ingredients in this oil are great! My skin feels more healthier and glory,Skin feels so hydrated!!,fair,green,dry,blonde,P504026,Mini Algae + Moringa Universal Face Oil,MARA,40.0
6375738941,5,1.0,0.7142860293388367,7,2,5,2020-10-10,"I have dry skin and after I use a cleanser it feels tight and dry. A few sprays of this, before a serum, feels so good! I use it twice a day about three sprays each time and it lasts a good amount of time. Hydrating feel, subtle scent, and its soothes my skin rather than irritate it. A staple in my morning and night skin care routine!",Use after cleansing,medium,brown,dry,black,P452004,Rose Hibiscus Hydrating Mist,Herbivore,36.0
1657053755,5,1.0,,0,0,0,2023-03-17,"I love Mara products. They are high quality, work amazing but more than anything, I love the clean ingredients they use. I use this serum after moisturizer and it leaves my skin feeling so soft and silky. I’ve noticed that it has helped a lot with my dryness but also my skin looks a lot brighter. It does have a funky scent but it goes away after a few minutes.",Must have!!,light,blue,dry,,P504026,Mini Algae + Moringa Universal Face Oil,MARA,40.0
27848264145,3,1.0,0.4545449912548065,11,6,5,2021-09-03,Great oil but I’ll recommend it for dry skin because it clog pores on first use,,deep,brown,combination,black,P447597,100% Organic Virgin Chia Seed Oil,The Ordinary,8.5
12868941269,1,0.0,0.8181819915771484,11,2,9,2021-09-25,"I have very oily skin and really wanted to love this product but I just can’t take how dry it makes my face which is really odd. Yes, the oil is controlled but after half an hour of wearing this product, my face gets very dry and it feels so tight. I’ve also tried it with makeup and it’s extremely uncomfortable because it creates these dry patches that are hard to get rid of.",very dry,lightMedium,brown,oily,brown,P476733,Mineral Mattescreen Sunscreen SPF 40 PA+++,Supergoop!,38.0
1632690594,3,0.0,0.7222219705581665,18,5,13,2022-09-28,"Meh.All the great reviews I was excited to try this, but I really don’t notice a darn bit of difference.",,light,green,combination,brown,P500248,Collagen Superfusion Firming & Plumping Facial Oil,Charlotte Tilbury,85.0
8644332202,1,0.0,0.4666669964790344,30,16,14,2021-04-19,"I got this in a sample, and this is so rough. Sensitive skin - beware.",TOO ROUGH,fairLight,blue,dry,brown,P471566,Mini Lemonade Smoothing Scrub,OLEHENRIKSEN,18.0
1205539129,4,1.0,,0,0,0,2018-10-11,Easy to apply.  I have seen some firmness in my chin.,A Step in the Right Direction,fairLight,brown,combination,brown,P404232,DermalQuench +Retinol Advanced Resurfacing Treatment,Kate Somerville,110.0
6906847987,5,1.0,1.0,7,0,7,2020-09-10,Feels great on the lips! the rollerball is super refreshing on the lips,,fairLight,blue,normal,blonde,P449102,Crystal Ball Roller Gloss,INC.redible,12.0
5189347446,5,1.0,0.9090909957885742,11,1,10,2021-10-07,If you’re looking for a non-drying foaming cleanser this is it! It leaves my skin feeling clean and hydrated at the same time. I think the clay has some role in minimizing pores because I’ve noticed a difference in my pores. This isn’t a makeup removing cleanser  but a good step 2 in a double cleanse routine,,tan,brown,dry,black,P448562,Barrier+ Foaming Clay Cleanser,Skinfix,32.0
2827476590,1,0.0,0.3333329856395721,3,2,1,2022-07-10,"Strips skin with a squeaky clean feeling. Smells like cough syrup cherry blossom, and doesn’t remove makeup well. Wouldn’t buy again",Strips skin and smells bad,light,brown,combination,black,P482007,Dewy Glow Jam Cleanser with Jeju Cherry Blossom,innisfree,13.0
5891793603,5,1.0,0.75,4,1,3,2023-01-01,"If I could I would give 10 stars , it is an amazing product. After one use I saw the result in the morning , It was glowing, dewy, I did use my prescription retnoid and then I layered it on top of it. I will not put it on top of heavy cream or oil as I want my skin to absobe it. Wish it was not that expensive.",The best mask ever,light,hazel,normal,black,P399622,Luminous Deep Hydration Lifting Mask,Tatcha,95.0
35877433944,5,1.0,,0,0,0,2022-03-13,Great gift set to dip your toe into Biossance skincare! The eye cream and rose oil are my favorite products in this set.,Great gift set!,lightMedium,hazel,oily,brown,P480278,Rapid Radiance Set,Biossance,35.0
1507251538,1,,0.6486489772796631,37,13,24,2015-12-29,"I swear by the SKII masks, and did them weekly before my wedding. I got this one hoping to have even better results and repair my deep dehydration. A few days prior to Christmas, I applied just as the mask said. Followed directions. I was cool feeling, but it didn’t penetrate at all and pilled up on my skin. My texture got worse...I had “orange-peel“ skin for the first time in my life.I would say save your money and get the SKII masks. Save a few bucks and get much better results!",Did noting -- not worth it,,,,,P399622,Luminous Deep Hydration Lifting Mask,Tatcha,95.0
45266219694,1,0.0,0.2000000029802322,5,4,1,2023-02-03,Maybe I got a bad set but these barely took even pieces of peach fuzz off. A complete waste of money. Going to try returning.,Doesn’t work,,hazel,dry,,P482312,Facial Razor Set,SEPHORA COLLECTION,12.0
1881910631,5,1.0,0.5,2,1,1,2023-01-28,I am so impressed with this product! It was my first time trying Mara skincare and I will definitely try other Mara products! I am over 40 and my skin is getting dry so I was so glad to find this face oil with retinol. It is definitely the best combo ever!,Love this face oil!!!,light,brown,normal,blonde,P504016,Mini Evening Primrose + Green Tea Algae Retinol Face Oil,MARA,66.0
6744993721,5,1.0,,0,0,0,2017-09-01,"This one of my go to masks. I love how hydrating it is. It is also perfect for my sensitive skin, no reaction at all. At the end you are left hydrated, refreshed and glowing!",A go to fav,fair,brown,dry,brown,P399622,Luminous Deep Hydration Lifting Mask,Tatcha,95.0
2254481198,4,1.0,0.3611109852790832,36,23,13,2020-03-27,I GET A GOOD RESULT USING THIS PRODUCT AND THE PRICE IS RIGHT.,,fair,brown,normal,brown,P447597,100% Organic Virgin Chia Seed Oil,The Ordinary,8.5
5847262129,5,1.0,0.7894740104675293,19,4,15,2020-10-25,"Since becoming pregnant, I’ve started to struggle with dryness and flakiness under my eyes. I applied it every morning and night. I noticed an improvement after just one day of using this product, and just a week later my under eyes were back to normal. I love this product...it feels so good on the skin and is super hydrating!",GREAT FOR DRYNESS UNDER EYES,lightMedium,brown,normal,brown,P457519,Water Drench Hyaluronic Cloud Hydrating Eye Gel,Peter Thomas Roth,43.0
31452306242,4,1.0,0.857142984867096,7,1,6,2022-06-08,"The product goes on heavy and has a fragrance. However, it has done well for my skin!",,fair,blue,combination,brown,P500238,Mini Collagen Superfusion Firming & Plumping Facial Oil,Charlotte Tilbury,30.0
10183232201,4,1.0,,0,0,0,2023-03-15,I received this product as a free sample from influenster. After using it for a few days I have really been enjoying it. It leaves my skin feeling smooth and hydrated and has not caused me to break out. I don’t use things like this daily so it’s just light enough for the days that I do,Great addition to my routine,,brown,combination,,P504524,Milky Jelly Gentle Gel Face Cleanser,Glossier,19.0
7401422566,5,1.0,,0,0,0,2023-03-17,I love this mask! It smells great and feels so smooth on my skin. It also comes off easily which is a huge plus! It’s my new favorite mask and is great to use before bed! I have used so many masks before and this is definitely the best.,,medium,gray,combination,blonde,P504040,Spirulina + Ashwagandha Volcanic Sea Clay Detox Masque,MARA,54.0
23045300710,1,0.0,1.0,1,0,1,2021-10-14,"pills SO bad !!! after even 10 minutes of it being on you have white clumps all over your face because it doesn’t soak in, or even stay on top of your skin. so sad, not worth it even if it was $5.",,lightMedium,hazel,combination,red,P471064,Max Matte Shine Control Sunscreen Broad Spectrum SPF 45,Peter Thomas Roth,38.0
10636499021,5,1.0,1.0,1,0,1,2023-02-28,"My favorite cleanser. I have tried multiple popular cleaners, yet I always go back to this one. It does not make my skin feel dry after a wash and it removes all my makeup!",All time favorite,tan,,normal,,P504524,Milky Jelly Gentle Gel Face Cleanser,Glossier,19.0
6876838788,5,1.0,0.8888890147209167,9,1,8,2023-01-14,"I got this for Christmas in a set. I really really love this toner. I have combination skin type and I find this it to be perfect. I love putting this toner on with their moisturizer around 5 mins before I apply my makeup to let it absorb. I’ve even noticed my acne to be much better after using this product. I’ve used toners before where they made my skin feel awful leaving it to burn and be red, however, this leaves my face hydrated, soft and glowing. This does have a fragrance but it has not irritated my skin at all (I’m sensitive and picky when it comes to fragranced products). I finished the sample size and will be purchasing this full size bottle!",Love!,,,,,P503890,Green Tea Hyaluronic Acid Hydrating Toner,innisfree,22.0
22737609114,5,1.0,0.846153974533081,13,2,11,2020-07-12,"One of the better at home peels. I have dry skin but it’s resilient so I use this twice a week. I feel very itchy when it’s on my face so I guess that means it’s working it will go away once you wash it off. In the beginning I didn’t notice a big difference, however, after working my way up to 4 minutes WOW. My skin is baby soft, super smooth, pores are almost invisible!  I’ll definitely purchase it again my skin looks and feels great!",,mediumTan,brown,normal,black,P451745,30% Glycolic Acid Peel Concentrate,SOBEL SKIN Rx,46.0
1644980972,5,1.0,1.0,5,0,5,2021-02-10,"A MUST HAVE! i recieved this as part of my fabfitfun box and i fell in love with it. so, i repurchased at sephora and use it once a week with my jade roller. its fantastic! does the job and leaves my under eye so hydrated and bright.",its a 10,light,green,combination,brown,P437960,Baggage Claim Rose Gold Eye Masks,Wander Beauty,26.0
6402704565,4,1.0,,0,0,0,2020-12-11,"Love this!  I only rated it 4 stars because it does flake. Although , it did work to dry out my blemishes. I would re-purchase.",WORKS!,light,green,dry,blonde,P457439,Clarifying Lotion,SEPHORA COLLECTION,16.0
1852572044,5,1.0,0.3333329856395721,3,2,1,2019-05-15,"I LOVE this product. You get a lot of product for the price. I use it after washing my face, right before moisturizer. I am 46 years old with combination skin (oily t zone and dry cheeks).  I currently live somewhere where the summers are humid but I cannot wait to use it when I get to the desert to see how well it works in the dry climate.",Works great!,lightMedium,brown,combination,brown,P440483,"Facial Spray with Aloe, Cucumber and Green Tea",Mario Badescu,7.0
21143263970,5,1.0,0.875,8,1,7,2019-01-01,My fave one. It smells sooooo good is cooling and just tones and makes the skin feel great,love,fair,brown,combination,brown,P440483,"Facial Spray with Aloe, Cucumber and Green Tea",Mario Badescu,7.0
5142041431,5,1.0,0.0,1,1,0,2022-02-15,"I have been using biossance for two years now. I absolutely love the lactic acid serum, it does wonders for my skin over night! I use the omega and eye cream on a regular basis and the vitamin c oil is nice when my skin is feeling stressed out (I have combo skin for reference). This set is such a great deal and good for those who travel frequently!",Favourites!!,light,hazel,combination,brown,P480278,Rapid Radiance Set,Biossance,35.0
12684619015,4,1.0,1.0,17,0,17,2022-06-28,"I’m very surprised by this Sunscreen. Let me start by saying this I am an oily gyal with beautiful brown skin. This sunscreen is a secret weapon for me. It does leave a slight cast on your face if you have darker skin, but that is ok. I love the MUFD HD Foundation but it never lasts on me; until NOW. I wear this under my foundation and it helps my make face last all day even through sweating. Protect your skin at all cost. Here is a picture after sweating. Protect yourself and and look good at the same time .",My secret weapon!,tan,brown,oily,black,P476733,Mineral Mattescreen Sunscreen SPF 40 PA+++,Supergoop!,38.0
1334991717,5,1.0,0.5,2,1,1,2023-01-17,This products works for me. I have combination dry acne prone skin. I use this to spot cleanse where I have hormonal acne around chin and cheeks. It can be drying if used on normal- dry skin areas. recommended recommend for skin Thai is like mine.,Good for hormonal acne,,,,,P469448,Purifying Gentle Foaming Cleanser with Salicylic Acid,Clarins,30.0
30253472629,4,1.0,0.800000011920929,5,1,4,2021-09-27,Overall a good product! so for my skin it was hydrating and helped the drying out from my adapalene. It really helped the density of my beard so that was a fun and pleasant surprise! Overall good!,,lightMedium,green,combination,brown,P447597,100% Organic Virgin Chia Seed Oil,The Ordinary,8.5
2607699691,2,0.0,1.0,1,0,1,2023-02-27,"I just received this, and I was thrown off with the smell from the lactic acid night serum. I want to like this so I’m still trying to use it but the smell is so overpowering I find I’m mixing the serum with a moisturizer I already use to try and mask the smell.  the eye cream is thick so a little goes a long way and the moisturizer/ oil definitely leaves a dewy look on my face. only time will tell if they work and if so I will come back and adjust my rating. currently this rating is based off of smell of the products.",,light,brown,combination,brunette,P480278,Rapid Radiance Set,Biossance,35.0
6207990388,5,1.0,0.6666669845581055,3,1,2,2019-09-10,This toner smells fabulous and it helps keep my skin feeling fresh and clear. I like that the scent isn’t overwhelming and it doesn’t burn when I apply it all over.,,medium,brown,oily,brown,P444615,Witch Hazel & Rosewater Toner,Mario Badescu,14.0
1534085386,5,,0.125,8,7,1,2014-12-29,I pickup the wrong product. Should of been Capture Totalefor day time. But I still love the product.,Pickup wrong product,,,normal,,P375354,Capture Totale Intensive Night Restorative Crème,Dior,175.0
1551883864,5,1.0,0.968254029750824,63,2,61,2020-01-23,I came across this product and thought it looked interesting so I gave it a try. This is a  wonderful cream. It really does plump your skin. It has 2 different creams in it. The white one you can put on your jaw line and neck and the purple on your cheeks and jowl area. I am so happy I tried this and I will be purchasing again. I am not a clinique fan. I normally use face products I get at the spa but I was really impressed with this and will buy again.,Glad I tried this.,lightMedium,brown,normal,brown,P448565,Clinique Smart Clinical MD Multi-Dimensional Age Transformer Duo Resculpt + Revolumize,CLINIQUE,74.0
7861910014,5,1.0,0.3333329856395721,3,2,1,2023-01-05,"I love clay masks and I love sea skincare ingredients, combine both and you get this wonderful creation from Mara beauty! It’s so nourishing and it leaves my skin so soft, glowy, and renewed after each and every use! I have definitely found my favorite clay mask!",,,brown,oily,,P504040,Spirulina + Ashwagandha Volcanic Sea Clay Detox Masque,MARA,54.0
30571369038,5,1.0,1.0,2,0,2,2022-05-22,"Ive been using the Outset for exactly 3 weeks and I’m happy to say I’m very satisfied! The size put me off a bit but a little goes a long way. I have very sensitive skin, and this didn’t irritate my skin at all, and my skin has made a huge improvement! I wouldn’t buy the full size moisturizer, but the cleanser and serum will definitely be a repurchase!",,fair,hazel,normal,black,P483701,Daily Essentials Travel Set,The Outset,50.0
23063771539,4,1.0,,0,0,0,2023-02-26,"Complimentary from hourglass. I absolutely love hourglass makeup, I’m excited to see they expanding to skincare products as well. I’ve been using for ten days, I can see that my skin it’s radiant, I’m excited to see the long term results.",Excited to keep using it,light,brown,combination,blonde,P504637,Equilibrium Resurfacing Retinoid Treatment,Hourglass,110.0
1784783425,1,0.0,1.0,3,0,3,2023-03-17,"Have used milky jelly for years as my makeup removing step of a double cleanse and have never had a problem. Ordered a new bottle earlier this month from sephora and immediately could tell something was different. The face wash was much more opaque than normal, and had a slightly different texture. It also left a HORRIBLE film on my face that has never happened before. Since its a first step in my two-step cleanse I said whatever and kept using it since step number 2 removed the film. Well, after using is for a week or so my face has horrible breakouts, and this is the only new part of my routine. Compared ingredients from new/old and its definitely a slightly changed formula and they removed the polyxamer aka the first key ingredient they list here on their website. So sad, not sure how I am going to find a replacement, will be returning.",Ingredient Change beware! Caused lots of breakouts,,blue,dry,blonde,P504524,Milky Jelly Gentle Gel Face Cleanser,Glossier,19.0
32367295543,4,1.0,0.0,1,1,0,2021-08-12,works great. makes my skin feel very soft. my only issue is the price.,,fair,blue,combination,brown,P471566,Mini Lemonade Smoothing Scrub,OLEHENRIKSEN,18.0
5279040289,3,0.0,0.8333330154418945,6,1,5,2021-12-25,"I only bought this because I had gift cards and thought I’d treat myself since I would never spend this much money. Since it received so many positive reviews I was expecting a lot, but after using it for weeks I’m not sure it’s any better than cheaper products. It does not irritate my skin, so that’s a plus, but other than that I would not buy it at full price myself.",it’s alright,light,hazel,dry,brown,P431416,The Replenishing Oil Exfoliator,La Mer,135.0
2588382910,5,1.0,0.875,8,1,7,2019-10-14,"I tried this for the first time by a Sephora specialist recommendation and loved it from the first try!! It literally leaves your face feeling deep cleaned, soft and hydrated!! I’ve tried many brands IT, Predire, Sk-II and many more. This for sure is worth every penny!",Best cleanser ever made!,light,brown,dry,black,P448710,pores no more Pore Purifying Cleanser,Dr. Brandt Skincare,38.0
11338521254,5,1.0,1.0,7,0,7,2022-08-27,"I absolutely love this sunscreen. I wish I didn’t love it so much because of the price but it actually lasted me quite a while. I have tried many others in the meantime but nothing compares. I have sensitive dry and acne prone skin and this has never made any of those problems worse. I find that my skin feels hydrated and protected, I don’t notice any skin evening in terms of color but I noticed it’s sheer and almost watery so it’s easy to apply with or without a mirror. It gives me a nice dewy base when used with moisturizer and that looks wonderful under makeup. I have not experienced any pilling and my skin looks amazing! Couldn’t recommend enough for people like me who struggled to find a good everyday sunscreen!",I’ll probably be using this forever,fair,blue,combination,brown,P469524,RESIST Super-Light Daily Wrinkle Defense SPF 30,Paula's Choice,37.0
5347324726,5,1.0,,0,0,0,2023-03-17,"I love face serums. They are important in the skin care routine of any woman. I am so glad I decided tonteou this HIGH Performance Face Serum by Macrene. For a plant-based product, my skin was firming and illuminated after a couple uses. It also helped with my fine lines and I am happy it is also anti-oxidant. My skin definitely loved all the ingredients and this product will be in my skin routine for years to come.",Amazing High Intensity Face Serum,,brown,combination,blonde,P505047,High Performance Face Serum with Vitamin C and Hyaluronic Acid,MACRENE actives,195.0
5851948650,5,1.0,1.0,3,0,3,2021-04-30,I have been using this cleanser for a week now and I love it. It doesn’t dry out my skin like other cleansers have.  I also love it because it doesn’t have an overwhelming fragrance. It’s gentle and it calms my skin.,,,,,,P470049,Clearcalm Clarifying Clay Cleanser,REN Clean Skincare,38.0
2564063834,5,1.0,0.0,1,1,0,2021-08-30,"After using this product, my skin felt clean and smooth. Love the lemonade scent. Refreshing.",,fair,,oily,,P471566,Mini Lemonade Smoothing Scrub,OLEHENRIKSEN,18.0
10442383308,5,1.0,0.7777780294418335,9,2,7,2021-12-13,I received this mount li eye roller and I must say it is amazing I put it in the fridge and I use it cold and it feels amazing I have been using it everyday and I love using it. It feels good quality that it will last for long time. I hope it,love this,tan,brown,combination,black,P447604,De-Puffing Jade Eye Treatment Tool,Mount Lai,30.0
7592175155,5,1.0,1.0,2,0,2,2022-06-18,"Light weight gentle for every day leave skin soft, helps with pigmentation and break outs",,medium,brown,combination,black,P467112,Daily Microfoliant Exfoliator Refill Pack,Dermalogica,56.0
2852352409,3,0.0,0.857142984867096,7,1,6,2021-01-26,So I have very acne prone skin and have tried a lot of salicylic acid products. I received this full size cleanser in my summer fab fit fun box. I honestly liked it in the beginning. It was good for summer time when my skin tends to be more oily and I did enjoy the hint of tea tree oil scent (most of the time I find this scent too strong in products that have it) but after awhile I became bored and it did nothing for my pores. Wasn’t good for me in the winter time either. I’m glad I have finally used the last of this product and I will not be rebuying. Doesn’t compare to my go to good morning cleanser from COSRX,,fair,hazel,oily,blonde,P448710,pores no more Pore Purifying Cleanser,Dr. Brandt Skincare,38.0
21902949040,5,1.0,0.75,28,7,21,2021-03-05,"A little goes a long way, so I know the price is scary but trust me. My skin has never looked better. My acne scars have practically vanished after a few weeks of use. I can’t rave enough about this. I personally sent an email to the Sturm Team and told them so!",wonderful,light,green,dry,brown,P469200,The Good C Vitamin C Serum,Dr. Barbara Sturm,145.0
29429797221,4,1.0,0.7058820128440857,17,5,12,2021-03-01,"My skin HATES retinols, especially tretinoin. I rarely use one bc of it. This is one i actually used up and didnt aggravate my skin or made me look older. Bought this when it was $55, now even more expensive.  Moisturize really good tho",Why the price change?,fairLight,hazel,combination,brown,P454514,"Youth Renewal Retinol Trial Kit for Smoother, Younger-Looking Skin",Murad,59.0
5941010548,3,0.0,0.0,1,1,0,2023-02-24,"I wanted to love this cleanser but it’s just not for me. I have very acne-prone combination skin and while this does well to not strip natural oils, I always seem to break out when I use this. I will say it is great as a makeup remover though!",Meh,light,blue,combination,blonde,P504524,Milky Jelly Gentle Gel Face Cleanser,Glossier,19.0
2051963254,3,0.0,1.0,5,0,5,2022-11-22,"These products were just ok. The serum and moisturizer are not thick, both more of a gel consistency. The face wash removes makeup and cleanses in one step, which is nice. Again, nothing wowed me, these products are just ok, not the best. Prob won’t buy full sizes.",Meh,,blue,combination,auburn,P483701,Daily Essentials Travel Set,The Outset,50.0
2571562511,5,1.0,1.0,1,0,1,2021-07-26,I have loved Strivecten for a while now abs this moisturizer was no exception! Do I think it’s going to reverse my wrinkles?  absolutely not but it’s super hydrating and my skin feels really nourished after using. I’ve been using this day and night and my skin has been absolutely loving it!,Really enjoy this,fair,green,combination,brown,P474121,SD Advanced  PLUS Intensive Moisturizer For Wrinkles & Stretch Marks,StriVectin,82.0
2258398462,2,0.0,0.5068489909172058,73,36,37,2020-04-03,"I got a sample of this and at first it seemed to perfumed bit I looked and didn’t see added fragrance just lavender oil, ince I put it on the scent faded and I wasn’t bothered.Felt amazing on my face but a little while later I looked over the ingredients online and noticed this has salicylic acid in it! I have noticed this ingredient in another serums geared towards dry skin.. while I get that it will help brighten and get rid of flakey skin, those of us with comprised moisture barriers really can’t tolerate any acids. It would be so nice otherwise.. I was lathering this around my eye area too! Definitely not good to be doing that.If you don’t have delicate skin then this would be really nice. Really sick of companies putting acids in everything!",Has salicylic acid,light,hazel,dry,blonde,P446908,Advanced Night Repair Treatment Intense Reset Concentrate,Estée Lauder,92.0
2795952372,5,1.0,,0,0,0,2022-11-21,This is such a great trial kit! I really love The Outset products and find them really gentle and effective on my skin! This is a great set for a complete morning routine! After using for a week my skin feels and looks great!,Great set!,,green,dry,,P483701,Daily Essentials Travel Set,The Outset,50.0
29872402510,3,0.0,1.0,21,0,21,2021-02-24,"I bought the travel size. Upon application it felt really nice on my skin. It did not feel like sunscreen and it had a nice matte finish. I have normal, sensitive skin and this did not irritate my skin at all. HOWEVER, I have brown skin and it did leave a white cast on my skin. At first I didn’t notice it, but one day I applied it to only half of my face to compare, and the side with sunscreen made me look crazy lol. If your looking for a mineral sunscreen that leaves no white cast, I recommend the Cotz flawless complexion spf 50. It leaves no white cast on any skin tone, however it is a little bit oily but I personally don’t mind.",okay,tan,brown,normal,black,P469524,RESIST Super-Light Daily Wrinkle Defense SPF 30,Paula's Choice,37.0
20836081778,5,1.0,,0,0,0,2023-02-18,"super gentle on the skin and doesnt sting eyes when you use it on the eyelids. leaves skin feeling soft, hydrated, and glowy looking. has a nice subtle rose water scent. not a foaming type cleanser",perfect for everyone,light,brown,combination,brown,P504524,Milky Jelly Gentle Gel Face Cleanser,Glossier,19.0
2459001356,5,1.0,1.0,13,0,13,2020-04-28,"I freaking LOVE this cleanser!! I honestly thought it was normal for your skin to feel tight after cleansing but this has moisturized my skin, cleared it up AND significantly reduced redness. Cannot say how extremely happy I am with this product.",,fair,green,normal,brown,P448562,Barrier+ Foaming Clay Cleanser,Skinfix,32.0
6157810748,5,1.0,,0,0,0,2020-04-20,Nothing bad to say about this product. Very refreshing and calming to the skin. Love it in my skincare routine as well as after makeup application for a dewy glow. Great price-point and amount of product. Five stars.,bomb,medium,brown,normal,black,P440483,"Facial Spray with Aloe, Cucumber and Green Tea",Mario Badescu,7.0
45028712027,1,0.0,0.4000000059604645,5,3,2,2023-03-04,"Burned my skin, made my skin itchy and sticky, and broke my face out :( so disappointed with glossier",Burns skin!!,light,brown,dry,blonde,P504786,Solution Skin-Perfecting Daily Chemical Exfoliator,Glossier,26.0
1222140767,5,1.0,0.75,8,2,6,2021-10-12,"I love this gloss. I bought the first kind that came out, with the metal roller ball and while I like the gloss, the roller ball got stuck. A lot. But this one with the amethyst roller ball is awesome! I use it several times a day and it moisturizes really well without being sticky. Plus it’s on sale.. Even better! I just wish they would carry it in the stores instead of only online. I just buy a few each time instead. Please don’t ever stop making this!",I'm addicted to this!!,light,blue,dry,brown,P449102,Crystal Ball Roller Gloss,INC.redible,12.0
1309946987,3,1.0,,0,0,0,2023-03-17,"I’ve never heard of nor tried Mara skincare products before this. Im usually terrified of face oils because I have sensitive, acne prone, combination skin but I was super excited to use this because it was marketed as non-comedogenic. However, my skin doesn’t seem to like it.",Maybe better for others,,brown,combination,,P504026,Mini Algae + Moringa Universal Face Oil,MARA,40.0
7375781965,5,1.0,,0,0,0,2023-02-27,"I absolutely love Hourglass skincare and was so excited to try this new retinol serum. I’m a big fan of retinol, it works wonders on my face and this serum is not an exclusion. This treatment feels so lightweight but it is so effective in resurfacing my skin. My skin texture and tone look more even after few weeks of use. gifted by Hourglass.",,light,hazel,combination,blonde,P504637,Equilibrium Resurfacing Retinoid Treatment,Hourglass,110.0
2730232637,4,1.0,,0,0,0,2021-07-27,"This cream feels very smooth on the skin. It absorbs quickly and it doesn’t feel greasy at all. I used it on my pregnancy stretch marks and it’s too early to tell how well it works. However, in my face, the cream feels super hydrating and looks plump. Overall, I have enjoy this cream.",Hydrating,lightMedium,brown,combination,brown,P474121,SD Advanced  PLUS Intensive Moisturizer For Wrinkles & Stretch Marks,StriVectin,82.0
5093558136,5,,0.8333330154418945,6,1,5,2017-02-17,"I love that this is natural forms of retinol being an acne prone client I was skeptical of purging like other retinols have done to my skin, this one not even once my whole face has changed in 2 mos of use everyone notices less lines in my face and pore have shrunk severely.",HOLY GRAIL RETINOL,,,,,P404232,DermalQuench +Retinol Advanced Resurfacing Treatment,Kate Somerville,110.0
5970108328,5,1.0,0.7391300201416016,23,6,17,2020-01-31,"this gel serum with niacinamide, plankton, azelaic acid, green tea and turmeric extracts. I use it on a bare face after washing (sometimes on acid toner). It has thick texture, I need 3-4 drops to cover all my face, so a little goes a long way. I do notice that my skin looks more even, radiant and bright. I can’t say about huge improvements in my dark spots (and I don’t expect them from this serum), may be after bottle ends they will be more noticeable. Skin does become more soft and smooth, and my pores are smaller (what a great bonus). Despite 15% of acid, this serum doesn’t irritate and tingle my skin. And it is easily combined with any other products.  I received this serum in exchange for my honest review.",great serum for uneven skin tone,light,brown,combination,brown,P453822,Dark Spots No More Triple Acid Spot Minimizing Concentrate,Dr. Brandt Skincare,71.0
11294258614,4,1.0,1.0,4,0,4,2023-02-20,"Works well, can get about two uses per razor.Wish the blades were sharper as have to use over one area multiple times.",,light,green,combination,brown,P482312,Facial Razor Set,SEPHORA COLLECTION,12.0
1904570038,1,0.0,0.5333330035209656,15,7,8,2020-03-31,I wanted to love this but every single time I use it makes me cough- very odd. I will not be using anymore. What a shame! I like the face mists from FRESH more.,not a fan,medium,brown,combination,black,P452004,Rose Hibiscus Hydrating Mist,Herbivore,36.0
25311753843,4,1.0,0.8999999761581421,10,1,9,2021-03-22,this is a new product for me. trying to find what works. and I have to say I love it! at 1st I wasn’t too keen on the texture of the “cream“ but I love the weightless silk feel once it soaks in. it’s pricey but so true that a little goes a long way...it glides on easy so not much is needed for coverage.,so silky smooth,lightMedium,brown,combination,brown,P457520,FIRMx Collagen Moisturizer,Peter Thomas Roth,88.0
1158610115,5,1.0,,0,0,0,2019-05-04,I use this to make my skin damp so my more pricey skincare goes further. I’m thrilled Sephora now carries it. I also keep the mini in my bag as a cooling mist. Loved this product for years.,Fantastic Skincare Aid,fairLight,brown,dry,brown,P440483,"Facial Spray with Aloe, Cucumber and Green Tea",Mario Badescu,7.0
5564873112,5,1.0,0.7777780294418335,9,2,7,2020-04-21,My everyday cleanser. I’m on my 3rd bottle. I love that it’s a clean product and works great on my sensitive skin.,,light,hazel,combination,black,P448562,Barrier+ Foaming Clay Cleanser,Skinfix,32.0
2242811333,5,1.0,0.8333330154418945,6,1,5,2020-04-24,Definitely saw immediate results after using the first time.,Love these,light,hazel,combination,blonde,P437960,Baggage Claim Rose Gold Eye Masks,Wander Beauty,26.0
1010539716,5,1.0,0.3333329856395721,3,2,1,2022-02-17,"This is a great set if you are considering Biossance products -- or, if like me, you already love them and want a set of travel-size products.  I use the full size of each of these products daily (along with the dark spot serum) and have noticed a considerable improvement in my skin tone, texture, and sun spots.",Perfect trial or travel set,light,blue,dry,blonde,P480278,Rapid Radiance Set,Biossance,35.0
2763400993,5,1.0,1.0,1,0,1,2022-05-01,Absolutely in love!!! I love the whole line of this product I use everything from cleanser to moisturizer toner Eye cream a+++ All the marks check out when I’m in a hurry I use my cleanser my toner and it feels just as good as the moisturizer but only when I’m in a hurry the toner has a moisturizer in it! Not saying to use it as a moisturizer but it feels damn good excellent toner and like I said I love all of this lines products,IN LOVEEEE,lightMedium,hazel,combination,brown,P459116,Mini Cream Skin Toner & Moisturizer,LANEIGE,15.0
5171826683,5,1.0,0.8181819915771484,11,2,9,2020-07-09,"Okay so the mint / cooling sensation lasts for hours, this took me by surprise, I wasn’t aware of this effect what really surprised me was that when I glanced at myself in the mirror I my dark circles were gone ! instead it looked  like if I had applied  concealer so I tried  to wipe it off with makeup remover expecting to find some blue color residues on the cotton swap but nothing ! This eye cream really worked against my under eyes discoloration. Which btw the guys at Dior counter says that it’s a consequence of blue light of my electronics.",It erased my dark circles in minutes!,fair,brown,combination,brown,P429676,Hydra Life Cooling Hydration Sorbet Eye Gel,Dior,60.0
1733830278,5,1.0,0.800000011920929,15,3,12,2019-06-13,"I know this is pricey, but it’s way better than Jergens and it gives you a richer longer lasting looking tan. I only use this on my legs and think it’s better and way easier than the most popular sprays and mouses on the market. If you want a hassle free tan, look no further.","Expensive, but super easy to use",fair,hazel,combination,brown,P441645,Sunless Tan Firming Lotion,COOLA,46.0
11950294958,5,1.0,1.0,1,0,1,2021-07-30,"This is the 2nd tube I’ve used within the past few months, so it is safe to say this product is a win for me. It feels like an ultra-rich cream, however leaves my (generally dry) skin feeling super moisturizer without looking greasy. After using for a couple months, I can already notice a difference in the depth of the horizontal lines on my forehead + in the corner of my eyes. Results are slow as with any skincare product, however with time, visible results can be achieved!",This Actually Works,fair,blue,combination,brown,P474121,SD Advanced  PLUS Intensive Moisturizer For Wrinkles & Stretch Marks,StriVectin,82.0
1557144059,1,0.0,1.0,1,0,1,2021-05-20,"NOT MATTE. So annoyed. I washed my face, and applied on my fresh t-zone that wasn’t oily yet. Made me so shiny. Very disappointing. Back to searching for a sunscreen that is actually matte.",NOT MATTE,fair,brown,combination,brown,P471064,Max Matte Shine Control Sunscreen Broad Spectrum SPF 45,Peter Thomas Roth,38.0
38237054535,5,1.0,0.7777780294418335,9,2,7,2022-08-03,"So relaxing, worth the extra $, my favorite investment in skin care and relaxation.",Relaxing AF,fair,brown,dry,brown,P477714,Black Obsidian Face and Body Gua Sha,SEPHORA COLLECTION,14.0
22522709941,5,1.0,1.0,3,0,3,2019-02-17,"This product is out of this world! It immediately brightneded my eyes and after using it for a few weeks, I could actually see a difference. I recommend it to everyone with dark circles problems",,light,hazel,dry,brown,P429676,Hydra Life Cooling Hydration Sorbet Eye Gel,Dior,60.0
21302441549,5,1.0,,0,0,0,2022-08-08,This product was gifted by facegym. I love how it makes my skin feels. Super hydrating and works like a magic. I am still amazed that this stuff is so much better than the other tools. I love that it makes my dry skin super nourishing and healthy.,Very hydrating,lightMedium,,dry,,P501024,Hydrating Active Roller with Hyaluronic Acid,FaceGym,70.0
1896994391,3,0.0,0.8235290050506592,17,3,14,2022-08-03,"I really liked it but like others, I dropped it when using with body oil; it becomes very slippery. It shattered in tiny little pieces. It was my own fault for dropping it but I was frustrated that the material shattered in such small shards.",Slippery,fair,hazel,combination,brown,P477714,Black Obsidian Face and Body Gua Sha,SEPHORA COLLECTION,14.0
1285065443,3,0.0,0.0,1,1,0,2021-02-19,"Refreshing, but not necessary. I like a simplified skincare and makeup routine. I had high hopes for these, but was left just.. meh... I am an avid sheet mask user and can yet alit see results after one or a couple uses. I didn’t really see any improvement to fine lines around eyes. My skin does feel softer. I don’t have dark circles, so no reference there. All in all, they are soothing and relaxing. I have enjoyed them, but they will not be a ritual for me.","Feel Good, but Results?",fair,hazel,combination,brown,P437960,Baggage Claim Rose Gold Eye Masks,Wander Beauty,26.0
2310652313,5,1.0,0.0,1,1,0,2023-03-20,"This little baby packs a punch! I love that it’s universal, smells and looks luxurious, and is perfect for travel with it’s small size. It layers well under makeup but if you choose to use it as the last step in your skincare routine you will look a bit shiny (honestly fine by me). Leaves the skin very hydrated! Gifted by Mara.",Luxury In a Bottle,fair,blue,dry,blonde,P504026,Mini Algae + Moringa Universal Face Oil,MARA,40.0
996596502,1,0.0,0.857142984867096,7,1,6,2020-05-24,Have to rub in forever to get it to absorb. Too bad because it has no offensive odor.,,lightMedium,hazel,dry,blonde,P441645,Sunless Tan Firming Lotion,COOLA,46.0
28212637883,5,1.0,0.5,10,5,5,2021-05-17,"I received this device complimentary from PMD BeautySo personally I prefer a good peel over physical exfoliation; however this microdermabrasion device has really impressed me for three reasons:1. It allows you to choose the level of the vacuum suction and the speed, so it can be used for more sensitive/dry skin as well2. It instantly exfoliates the surface to reveal soft, super smooth skin and tighter pores3. It has attachments which can be used on the chest, legs, arms!.If you’ve been looking for a microdermabrasion device, this is definitely a very good one!",Really good dermabrasion tool,medium,brown,oily,black,P467969,Personal Microderm Elite Pro,PMD,299.0
2419864317,1,0.0,1.0,2,0,2,2021-12-13,Just awful. Will be returning after 1 use. I used it as part of a skincare routine it immediately started to “pill”/ball up and leave my face extremely greasy. I had to re-wash my face and reapply all of my steps. Don’t waste your money.,big no,light,,combination,,P471064,Max Matte Shine Control Sunscreen Broad Spectrum SPF 45,Peter Thomas Roth,38.0
8388751018,3,0.0,,0,0,0,2022-09-30,"Ce produit sens TRÈS fort et ne mousse pas. Par contre je sens mon visage propre et sans tiraillement après l’avoir utilisé. Fait la job, mais je ne le rachèterai pas.",,light,brown,combination,brown,P469448,Purifying Gentle Foaming Cleanser with Salicylic Acid,Clarins,30.0
8298675811,5,1.0,1.0,3,0,3,2021-05-14,I love how moisturized my face feels after putting this on.  It smells great and works wonders on my face.,,mediumTan,hazel,combination,brown,P452004,Rose Hibiscus Hydrating Mist,Herbivore,36.0
33893650522,5,1.0,,0,0,0,2022-12-09,"This face mask is so good ! Whenever my face feels dirty, dry or tired, I apply this mask. The application is amazing, I love how smooth it is and feels on my skin. After the mask my skin is smoother and feels fresh and hydrated. I recommend to anyone, no matter the skin type.",Wow !,fair,green,normal,blonde,P448711,Face Mask,Dr. Barbara Sturm,125.0
10230229648,4,1.0,,0,0,0,2022-11-21,This is a great set to first try out each of the products. I’ve really been enjoying them and how gentle they are on my sensitive skin. They make my skin feel more nourished and healthy. The ingredients in each of these products are all amazing as well.,,light,brown,dry,,P483701,Daily Essentials Travel Set,The Outset,50.0
25033175921,1,0.0,,0,0,0,2020-09-20,"This product doesn’t a number of harmful ingredients! Below I will walk you through a few of the ingredients (not all)  found in this product. Hope this helps you out! First of all, let it be known that collagen cannot be absorbed through the skin, so right out the gate the product is a ripoff. Research the other ingredients in you want to know what you are exposing your skin to!Dimethicone - It traps everything under it, including bacteria, sebum, and impurities, which could lead to increased breakouts and blackheads, clogged pores and blemishes. Polysilicone-11 - A type of silicone which can cause large pores and acne.Tocopheryl Acetate (Ve) -  A skin irritant.Glycerin - Chronic use can also dry up the inner layers of your skin ,causing deep dehydration which will eventually result in skin aging. Butylene Glycol - A surfactant that penetrates the skin quickly and can weaken the protein and cellular structure.",Harmful Ingredients,light,green,dry,brown,P457520,FIRMx Collagen Moisturizer,Peter Thomas Roth,88.0
5408818095,5,1.0,,0,0,0,2021-07-28,"I love the way this product makes my skin feel. After using this for a couple of weeks, I noticed my skin looked and felt softer. The results weren’t astronomical, but any change at all is pretty incredible! I love that there isn’t a scent, just good ingredients doing what they’re supposed to do. I’d recommend this to anyone looking to decrease fine lines, wrinkles, etc.. It’s easy to use, and I’m excited to see how my skin looks after using it awhile longer.",Impressive results,fairLight,,combination,black,P474121,SD Advanced  PLUS Intensive Moisturizer For Wrinkles & Stretch Marks,StriVectin,82.0
922371543,4,1.0,0.3333329856395721,3,2,1,2022-02-27,I love the eye cream and moisturizer.  I have used the eye cream and moisturizer for over a year!,,light,brown,combination,brown,P480278,Rapid Radiance Set,Biossance,35.0
7772593376,5,1.0,1.0,3,0,3,2022-02-25,"Cannot rave enough about the Biossance lineThis set is a great starter for anyone but I’ll share my daily for those want that deeper,I’ll share my routine, note I’m 51 and have fairly combo skin living in So Cal and have been using for a few years trying different combinations.  This is now my favorite after having used the copper in am at first and switched to evening about 2 months ago  Am Oil cleanser Toner Peptid eye  Phyto Ret Probiotic gel Squalane oil  Pm Oil cleanser Marine algae eye Copper Lactic Rose oil   Once a week I use the glycolic renewal mask",,light,hazel,combination,blonde,P480278,Rapid Radiance Set,Biossance,35.0
5945286293,5,1.0,1.0,3,0,3,2022-10-25,Love how easy these are to use! I use these for my facial skincare routine and they don’t disappoint!,Great Value!,,hazel,oily,blonde,P482312,Facial Razor Set,SEPHORA COLLECTION,12.0
2763408507,5,1.0,0.6666669845581055,3,1,2,2022-08-08,"Love this mattifying sunscreen for us oily girlies. It’s slightly tinted so can be thrown on for natural looking coverage. For the price, I wish you’d get a little bit more but it’s a staple for me.",LOVE,medium,brown,oily,black,P476733,Mineral Mattescreen Sunscreen SPF 40 PA+++,Supergoop!,38.0
23133226070,5,1.0,0.6666669845581055,9,3,6,2021-09-05,"I use this product.  I an sad to see the less than 5 star reviews. it’s exactly what you expect and need a peel to be. Strong, powerful, and no “facial tech personnel’ needed... all DIY with the same lovely powerful results! ❤",This Shi@# Works!,fair,Grey,oily,blonde,P451745,30% Glycolic Acid Peel Concentrate,SOBEL SKIN Rx,46.0
10957429422,5,1.0,1.0,3,0,3,2021-10-19,"I’m in love with this exfoliator , it’s expensive but it lasts a very long time and you only need to use it once a week so it’s totally worth it for me",,,,combination,,P431416,The Replenishing Oil Exfoliator,La Mer,135.0
2221523645,5,1.0,1.0,7,0,7,2021-02-26,This product states that it can replace your moisturizer—DO NOT DO THIS. I do my skincare routine and finish off with this and it doesn’t dry out my skin! (As someone with dry combination skin) it provides a slight tint and will unfortunately leave a white cast on skin tones darker than Tan. It has great ingredients and is one of my favorite formulas to use year round. I have rosacea and cannot wear chemical formulas so I have to stick with mineral. This one is amazing.,not for deep skin tones,fair,green,combination,brown,P469524,RESIST Super-Light Daily Wrinkle Defense SPF 30,Paula's Choice,37.0
1098904398,5,1.0,0.8608700037002563,115,16,99,2021-03-12,Love this gentle vitamin C that doesn’t leave my skin red. If you think it’s expensive don’t buy it. Tired of these annoying reviews about pricing. Nobody is forcing you to buy luxury.,,lightMedium,brown,combination,brown,P469200,The Good C Vitamin C Serum,Dr. Barbara Sturm,145.0
20137731809,5,1.0,1.0,6,0,6,2022-04-03,One of the best products ever made! I have been using this for about two years now and I use EVERYDAY! It’s amazing by itself and UNDER makeup (confused on someone saying they used it over makeup and hated it). I burn very very easily and this does a great job at protecting my skin! I also have dry skin and sensitive skin and have no issues with it affecting my texture or pores.,the best.,fair,blue,dry,brown,P476733,Mineral Mattescreen Sunscreen SPF 40 PA+++,Supergoop!,38.0
5247677632,4,1.0,1.0,5,0,5,2020-07-04,"I’ve heard mixed reviews about these Mario Badescu sprays due to various reasons.  However, if we’re focusing on just the products themselves I would say that this is the best one of the sprays if you have combination skin.  I found that the purple one is very drying.  The pink rosewater one is actually nice, too, but I’m not sure if I would say that it’s hydrating per say.  This one is nice because it feels refreshing on the skin and controls oil.",Great for Combination Skin,light,brown,combination,blonde,P440483,"Facial Spray with Aloe, Cucumber and Green Tea",Mario Badescu,7.0
10898363670,4,1.0,0.2666670083999634,15,11,4,2019-11-19,I love this 3 minute quick mask!! It makes my skin feel so refreshed and this mask gives it that glow!!,Great Product!,lightMedium,blue,normal,brown,P446820,Grapefruit Peeling Mask - Skin Perfection,SEPHORA COLLECTION,8.0
985548097,4,1.0,1.0,3,0,3,2019-06-12,"This came in one of those Sephora Exclusive kits, with rose products. I honestly didn’t think much of it. More my mums generation brand. I finally got around to using it. It says apply to damn skin, I’ve done damn and dry, just out of bed skin. I enjoyed using it both ways. The sugar gives a nice exfoliating wash. Not to harsh, yet enough to feel it’s actually exfoliated. The scent isn’t overwhelming and fades nicely. The only reason I didn’t give 5 stars: it leaves kind of a thin “layer/coating” on the face. Which I don’t like, I personally prefer the super clean feel, before adding my primer/sunscreen, so a good toner was used after this...to remove that film like feeling. It’s most likely due to the sugar, every single sugar body scrub I’ve used, does this. If you like that coating, you’ll love this. I still would recommend and buy again sometime. I’d just keep my toner handy.",Love the warming,fair,blue,combination,blonde,P433461,Rose Sugar Scrub,Lancôme,34.0
2057142613,5,1.0,0.8666669726371765,15,2,13,2022-04-07,"love this for extremely dry skin, I actually use it in the day and night and noticed after about 2 weeks the dryness and flaking on my face stopped! no breaking out, and light feel after absorbed for how intense it is",lovely cream,lightMedium,brown,combination,brown,P481971,Hydra Life Intense Sorbet Crème Moisturizer,Dior,85.0
6800710121,5,1.0,1.0,2,0,2,2023-03-09,"I’ve been using this product for awhile, it’s a must have in my routine. I have super dry skin and i’m acne prone, I have tried many toners and this toner does not break me out at ALL and keeps my skin SO hydrated!",AMAZING product,fairLight,brown,dry,blonde,P503890,Green Tea Hyaluronic Acid Hydrating Toner,innisfree,22.0
7284141939,5,1.0,,0,0,0,2023-03-16,"I love this serum! It goes on nicely, love the ingredients, and it instantly makes my skin look more plump and feel more hydrated. It also makes it look firmer and just better in general. I would definitely recommend it! Gifted by Macrene",,,blue,oily,,P505047,High Performance Face Serum with Vitamin C and Hyaluronic Acid,MACRENE actives,195.0
24887073150,4,1.0,0.857142984867096,7,1,6,2021-04-26,"I was really hesitant about this product; some other products had great reviews, but I chose this one for the tint hoping it could offer a tiny bit of coverage. I am so impressed! I have oily, sensitive, acne-ridden skin. I have had huge issues with sunscreens being too oily. Not this one! It goes on smoother than any other sunscreen I’ve tried, smooths out my complexion, and dries perfectly matte. It causes no break-outs or clogged pores! I am thrilled! It is a little bit drying. I would highly recommend for if you’re oily skinned like me. I do put on a thick moisturizer before putting this on, however it controls the oils all day even with a mask on. This is not a problem for me because oils are part of my problem with acne, especially with a mask. I haven’t had any dry patches but I make sure to moisturize my skin strongly with a cleanser and moisturizer that meets my skin’s needs on that day. Couldn’t recommend enough if you have oily skin!",,,,oily,blonde,P469524,RESIST Super-Light Daily Wrinkle Defense SPF 30,Paula's Choice,37.0
12229792837,4,1.0,0.959999978542328,25,1,24,2021-12-23,After a week of use Here is my before and afterI still have a ways to go but I always find a realistic expectation and perspective useful when purchasing products.Hope this to be helpfulWould recommend as it is gentle on the skin as I have very sensitive skin,Acne,fair,blue,combination,blonde,P472180,Balance It All Oil Control & Pore-Refining Set,OLEHENRIKSEN,40.0
11538834597,5,1.0,0.857142984867096,7,1,6,2020-02-17,"This oil feels very good, and it doesn’t stay shiny for the whole day (although you will experience the oiliness up to 3 hours). A little goes a long way, so don’t be surprised to receive a small bottle!",Does the Job,light,brown,oily,black,P447597,100% Organic Virgin Chia Seed Oil,The Ordinary,8.5
1492711942,5,1.0,,0,0,0,2022-07-27,"As a first time user, I am loving this tool. It’s easy to use once going through the tutorial and is very gentle on the skin, I didn’t feel a thing. My skin feels more plump and so much more hydrated. Gifted by Facegym.",,fair,brown,combination,blonde,P501024,Hydrating Active Roller with Hyaluronic Acid,FaceGym,70.0
2090419638,5,1.0,0.5,6,3,3,2022-05-26,I have been using this cleanser now for about 4 weeks and I can already see a difference.  The cleanser is gentle and my skin is not dry after.  My serum and moisturizers absorb better and I my skin feels wonderful and looks fresh. I would highly recommend.,Great Cleanser,lightMedium,brown,combination,brown,P480346,SuperFruit Gentle Brightening Cleanser,ROSE Ingleton MD,38.0
10294931996,4,0.0,1.0,4,0,4,2019-12-12,It mists really nicely and it left me very soft and moisturized but the smell is a big turn off and I wouldn’t repurchase because of it.,,fair,hazel,combination,brown,P452004,Rose Hibiscus Hydrating Mist,Herbivore,36.0
11874010520,4,1.0,1.0,3,0,3,2021-03-21,Product is really good! I received it in a Boxycharm a few months back and wanted to try it before reviewing it. It works really well. Doesn’t strip my skin. Doesn’t tighten either which is a problem I run into with pore cleansers. It is so gentle. My only issue with it is the smell once I start to lather it in my hands. It starts off smelling how it does in the package but once it’s all worked in it smells bad. Not bad enough to stop use but bad enough to notice. So if you’re someone that does not like having a product with a bad smell but still works; then this product is not for you.,,fairLight,hazel,combination,brown,P448710,pores no more Pore Purifying Cleanser,Dr. Brandt Skincare,38.0
34173640232,4,1.0,,0,0,0,2022-08-06,This Face gym hydrating roller is my first face roller product. After a week I felt that my skin was softer and has a little more glow than usual! Used it in conjunction with products like serums. Only downside is that it’s extremely pricey. But the result seems promising and I’m interested in seeing how this works out long term.,,fair,brown,combination,black,P501024,Hydrating Active Roller with Hyaluronic Acid,FaceGym,70.0
5886022731,4,1.0,1.0,1,0,1,2022-12-21,"This face oil is so luxurious! I love the texture, it’s rich without sitting on top of the skin. It sinks in beautifully and has incorporated seamlessly into my morning and night routine. I love an oil especially for the winter and this has done a great job at locking in moisture and giving my skin a healthy glow!",,,blue,dry,blonde,P504026,Mini Algae + Moringa Universal Face Oil,MARA,40.0
23374285741,5,1.0,0.5,2,1,1,2021-12-14,"This product has such a strong Suction: Perfectly Calibrated Vacuum Suction that is not harsh on my skin. Suction increases circulation and triggers the skin’s natural healing process which boosts collagen and elastin leaving skin firm, fresh and radiant. I love how it is strong yet gentle. Highly recommend.",Love it,fair,brown,dry,blonde,P467969,Personal Microderm Elite Pro,PMD,299.0
1199504191,5,1.0,0.5,2,1,1,2021-12-03,Absolutely love the way this smells and how soft my skin feels after using it. I use it two to three times a week and it does the trick for me!,Love this product!,fair,green,combination,blonde,P471566,Mini Lemonade Smoothing Scrub,OLEHENRIKSEN,18.0
27395235043,4,0.0,,0,0,0,2023-03-06,"I’m really like this serum! It has a lightweight and milky texture that absorbs very easily into skin. It’s gentle, with no irritation whatsoever and very effective! My skin feels so soft, smooth, and glowy after using this! This is a heft price tag though!",,,brown,combination,,P504637,Equilibrium Resurfacing Retinoid Treatment,Hourglass,110.0
1118231598,3,1.0,0.125,8,7,1,2021-10-11,"It’s adequate for the price. It performs better than the spfs at the drugstore in terms of formula and texture, but I wish it would absorb better on the skin.",,medium,brown,combination,brown,P469524,RESIST Super-Light Daily Wrinkle Defense SPF 30,Paula's Choice,37.0
5116465270,1,0.0,1.0,2,0,2,2022-04-16,"Had a massive skin breakout. The fragrance is overwhelming, for the price I expect better ingredients.",Fragrance too intense.,light,brown,dry,black,P454514,"Youth Renewal Retinol Trial Kit for Smoother, Younger-Looking Skin",Murad,59.0
28763752346,4,1.0,,0,0,0,2023-03-04,"I purchased this product from the Glossier website as a set with a 1oz bottle of Futuredew (pro tip: Glossier’s products are a fair amount cheaper if you purchase them as sets, so I would find products you like and match them with a set that contains all/most of them!). The bottle of cleanser itself is fairly large, with a pump that dispenses a nice amount. I used to start off my day with two pumps of Glossier’s Milky Jelly Cleanser. It is very gentle and smooth, but I’m still not too sure how effective it really is. It is really good at removing obvious makeup/dirt/impurities from the previous night if there’s any remaining, but you don’t get that “squeaky clean“ feeling that you would get from a product like the Kiehl’s cleanser. That said, it is kind of nice that this product feels almost moisturizing, as opposed to drying, since some cleansers feel that way on the skin! It has a very subtle but nice rose scent, so it’s technically not fragrance-free, but I read in the ingredients that the fragrance is “under 1% and formulated without Acetaldehyde, Acetone, Acetonitrile, Benzalkonium chloride, BPA, EDTA, Methylene chloride, PTFE, PFOA“, so it shouldn’t be overwhelming to most people. Additionally, I have to give props to how this product is Clean at Sephora, cruelty-free, vegan, and formulated without sulfates SLS and SLES - I’m very glad how Sephora has made an effort to bring in more clean beauty products/brands - especially such a mainstream one like Glossier!All in all, a 6oz bottle of this cleanser lasted me just under a year, which is really good considering I used two pumps of this 1-2 times a day. It’s not the cheapest cleanser at $19, but I would say if you’re looking for a gentle cleanser that feels soft on the skin, I would splurge on this. However, if you’re looking for a sudsy, more “squeaky clean“ feeling cleanser that strips skin of everything (potentially including a bit of moisture, if you’re okay with that), I’d go with something else.","Gentle and Soft, But Not the Most Effective",,brown,dry,,P504524,Milky Jelly Gentle Gel Face Cleanser,Glossier,19.0
5158637190,5,,0.1818179935216903,11,9,2,2015-02-03,I needed something to replace all beauty oils that I’ve been using at night and my skin was just tired of them. So I picked up this little gem. It’s on the expensive side but you don’t need a lot to cover your face and neck. It feels really nice on the skin. My dry skin loves it. And it’s not greasy at all ! ,,,,,,P375354,Capture Totale Intensive Night Restorative Crème,Dior,175.0
7412787609,5,1.0,,0,0,0,2019-09-14,My face loves it since I use it I notice more hydration in my skin,,lightMedium,hazel,combination,auburn,P440483,"Facial Spray with Aloe, Cucumber and Green Tea",Mario Badescu,7.0
1275660929,1,0.0,0.8863639831542969,44,5,39,2020-04-15,I have been using this consistently for over 5 weeks two times a day on freshly washed skin before I use my other skincare   There has been no improvement in my hyperpigmentation .  If I could give it no stars I would as it is expensive considering it does nothing.,,mediumTan,green,oily,brown,P453822,Dark Spots No More Triple Acid Spot Minimizing Concentrate,Dr. Brandt Skincare,71.0
24178905733,4,1.0,0.8666669726371765,15,2,13,2020-01-23,This is actually working nicely to help even out my skin. You do have to be consistent with it though. I also feel like it’s pretty sticky. My face felt tacky after application but because it’s effective I power through that. The packaging is perfect for this type of product and I also feel a small drop goes pretty far. I’m using this on my entire face as I have not only dark spots but uneven skin. It does brighten well. I received this complimentary in exchange for my honest review. Overall I’m happy with this product. #drbrandtgiftedme @drbrandt @sephora #drbrandt #MakeSpotsFade #octolyfamily,Sticky but effective,fair,blue,oily,blonde,P453822,Dark Spots No More Triple Acid Spot Minimizing Concentrate,Dr. Brandt Skincare,71.0
11601004322,5,1.0,1.0,1,0,1,2019-11-14,I love how this gloss looks on my lips and it is  shiny and I added a lipstick over the gloss and my lips looks really good and feels soft. what more do u want want in this cold winter weather ...must try ..i love it.,love it...,lightMedium,brown,dry,black,P449102,Crystal Ball Roller Gloss,INC.redible,12.0
6478861087,5,1.0,1.0,2,0,2,2022-02-11,"The Jasmine Mist is truly the most refreshing mist I have ever used. The fragrance is so beautiful and nostalgic for me, it awakens all my senses and I look forward to using it every single morning along with Ranavat’s Radiant Rani Serum. The spray quantity is perfect. A must have for those self-care routines.",Truly Hydrating with Beautiful Fragrance,tan,brown,oily,brown,P481401,Hydrating Jasmine Mist - Royal Refresh,RANAVAT,45.0
22574799779,2,0.0,,0,0,0,2022-12-28,It made my skin oily. It does have a satisfying cleaning refreshing sensation when you are first washing your face and applying the toner and cream.. but a little while later you get oily skin.,Didn’t work for me,fair,brown,oily,blonde,P472180,Balance It All Oil Control & Pore-Refining Set,OLEHENRIKSEN,40.0
1877513615,5,1.0,1.0,24,0,24,2020-11-07,"I just purchased my 3rd bottle. I usually only take one pill/day, occasionally two.  I use a number of the Moon Juice products but the two consistent products that I take are the SuperBeauty and SuperYou and the entire skin care line. I definitely notice a difference in skin, hair, and mood. It’s subtle but my skin has improved considerably, all of the reactive bumps on my skin have disappeared and I’m just dealing with hyperpigmentation now. My skin also feels calm and not irritated. Great product. I feel like the effects are subtle but consistent with continued use.",Great supplement!,lightMedium,blue,combination,blonde,P457002,SuperBeauty Daily Antioxidant SkinSupplement,Moon Juice,60.0
1574162244,5,1.0,,0,0,0,2022-10-31,The brush is a must to keep my GLOfacial clean and ready for the next use. I love the different size tips to help make sure I get all parts of my face!,,light,hazel,normal,auburn,P503560,GLOfacial Antimicrobial Treatment Tips + Cleaning Brush Accessories,BeautyBio,30.0
1389604827,4,1.0,0.9285709857940674,14,1,13,2019-05-16,"First off, the packaging is a total homer. Secondly, LOVE that the lotion itself is white and not the classic orange brown like its competitors. The smell was not offensive as well, recommend to all who don’t and do tan! I use it for a little oomph to boost my natural tan. Really appreciate the firming   aspect as well! Didn’t notice a HUGE leap in color, but it just evened out my farmers tan.",Clean sunless tanning!,lightMedium,brown,combination,brown,P441645,Sunless Tan Firming Lotion,COOLA,46.0
9203609214,5,1.0,0.6666669845581055,9,3,6,2023-01-25,"I’ve repurchased these razors a few times. Even at $12 they’re still fairly cheap and get the job done. If kept well, you can reuse the razer a few times before the blade becomes dull. The razor can be cleaned w/toner, rubbing alcohol, witch hazel, etc.",Good Deal..Still,,brown,normal,black,P482312,Facial Razor Set,SEPHORA COLLECTION,12.0
9313785505,5,1.0,1.0,1,0,1,2022-02-14,"I use this toner with my other Ranavat products.  First of all it smells amazing and clean. I love the mist as part of morning routine,  the jasmine smells heavenly.  I have combination skin which is very sensitive.  The toner has helped to balance my skin.",Best toner,mediumTan,brown,combination,black,P481401,Hydrating Jasmine Mist - Royal Refresh,RANAVAT,45.0
1058686224,5,1.0,1.0,1,0,1,2022-09-10,"This is the best cleanser I’ve ever used! I have excessively oily skin, and therefore I build up blackheads quickly and get clogged pores. They’ve been a difficult chore to manage for decades. This cleanser not only worked instantly, but after a month of use, it has continued to keep my pores clear and free! Most amazingly, IT HAS CLEARED UP MY ROSACEA!! I’m in absolute heaven right now with how amazing my skin looks—so clean, clear, fresh, and supple! I’ve tried scores of cleansers over the years, and they all left me disappointed. Now, I can’t imagine ever switching to another cleanser. It’s not possible that there’s a better one to be found.",Dissolves Blackheads and Clears Up Rosacea!!!,light,blue,oily,brown,P448710,pores no more Pore Purifying Cleanser,Dr. Brandt Skincare,38.0
1148829653,5,1.0,0.0,2,2,0,2021-07-28,"No wonder this cream is a BEST SELLER!! It works!! It’s clinically proven to see visible results!! Being a 36yrs old momma (got 2 adorable boys) I got plenty of fines lines and stretch marks I want to improve :D I use this moisturizer during both of my morning and nighttime skincare routines, and I definitely see results!! I like to apply it over my favorite serum (on face) and gently massage the cream in. For my stomach area I just take a small amount of moisturizer and gently massage the area for a few mins. My stretch marks (around my belly) have lightened and my fine lines are also way less obvious than before!! This moisturizer is great for all skin types and feels very lightweight on..oh and it keeps your skin well hydrated! Furthermore, it’s free of parabens! I love it!!",It works!!,mediumTan,brown,combination,black,P474121,SD Advanced  PLUS Intensive Moisturizer For Wrinkles & Stretch Marks,StriVectin,82.0
10977280588,5,1.0,0.5,2,1,1,2022-04-10,Looove it!!! The size is perfect and the rounded edges are great for massaging different spots.. (i only use it in my face),Me time,light,brown,oily,brown,P477714,Black Obsidian Face and Body Gua Sha,SEPHORA COLLECTION,14.0
5630980715,5,1.0,0.75,8,2,6,2019-07-23,Love the warming part of it. This is great for combination skin as it exfoliates and moisturizes at the same time. I was using the origins exfoliation and it would leave my skin dry and tight. This face wash leaves my skin soft and supple. It is expensive but you don’t need that much to wash your face and compared to others that are equal in quality this is a great price.,Great for combo skin,mediumTan,brown,combination,black,P433461,Rose Sugar Scrub,Lancôme,34.0
2774415681,5,1.0,0.8666669726371765,15,2,13,2020-04-25,Gives that high school gloss vibes from the 90’s. I love the texture and the fact it has crystals. I am all about crystals...their properties and benefits and the use of a smooth gloss. You cant go wrong.,Spiritual healing for lips!,mediumTan,brown,combination,black,P449102,Crystal Ball Roller Gloss,INC.redible,12.0
1519412002,5,1.0,1.0,2,0,2,2018-06-06,"I received this product as a gift and it’s become one of my holy grails! Every night that I wear it, I’m greeted with compliments from random people on the street saying how glowy my skin looks- no exaggeration!! Worth every penny, I hope they never discontinue.",Holy Grail for Glow,light,brown,combination,brown,P404232,DermalQuench +Retinol Advanced Resurfacing Treatment,Kate Somerville,110.0
23953247942,5,1.0,1.0,2,0,2,2021-12-27,This is one of the best primers I’ve ever used! It makes my makeup last for a long time and still looking good by the end of the night. I’ll definitely buy again!,,lightMedium,brown,combination,black,P476733,Mineral Mattescreen Sunscreen SPF 40 PA+++,Supergoop!,38.0
1579483169,4,1.0,0.6666669845581055,3,1,2,2021-02-15,Great for those pesky pimples that just pop up out of no where!! By morning the pimple is dried out!!,,deep,brown,combination,black,P457439,Clarifying Lotion,SEPHORA COLLECTION,16.0
1319185045,5,1.0,,0,0,0,2022-09-02,"I dont like self-tanner- the smell, streaks, the transferring. IOP has none of those issues. I have the medium and it smells faintly like cucumber. I like the ingredients, and while it may not get you as dark, I can wear white and put it on this in wi",Unique and good!,lightMedium,blue,dry,brown,P459140,Self-Tanning Water Refill,Isle of Paradise,24.0
2559975776,4,1.0,0.875,24,3,21,2021-05-25,"Good product for lightening freckles caused by the sun (i.e. sun spots). I find it effective to pair this product with a sunscreen afterwards and I after using it every day for a month, the sunspots on my face has gently lighten up. Don’t expect a miracle but this Vitamin C serum is tolerated well by sensitive skin. I have it 4 stars because the price point is expensive, but it is a good product overall.",,lightMedium,brown,combination,black,P469200,The Good C Vitamin C Serum,Dr. Barbara Sturm,145.0
7809427828,5,1.0,,0,0,0,2023-03-07,"I was so scared this cleanser would break me out because it is a conditioning face wash and I have oily skin, but I have not broken out since I began using it. I’ve continued using my normal cleanser at night to combat acne, but it makes my face feel very dry, so using this cleanser in the morning helps bring moisture back into my face. After using this for a week, my face has felt very soft and looks way brighter. I would highly recommend trying this face wash no matter what your skin type is!",Love it! My skin feels so soft!,,brown,combination,,P504524,Milky Jelly Gentle Gel Face Cleanser,Glossier,19.0
5306806762,1,0.0,0.8333330154418945,12,2,10,2021-10-09,I had high hopes for this but it was a huge disappointment.  The silicone texture never really dries down so applying anything over it or applying a second coat later in the day makes it smear right off your face.  I can’t comment on the efficacy of the SPF since I only wore it for a couple days before giving up.  I returned it.,Silicone mess,light,brown,normal,brown,P476733,Mineral Mattescreen Sunscreen SPF 40 PA+++,Supergoop!,38.0
33332290979,4,1.0,0.0,1,1,0,2023-03-01,"This is a nice lightweight retinoid, I use these types of products at night. I will need to try this over a period of time to see if I develop any irritation to the product, but so far, so good. I usually like hourglass skincare, it just seems expensive.",,,,,,P504637,Equilibrium Resurfacing Retinoid Treatment,Hourglass,110.0
8448387891,5,1.0,0.8333330154418945,6,1,5,2022-04-24,"Fantastic set. Really nice way to try out a skincare routine before committing $$$ to full sizes. Most in love with the eye cream - it really does help fine lines fill out. The lactic acid treatment is great, but a tad aggressive for my sensitive skin. The package rec is 1-2x weekly, I’m down to about once every ten days, but it has made a difference in my forehead lines.",,fairLight,blue,combination,blonde,P480278,Rapid Radiance Set,Biossance,35.0
906825888,5,1.0,1.0,15,0,15,2019-12-16,"I love everything about this cream.  I use it just at night, and my skin is fabulous.  I am using it on my lips, and I finally feel like something is helping them!  So dried out from winter-this is the only thing working for me.   Expensive, but worth it.  You use just a little bit.  And I love the little scoop too.",Amazing and smooth,fair,green,dry,red,P375354,Capture Totale Intensive Night Restorative Crème,Dior,175.0
22318560988,5,1.0,1.0,25,0,25,2020-04-19,"I have extremely dry skin. Tatcha is the only brand I have used that can make my face go from dry and rough to soft and silky. I love these masks!! I couldn’t live without my weekly tatcha mask. If you have dry skin and nothing else has worked, then I promise these will.","Yes, it’s expensive, but girl....IT WORKS!!!",lightMedium,blue,dry,blonde,P399622,Luminous Deep Hydration Lifting Mask,Tatcha,95.0
2291303153,5,1.0,1.0,3,0,3,2023-01-15,"I love these, I would just slap them on while I was doing my hair. Then it would just be refreshing to put my makeup on since it was hydrated.",,,,,,P481712,Party Recharge Cryo Me Crazy Under-eye Masks,INC.redible,20.0
8222928345,4,1.0,0.7142860293388367,7,2,5,2020-08-15,"LOVE this hydrating mist. feels so good on the skin. i think people are unsure as to how to use mists and think it will replace a serum or moisturizer. mists are primarily water and are intended to act as carries for your serums/creams. you still need to moisturize after spraying this on. i appreciate the ingredients and gentle rose scent! only complaint with this product is the sprayer, it kinda shoots directly at your face and not in a halo, if that makes sense.",looooove,medium,brown,combination,brown,P452004,Rose Hibiscus Hydrating Mist,Herbivore,36.0
23394500614,5,1.0,1.0,3,0,3,2020-05-19,Love! I saw a difference in my under eye area the day after I used the first set. the will definitely continue to purchase these.,Great,lightMedium,blue,combination,blonde,P437960,Baggage Claim Rose Gold Eye Masks,Wander Beauty,26.0
2175810525,3,1.0,1.0,12,0,12,2021-04-19,I have been using this for about two months now and can say I like the results but definitely do not LOVE the results. Especially for the price. Personally I saw more noticeable results (in terms of evening skin tone) from Summer Fridays CC Me. This serum has a really nice texture and absorbs so nicely but there are options out there just as nice if not better. Also there is definitely a weird smell to it which I’ve noticed with this and Dr. Barbara Sturm’s toner as well idk what that’s about.,,lightMedium,brown,oily,brown,P469200,The Good C Vitamin C Serum,Dr. Barbara Sturm,145.0
6269096216,1,0.0,0.892857015132904,28,3,25,2020-05-09,"I have been looking for a good lightweight oil for my morning routine and I purchased this one based off the good reviews but honestly it was a fail for me. The oil kind of just sits on my face, it doesn’t seep into my skin. Hours later, it’ll still be super oily and doesn’t feel moisturized. But the worst part of this oil is the smell. It is AWFUL. Smells like straight up food. (and not in a good way) I was highly disappointed. I’m sure it works great for some people but for me it was a definite no.",,light,brown,combination,brown,P447597,100% Organic Virgin Chia Seed Oil,The Ordinary,8.5
6991380558,5,1.0,1.0,2,0,2,2020-01-03,I actually really like this spray despite other reviews. It does smell just like coconut water and I know that’s not a smell pleasing to everyone. I think it makes my makeup look nice as well.,,light,hazel,combination,blonde,P452004,Rose Hibiscus Hydrating Mist,Herbivore,36.0
2854855201,2,0.0,0.8333330154418945,6,1,5,2022-09-29,"I was very surprised by the positive reviews for this item. I would NOT consider this to be an “everyday moisturizer“. This SPF is much too thick in my opinion to be marketed as an everyday moisturizer - I would wear this at the beach or exercising outside but it is thick, heavy, tough to rub in. I really do not love it and will not repurchase.",Will not buy again,light,brown,dry,brown,P500106,Everyday Mineral Moisturizer SPF 30 Sunscreen,Community Sixty-Six,30.0
23593047718,5,1.0,0.9230769872665404,13,1,12,2021-05-16,"This is the first first review I’ve ever written and I just wanna say WOW! I really had low expectations for this product (I just thought it looked cool lol)  but I’m amazed! It’s seriously the most nonstickiest lip gloss I’ve tried, it moisturizes your lips very well when it starts to wear off and it is seriously glossy!! Your lips look like glass and waaay juicier!! I would buy another one tbh!!",Quite impressed!,light,brown,combination,brown,P449102,Crystal Ball Roller Gloss,INC.redible,12.0
2075993379,5,1.0,1.0,5,0,5,2021-05-23,"Same wonderful clay cleanser from Ren, but in earth friendly packaging! When Sephora stopped carrying the original, I continued to order this directly from Ren because I have battled cystic acne for around 20 years (and this is the only product that seems to help stop my cysts from forming — even when I haven’t been eating a healthy diet). I use it ask a mask before my night time skincare routine, and as a spot treatment (over night) for stubborn areas (T zone). A little goes a long way, it doesn’t foam, and it’s gentle. I highly recommend giving it a try!",,fair,hazel,dry,blonde,P470049,Clearcalm Clarifying Clay Cleanser,REN Clean Skincare,38.0
6676376730,5,1.0,1.0,3,0,3,2020-07-18,Works great for an under eye picker upper. Definitely made my under eyes appear less tired.,,tan,brown,oily,black,P437960,Baggage Claim Rose Gold Eye Masks,Wander Beauty,26.0
6642547593,5,1.0,,0,0,0,2022-04-10,I absolutely love it! Been using it for 3 weeks and can already see the difference in my face.,BUY IT!!,medium,brown,normal,brown,P477714,Black Obsidian Face and Body Gua Sha,SEPHORA COLLECTION,14.0
6693609632,5,1.0,,0,0,0,2019-02-12,I love this spray. I leave it in the frigde and use is as a hydrating wake up call for my skin in the morning. the scent is relaxing and welcoming and the aloe is truly soothing. After a morning face wash and maybe mask I suggest giving it a try.,Spa day every day,tan,brown,combination,black,P440483,"Facial Spray with Aloe, Cucumber and Green Tea",Mario Badescu,7.0
30011957039,4,1.0,0.6666669845581055,6,2,4,2022-01-16,"I typically use this as a toner in my routine, and it hydrates nicely, has a light scent, and lasts a reasonably long time. However, it is expensive (in my opinion), and nothing about it is outstanding enough to warrant the price point. It’s nice, but it’s not that nice.",Lovely But Overpriced,fair,hazel,combination,brown,P452004,Rose Hibiscus Hydrating Mist,Herbivore,36.0
11537683922,5,1.0,0.6666669845581055,3,1,2,2023-01-28,This face oil gave my skin a beautiful glow and hydrated it as well. It’s super light and perfect for sensitive skin. Highly recommend if you have dry or dull skin. I received many compliments the next day!,Great,,brown,combination,,P504026,Mini Algae + Moringa Universal Face Oil,MARA,40.0
904787348,5,1.0,0.9166669845581056,24,2,22,2018-09-08,Wow- my skin feels like satin after I use this. I use it 4 times a week with no irritation and my skin can be reactive to exfoliation. I alternate using it on dry skin for maximum results and using it on damp skin for a gentle treatment. It’s pricey of course but you get a lot of product. Some things are worth the splurge and for me this is one of those things. Worth it to have soft skin without irritation,,lightMedium,blue,normal,blonde,P431416,The Replenishing Oil Exfoliator,La Mer,135.0
1361601891,5,1.0,,0,0,0,2021-07-22,"I’ve been using this product for a few weeks and I use exactly as the directions: twice a day. I have been concentrating on my forehead where I have wrinkles from expression and between my eyebrows where fine lines are very apparent. I seriously didn’t think this would work, specially on my forehead where I’ve tried many skincare to help with the wrinkles. I’m 34 and they show a lot because I’m very expressive. I’ve been noticing these lines are way smoother and less noticeable. The results are just incredible and my skin looks so good! I hope to keep seeing improvement as the days go on and I plan to keep using this product for life!",,light,hazel,normal,blonde,P474121,SD Advanced  PLUS Intensive Moisturizer For Wrinkles & Stretch Marks,StriVectin,82.0
5385018495,5,1.0,,0,0,0,2022-12-23,"This product is amazing! I always can use a good oil in the winter when my skin is super dry. I appreciate that this doesn’t make me feel overly greasy, just super hydrated and moisturized. I recommend this product!",,light,brown,combination,,P504026,Mini Algae + Moringa Universal Face Oil,MARA,40.0
2786604615,5,1.0,,0,0,0,2022-12-20,I’ve been using retinols for a while but never in the form of an oil and I’m liking it a lot since retinols usually make my skin super dry and I have to reapply moisturizer a lot after using them.  This oil makes my skin feel hydrated and calm and nourished and I’m loving it!,,,blue,normal,blonde,P504016,Mini Evening Primrose + Green Tea Algae Retinol Face Oil,MARA,66.0
8471042813,3,1.0,,0,0,0,2023-03-03,I think the cleanser does feel nice on the skin and does a good job. It does have a tad bit of fragrance but it’s not super powerful.,,light,blue,oily,auburn,P504524,Milky Jelly Gentle Gel Face Cleanser,Glossier,19.0
1392032356,5,1.0,0.9436619877815248,71,4,67,2021-01-10,"Bought this for $17 at TJMaxx, just in case anyone loves this product and wants to find cheaper alternatives",,light,hazel,dry,brown,P449164,ELEVATE Firming & Lifting Neck Cream,Algenist,84.0
30567467746,5,1.0,0.5,2,1,1,2022-03-31,"Me fascina este producto, es matte y muy buena textura. Lo recomiendo!",,lightMedium,brown,combination,brown,P476733,Mineral Mattescreen Sunscreen SPF 40 PA+++,Supergoop!,38.0
20226693676,5,1.0,0.8918920159339905,37,4,33,2021-02-10,"I got all three and they’re amazing omg. I was scrolling through the company’s Instagram and the adventurine one is green tea scented, amethyst is jasmine scented, and rose quartz is rose scented. Adventurine smelled more citrusy but they all smelled amazing !! Each tube is about 3 inches. The other reviews mentioned it was a bit hard for the products to get out but personally I didn’t have any problems. They’re super glossy and moisturizing. I highly recommend this to everyone. It became my favorite clear gloss once all three run out I’ll definitely get more. Hopefully they become a permanent part of their line and don’t sell out !",LOVEEEE,lightMedium,brown,combination,brown,P449102,Crystal Ball Roller Gloss,INC.redible,12.0
8844637624,5,1.0,1.0,1,0,1,2022-03-07,It cleans my face pretty well and makes my pores look smaller. The redness on my cheeks is also less visible!,It Works!,lightMedium,,oily,,P448710,pores no more Pore Purifying Cleanser,Dr. Brandt Skincare,38.0
9069773032,5,1.0,,0,0,0,2023-01-05,"Face oil with powerful ingredients from the sea instantly absorb into the skin, providing nourishment and long lasting moisture. Only a few drops of this oil provides hydration and a beautiful glow. The scent is so clean and fresh. This face oil really traps in the moisture, leaves my skin feeling soft, smooth and hydrated.",,light,brown,combination,blonde,P504016,Mini Evening Primrose + Green Tea Algae Retinol Face Oil,MARA,66.0
1650802915,5,1.0,1.0,6,0,6,2019-11-13,I absolutely love this cleanser!!  It leaves my face feeling so soft.  I have oily to normal skin but I also have a few different skin conditions which do not get aggravated by this cleanser.  It will definitely be a staple in my bathroom!,Love it!,fair,green,normal,brown,P448562,Barrier+ Foaming Clay Cleanser,Skinfix,32.0
5640770331,4,1.0,0.75,4,1,3,2022-04-02,My absolute favorite moisturizer! It’s the only one that doesn’t make me break out and it completely absorbs into my skin,absolutely amazing,fairLight,hazel,combination,blonde,P459116,Mini Cream Skin Toner & Moisturizer,LANEIGE,15.0
6908665176,5,1.0,0.699999988079071,10,3,7,2019-08-29,Made me so glowy and fresh in the morning. My face looked so well rested and plump,great results!,fair,brown,combination,blonde,P446908,Advanced Night Repair Treatment Intense Reset Concentrate,Estée Lauder,92.0
6990728095,1,0.0,1.0,2,0,2,2023-02-05,I have tried the cold plunge mask and this and disliked both. This smells very artificial and is very harsh I ended up using on my feet would not recommend for face,Very harsh and chemical fragrance,fairLight,brown,combination,blonde,P471566,Mini Lemonade Smoothing Scrub,OLEHENRIKSEN,18.0
7587494397,4,1.0,0.7142860293388367,7,2,5,2019-10-14,Great hydration for dry skin. I use it at night as part of my skin care.,,light,brown,dry,auburn,P447597,100% Organic Virgin Chia Seed Oil,The Ordinary,8.5
10960485066,4,1.0,1.0,1,0,1,2023-03-12,"I love this! It’s so calm, so good for dry skin, not harsh at all. Def a favorite",I would get it,mediumTan,brown,dry,black,P504524,Milky Jelly Gentle Gel Face Cleanser,Glossier,19.0
6459822644,1,0.0,0.8666669726371765,195,26,169,2020-05-15,Save your money. I can’t believe the size for the amount of money it costs. Did not help nothing and I recommend you take your money elsewhere there are much better dark spot serums out there!,save your money sis,tan,,combination,black,P453822,Dark Spots No More Triple Acid Spot Minimizing Concentrate,Dr. Brandt Skincare,71.0
12896895331,5,1.0,,0,0,0,2019-05-08,Sooo hydrating. Great if you have acne or sensitive skin.,,deep,brown,combination,black,P440483,"Facial Spray with Aloe, Cucumber and Green Tea",Mario Badescu,7.0
10847007099,5,1.0,1.0,1,0,1,2021-07-25,I really like StriVectin SD Advanced PLUS moisturizer. It is used for stretch marks and wrinkles. I have only used it on forehead wrinkles on my face. It does make my forehead appear more hydrated and more smooth. I think my wrinkles look less noticeable. I have not used it on stretch marks yet. I would recommend this product.,,light,brown,combination,black,P474121,SD Advanced  PLUS Intensive Moisturizer For Wrinkles & Stretch Marks,StriVectin,82.0
10811752967,5,1.0,0.8181819915771484,11,2,9,2022-08-11,I’ve tried other facial razors n they have been cheap or get tarnished quickly. I have been using the Sephora razors going on 4 years and they are a hidden gem get rid of my peace fuzz like no other.,Sephora hidden gem,light,brown,combination,brown,P482312,Facial Razor Set,SEPHORA COLLECTION,12.0
12837998634,5,1.0,0.25,4,3,1,2022-04-03,"I love these eye masks, my skin feels so good afterwards and I feel like a queen with some gold and rose gold under my eyes. What a treat! I’ve just repurchased one rose gold and one gold set. Will continue to repurchase. A must have for your self-care kit!",Feel like a queen!,fair,brown,normal,brown,P437960,Baggage Claim Rose Gold Eye Masks,Wander Beauty,26.0
10266896219,1,0.0,0.2127660065889358,47,37,10,2019-09-16,Leaves hair looking too oily and looks unwashed.  My hair is dry,,mediumTan,hazel,combination,brown,P447597,100% Organic Virgin Chia Seed Oil,The Ordinary,8.5
5424914925,2,0.0,0.75,4,1,3,2021-11-11,"Bought from Sephora, I’m over 40. I find the packaging is terrible, hard plastic! Can’t get product out….This gel is cooling and doesn’t cause milia. ( No Scent) This is light but doesn’t absorb. - need to let dry completely- I used one full tube. Unfortunately for my wrinkled crepey eyes this made zero improvements. Possibly more beneficial for peoples under 40..",I’m over 40..,fair,hazel,dry,blonde,P429676,Hydra Life Cooling Hydration Sorbet Eye Gel,Dior,60.0
5260218173,5,1.0,,0,0,0,2022-12-22,"I read about Mara Universal Face Oil, and I knew that I had to have it! My ultimate goal at 41 is to stop wearing foundation.  My skin is sensitive and I have fine lines around my eyes that this oil is pampering without any irritations! The ingredients which include Kalahari Watermelon,  Plankton, Moringa and Algae really are intriguing and let your skin GLOW like no other! There are so many ways to incorporate this product into your routine such as using it to highlight, mix in with your foundation or using it alone for an amazing skin plump and hydration. The packaging is so luxe, and it really feels Spa-Worthy! I will be repurchasing when I run out!",GLOW-WORTHY!,light,blue,combination,blonde,P504026,Mini Algae + Moringa Universal Face Oil,MARA,40.0
6660669270,4,1.0,1.0,1,0,1,2022-11-24,This product is awesome! It was so nice to test this out! I have been having issues with my acne recently and this definitely helped a lot! I loved that it made my skin clear up and that it was super easy to use with the steps!,Great product!,medium,brown,combination,,P483701,Daily Essentials Travel Set,The Outset,50.0
21953025170,5,1.0,1.0,2,0,2,2020-08-17,"I have noticed since using this product, the puffiness under my eye is gone and the dark circles are getting lighter. Definitely purchasing again and would highly recommend.",GREAT PURCHASE!!,mediumTan,brown,dry,brown,P437960,Baggage Claim Rose Gold Eye Masks,Wander Beauty,26.0
8586285574,5,1.0,,0,0,0,2023-03-16,This serum is super effective for my fine lines and imperfections. I used it for about two weeks now and noticed a big difference in how my skin look and feel. The lines around my laugh lines are much less visible.,,medium,brown,combination,,P505047,High Performance Face Serum with Vitamin C and Hyaluronic Acid,MACRENE actives,195.0
9908950793,1,0.0,,0,0,0,2020-10-09,"WARNING: This product contains squalene. Squalene is made from shark liver oil. I checked the ingredients and it doesn’t say cruelty free. If you want to save our oceans, don’t buy this product or ANY product that contains squalene. If it is plant-based squalene it is okay. But if they do not specify it, it is most likely from sharks. Extracting squalene from sharks is very violent and even illegal in some countries and states. If you buy products that contain squalene, you are contributing to the shark fin trade and shark cruelty. There are 100 million sharks killed each year, and if we keep using products like this, there won’t be many sharks left to kill. Furthermore, do you want to rub shark liver oil on your face??? I sure don’t. Please be mindful in the products you buy. You can do research to see what products are safe. Thank you!!",WARNING: THIS CONTAINS SQUALENE,light,blue,combination,brown,P457520,FIRMx Collagen Moisturizer,Peter Thomas Roth,88.0
11113791094,5,1.0,0.5,2,1,1,2022-04-30,"Works so well under makeup and doesn’t make my eyes sting, obviously for the price this is like my occasion makeup base go to, literally FLAWLESS but if u are more fair toned it does leave a bit of a tint so I can see why people who don’t wear makeup don’t like this but the mattifying effect is not drying but if u have dry skin this may not be the best",REBUY ❤️❤️❤️,lightMedium,hazel,normal,brown,P469524,RESIST Super-Light Daily Wrinkle Defense SPF 30,Paula's Choice,37.0
1677536763,5,1.0,0.6000000238418579,5,2,3,2021-05-13,Works perfectly for my dry skin.  Love how it feels soft and smooth afters its use on my skin.,,lightMedium,brown,dry,black,P431416,The Replenishing Oil Exfoliator,La Mer,135.0
1482972083,5,1.0,1.0,10,0,10,2021-01-22,"My favorite mask, and I tried them all. Affordable ones and the most expensive ones. This is the best. My skin is mixed, super dry with oily patches. Mask improves the clarity, the softness and appearance of my skin. Lifts, moisturIzes. Love it and stocking up on it.",,mediumTan,green,combination,blonde,P448711,Face Mask,Dr. Barbara Sturm,125.0
26077332718,5,1.0,0.0,2,2,0,2022-03-21,I am obsessed with this brand and this set is an awesome sampling! Super hydrating and gentle on my sensitive skin. Highly recommended!,Obsessed,fair,hazel,combination,brown,P480278,Rapid Radiance Set,Biossance,35.0
29662205704,2,0.0,0.7142860293388367,14,4,10,2021-01-31,"This seems to be pretty beneficial based on the ingredients (very long list), and after just a single use there is in fact a noticeable difference. Skin feels tighter around the jaw/neck, pores look very minimized, overall complexion pretty good. HOWEVER. This product has the most awful smell, almost like a mix of peanuts, sesame and soy sauce. It’s an extremely weird experience and I cannot get past it. If you don’t mind smelling like a food for a few hours give it a go.",Smells funny,fair,blue,combination,brown,P448565,Clinique Smart Clinical MD Multi-Dimensional Age Transformer Duo Resculpt + Revolumize,CLINIQUE,74.0
1307884151,1,0.0,0.5454549789428711,11,5,6,2021-02-21,"No. For this price, get a real retinol prescription from derm or use Sunday Riley Good Genes. I am a HUGE Kate Somerville fan, but this product is an overpriced miss.",,light,brown,oily,brown,P404232,DermalQuench +Retinol Advanced Resurfacing Treatment,Kate Somerville,110.0
5561073776,2,0.0,0.6666669845581055,3,1,2,2022-07-06,"It pulls terribly. I’ve tried it over moisturizer, without moisturizer, waiting 15 minutes after skincare to put it on, and immediately after skincare. It doesn’t matter. It pills. And not just a little bit. I look like I have dry skin flakes all over my face. Not a cute look. The only reason it gets 2 stars from me is because the product itself doesn’t leave my skin feeling greasy or look oily like a lot of sunscreens do. I don’t recommend. There are way better options for a lot cheaper.",The Pilling!,light,green,oily,brown,P471064,Max Matte Shine Control Sunscreen Broad Spectrum SPF 45,Peter Thomas Roth,38.0
2638541455,2,0.0,0.2857140004634857,7,5,2,2023-02-26,"Used twice. Removed makeup, wasn’t drying, but the scent (rose water, 2nd ingredient, not an artificial fragrance) is overwhelming and not subtle at all.",Overwhelming Scent,light,brown,dry,,P504524,Milky Jelly Gentle Gel Face Cleanser,Glossier,19.0
2390102070,5,1.0,1.0,25,0,25,2019-01-02,"I LOVE this spray it’s a must have, especially winter time!!! So gentle and smells amazing and makes me feel so refreshed. It’s my holy grail winter time and on the beach. So excited Sephora has it now!!!",must have !!!,light,brown,combination,black,P440483,"Facial Spray with Aloe, Cucumber and Green Tea",Mario Badescu,7.0
5885552001,5,,0.875,16,2,14,2017-03-25,"I don’t usually write reviews but I had to for this product. I was very skeptical of this mask because I’ve never heard of this brand. The price also threw me off because it’s a bit much for a mask if you’re asking me. I always do research and read reviews before I buy any face product. Everything seemed okay to me and I decided to try out this mask. Since its winter my face is extremely dry on my cheeks and forehead, but oily on my t zone. I have been using different masks and face creams/serums to make my face less dry but nothing seemed to work to well. Upon opening this mask, I cleaned my face and made sure I had no makeup/cream on it. As I opened the packet of this face mask a lot of the liquid inside came out like water which was weird because I never had a face mask where there was a lot of liquid inside. I applied the mask onto my face, it was very easy to apply it. Since there was so much liquid I took the opportunity to use it on my neck and hands. It says to leave on for 15 minutes but I decide to use it for 25 minutes. I wanted my face to take in all the liquid that was from this mask. It says the mask provides a cooling effect and it does slightly. Upon taking it off I noticed my face felt smooth and not sticky from the mask. Some masks leave my face feeling sticky and I usually wash my face but I didn’t need to with this mask. My face felt somewhat firm and very hydrated. It has been a little over 2 days and my face isn’t dry around my forehead and cheeks like is usually is which is amazing. I believe this mask really does hydrate your skin if its dehydrated like mine was. I would purchase this again but not anytime soon since it’s a bit too pricy for me for just one mask. If they come out with a pack of 2 for $25 that would be decent. But overall I do believe it helps your skin and would defiantly recommend trying it out.",Must give it a try,,,,,P399622,Luminous Deep Hydration Lifting Mask,Tatcha,95.0
23054424729,3,0.0,1.0,3,0,3,2021-01-07,"As a product it’s cute! As a lip gloss is OK. I find it to be a little drying--I had bought a few and intended to give them away for the holidays, but I tried one out for myself and wasn’t terribly impressed.",cute but not great,lightMedium,brown,combination,brown,P449102,Crystal Ball Roller Gloss,INC.redible,12.0
5599629942,5,1.0,1.0,6,0,6,2022-04-28,I love this!! It smells amazing and is the face mist I use at night to wind down from a long day. I’ve used it for a month now and I don’t see any difference but the calming element of jasmine and the cooling mist makes a long day feel like it wasn’t too bad. Highly recommend!,calming and fragrant,fair,,combination,,P481401,Hydrating Jasmine Mist - Royal Refresh,RANAVAT,45.0
12442827225,5,1.0,,0,0,0,2022-12-21,"Mara products have been revolutionary for my skin and this face oil has become the foundation of my skincare routine. For years now I’ve used it twice a day and my skin is consistently clear, hydrated, and the tone has evened out. I recommend it for every skin type - dry, greasy, combo — you won’t be disappointed!",Revolutionary,light,brown,dry,,P504026,Mini Algae + Moringa Universal Face Oil,MARA,40.0
2839728526,1,0.0,,0,0,0,2022-01-25,"Broken up my skin SO BADLY, don’t waste a penny for this.",,fair,brown,dry,brown,P440483,"Facial Spray with Aloe, Cucumber and Green Tea",Mario Badescu,7.0
23516685246,5,1.0,,0,0,0,2022-12-20,"The oil feels great, one pump goes a long way.I use it as the last step of my routine, so I apply it after the moisturizer. I don’t know what it is about these ingredients, my skin feels so nourished and glowy after this. I love it as a pre-makeup base also. It works best both ways.",Worth the money!,,,,,P504026,Mini Algae + Moringa Universal Face Oil,MARA,40.0
2055014669,5,1.0,,0,0,0,2023-03-13,I received this serum complimentary from Macrene Actives. I have some fine lines and put this around my eyes and my jawline after cleansing. My skin feels like it may be a little more firm but I will have to use it longer to see more of a difference. I love the ingredients! Many are plant derived and good quality ingredients (some are organic and third-party eco-certified).,,light,brown,combination,black,P505047,High Performance Face Serum with Vitamin C and Hyaluronic Acid,MACRENE actives,195.0
1342413184,5,1.0,0.9200000166893004,25,2,23,2018-10-03,"This serum is absolutely amazing, I use this during the day and the Glow Booster also from Dior at night. My skin feels so plump and smooth after using, I’ve even stopped using primers before my makeup application because my skin feels so supple and plumped up. I stopped using for a few days so I could try out another product and noticed a difference in my skin, so this will be a part of my everyday routine for a long time to come. Absolutely worth it!",,light,blue,normal,blonde,P427732,Capture Youth Plump Filler Age-Delay Plumping Serum,Dior,110.0
22563118866,5,1.0,,0,0,0,2019-02-25,"This spray is really good! I actually like it more than the rose one just for the smell. They do about the same thing, for this one sets my makeup too! I spray this one on my face more than the rose because this one is better for acne prone/oily skin.",Good for Oily/Combo Skin,medium,brown,combination,black,P440483,"Facial Spray with Aloe, Cucumber and Green Tea",Mario Badescu,7.0
7592175655,5,1.0,,0,0,0,2022-08-05,I Was skeptical about using this product at first because I have heard micro needling can be painful. but this roller was not painful at all it glided on and off the skin amazing. Left the skin feeling soft and glowy afterwards.,Love this product!,light,brown,combination,brown,P501024,Hydrating Active Roller with Hyaluronic Acid,FaceGym,70.0
28570006890,2,0.0,1.0,6,0,6,2023-02-26,"There are many five star reviews all seemingly from those that are incentivized. I like the product but I have buyers remorse. The cheaper corded device without the so call blackhead cap would work just as well. The cap seems useless.Yes, my skin feels soft after use but it feels exactly the same after using the much less expensive Silk’n Revit Micro Derm device that retails for $100.00. The fact that PMD needs discs and filters changed frequently and they are more expensive than the Silk’n filters is also a drawback. PMD has flooded social media by giving mass quantities of the devices away for excellent reviews. This makes it seem like it’s the Be All and End All of clear, smooth skin. I’m guilty of drinking the Kool-Aid too. I’m keeping it because I don’t want it to end up in the landfill.",HIGHLY OVERRATED for the high price tag.,fair,blue,combination,,P467969,Personal Microderm Elite Pro,PMD,299.0
40538216140,5,1.0,0.6666669845581055,3,1,2,2022-09-16,Love this product!! Very light to the skin. I have fair skin and the darker shade in the sunscreen still matches to my complexion. I have used mostly all of supergoops’ sunscreen and this is my favorite!,A must-have,fair,green,oily,brown,P476733,Mineral Mattescreen Sunscreen SPF 40 PA+++,Supergoop!,38.0
23544092406,5,1.0,1.0,5,0,5,2021-04-12,Definitely quite matte. Controlled my oils/shine throughout the day. Didn’t leave a white cast. Does exactly what it says. Little pricey for a sunscreen but it works!,,fairLight,blue,combination,brown,P471064,Max Matte Shine Control Sunscreen Broad Spectrum SPF 45,Peter Thomas Roth,38.0
6653283539,4,1.0,,0,0,0,2021-07-07,"I like to use a couple of different cleaners, a balm cleanser to  in the evening to nourish and replenish my skin and a simple  cleanser in the shower for the morning. This was great for the latter as a no frills basic.This is a great basic cleanser that does not strip the skin, the texture is silky and the bottle is great for the shower.  My only call out was the lid, the tip that stops the fluid from leaking broke inside the hole on my 1st use which meant I had to prop it up so that it wouldn’t leak.",Great Gentle Simple Cleaners,medium,blue,dry,blonde,P454315,Milk Cleanse Gentle Foaming Cleanser,Moon Juice,32.0
21168766810,5,1.0,1.0,21,0,21,2019-01-04,I really like this spray because it feels great in the morning!,So refreshing!,fair,hazel,dry,brown,P440483,"Facial Spray with Aloe, Cucumber and Green Tea",Mario Badescu,7.0
9852698846,5,1.0,1.0,2,0,2,2022-01-29,LOVE IT!! Clear my face in a week. I have oily skin and i had spot that would not clear and i used this product 3 times/week. It clear it and made my skin glow,"DONT WALKY, RUN",lightMedium,brown,oily,black,P467112,Daily Microfoliant Exfoliator Refill Pack,Dermalogica,56.0
2362511988,5,1.0,,0,0,0,2023-02-04,"I’ve had breakouts, hyperpigmentation, and incredibly dry skin over the past few months. I’ve been using this for a week and my skin has calmed way down. I would give 10 stars if I could.",Great for sensitive dry skin,deep,brown,combination,black,P470049,Clearcalm Clarifying Clay Cleanser,REN Clean Skincare,38.0
1130090097,1,,0.6000000238418579,5,2,3,2016-10-18,I found the product hard to apply and did not see any results,,,,combination,,P404232,DermalQuench +Retinol Advanced Resurfacing Treatment,Kate Somerville,110.0
23997898893,4,1.0,,0,0,0,2019-09-22,"I really like this mask. Afterward, my skin felt really soft and refreshed. But, I didn’t like that I had to scrub my face that hard to get it off.",Pretty good product,medium,hazel,combination,brown,P446820,Grapefruit Peeling Mask - Skin Perfection,SEPHORA COLLECTION,8.0
25817168577,5,1.0,1.0,1,0,1,2022-08-22,Love this set ! Great to try all these products & test them out . Also great for travel all the right sizes to pack . Thanks,Great travel set . It has everything you need !,lightMedium,green,combination,blonde,P480278,Rapid Radiance Set,Biossance,35.0
7981508120,3,0.0,0.857142984867096,7,1,6,2022-11-13,"I was so hopeful this could replace my beloved Olehenriksen walnut scrub that was discontinued but this just isn’t it. It’s a nice scrub, don’t regret buying it but likely won’t repurchase. Scent of lemon is very light",Not a walnut scrub replacement,light,blue,normal,blonde,P471566,Mini Lemonade Smoothing Scrub,OLEHENRIKSEN,18.0
11601830902,5,1.0,1.0,2,0,2,2021-08-30,"I will continue to rebuy this stuff. It creates a streak free, natural looking tan that lasts for a few days. Love it.",best self tanner out there,light,green,combination,brown,P459140,Self-Tanning Water Refill,Isle of Paradise,24.0
5333966864,5,1.0,,0,0,0,2022-11-21,"If you’re wanting to try the products out without committing to full size, this set is perfect. Provides some good hydration and doesn’t leave the skin looking/feeling greasy or sticky. Even after 10 straight days of use I didn’t notice anything different, however, it worked well to help my combination oily skin. Overall I recommend.",Good “Try Me” Set,fair,brown,combination,,P483701,Daily Essentials Travel Set,The Outset,50.0
1184667471,5,1.0,0.875,8,1,7,2021-05-21,"So I have almost finished a month of this product, and I love it.  I really think my skin is starting to feel better.  I plan on to continue taking it because I like the way it’s making me feel.  I also love that I can take it first thing in the morning without having to eat something.",Take the chance! I’m glad I did.,lightMedium,green,oily,brown,P457002,SuperBeauty Daily Antioxidant SkinSupplement,Moon Juice,60.0
29082250247,4,1.0,0.5,2,1,1,2022-12-08,I’m well aware this substance doesn’t actually do anything for skincare. But I do really like using this one in the morning to wake up my face before using my ice roller. Never broken out or had any issues. Soothing to the skin,A nice mist in the morning,light,green,dry,blonde,P440483,"Facial Spray with Aloe, Cucumber and Green Tea",Mario Badescu,7.0
28237603887,5,1.0,,0,0,0,2023-02-28,Love using this treatment and I’m truly amazed by the results. This retinol treatment helps to reduce dark spots and fine line and wrinkles. I use it in the morning and the evening as part of my skincare routine. I love the lightweight texture and how effective it is!,A keeper and so effective!,light,brown,dry,,P504637,Equilibrium Resurfacing Retinoid Treatment,Hourglass,110.0
10859350012,5,1.0,,0,0,0,2022-05-03,Best sunscreen i have used. Drys down quick and can be used under primer and makeup,,lightMedium,brown,oily,black,P469524,RESIST Super-Light Daily Wrinkle Defense SPF 30,Paula's Choice,37.0
10304973710,5,1.0,1.0,4,0,4,2021-09-21,Leaves my skin feeling so clean. The dry powder does a nice job of lathering and also exfoliating but also very gentle. I use it about once a week. I have sensitive skin so my daily cleanser is a super gentle foaming wash. It leaves my skin looking bright and fresh. So good and now I’m probably going to have to splurge and try some of the other darker skin tones products.,,lightMedium,brown,combination,brown,P448546,Darker Skin Tones Enzyme Cleanser,Dr. Barbara Sturm,75.0
1172722914,5,1.0,0.959999978542328,25,1,24,2021-07-15,I love this product which targets most of the problems associated with aging skin. I cleanse my face and neck morning and night and then follow up with Firm. I have never used a product that has accomplished so much in a short time and I am a veteran of a lot of high-end skin care products. If it can do this much for my 73 year old face I can only imagine what it would have done for my younger skin had it been available long ago. It also lasted much longer than I thought it would as it doesn’t take much to absorb into you skin and feel fabulous. I’m on my second jar and I cannot imagine ever swapping for another product.,Promises kept,fair,brown,normal,brown,P457520,FIRMx Collagen Moisturizer,Peter Thomas Roth,88.0
1033118835,5,1.0,1.0,8,0,8,2022-10-21,"I know spf is of paramount importance for fighting signs of aging so I was happy to find this product. Besides a good mineral spf, it’s got loads of other ingredients that are good for the skin. I don’t normally wear foundation but I like that this is tinted because it camouflages the white cast that comes naturally with mineral sunscreen. This tint is clearly in the “cool” color family. My skin tone has warm undertones but the tint is subtle so it doesn’t look off on my skin. It’s just enough to disguise the white cast and to give a little smidge of color. I don’t think this would work for women with skin any darker than  “light” color unfortunately. The texture feels light. The finish is dewey but not greasy (I have slightly oily skin). The formula rubs in easily; I use my fingers. The coverage is sheer. There is no scent. Definitely recommend",SPF Without the White Cast,light,green,normal,gray,P469524,RESIST Super-Light Daily Wrinkle Defense SPF 30,Paula's Choice,37.0
5646005654,5,1.0,0.8799999952316284,25,3,22,2021-07-18,"Was a little hesitate for the mixed reviews on here but I bit the bullet and went ahead to try it. It is after all only 7-8 bucks so I thought if it didn’t work out for my skin (face), I could use it on the body or hair. I needed a cheaper alternative to a chia seed oil product to the Paula’s Choice Omega Serum. This oil doesn’t feel heavy at all and I can use up to 2 drops or more but I normally I only do 1-2. I use it morning and night mixed in with my Stratia moisturizer. It hydrates really well without no oily ness + heaviness. I’m going to repurchase once I use up the whole bottle in place of the Paula’s Choice one. Chia seed oil is also very good for strengthening the skin barrier so definitely look into this product or the Paula’s Choice one if you’re looking to repair and strengthen your skin barrier!",,light,brown,dry,brown,P447597,100% Organic Virgin Chia Seed Oil,The Ordinary,8.5
5850966749,3,0.0,1.0,6,0,6,2021-05-16,I have normal to combination skin and found this super drying. The tint is very subtle and nice and didn’t broke me out which is good but it’s too drying. The one with the pink bottle from PC is so much better for my skin type. Would not buy again.,Drying. Essential Glow is better,light,brown,combination,brown,P469524,RESIST Super-Light Daily Wrinkle Defense SPF 30,Paula's Choice,37.0
8519969125,1,0.0,0.5454549789428711,44,20,24,2020-05-15,"I have combination skin and I am not acne prone, so I thought I would try this brand since everyone brags about it and uses it on TikTok. I done my research on his products and they are harmful to the ocean and destroys the coral reefs and is also bad for the skin. No wonder he has law suites on him! He uses steroids in his products! Please. Avoid the brand and do your research on the ingredients and company.",Drying and irritating to the skin!,light,blue,combination,brown,P444615,Witch Hazel & Rosewater Toner,Mario Badescu,14.0
1801062404,5,,0.6000000238418579,5,2,3,2016-05-26,"I’ve tried my fair share of sheet masks, all have been pleasant but never packed much of a result to wow me the way the Tatcha one did. This mask does it all. Hydrates, tones, brightens, refines pores. I have never seen my skin look this amazing. I had to do a double take in the mirror after I took this one off. It completely smoothes the skin, hydrates, reduces redness, and refines the pores. INSTANTLY! For the price, I think its totally worth it if you have a special event or if you need some extra pampering. This sheet mask has now set the bar and others have yet to compare!",Blown away.,,,,,P399622,Luminous Deep Hydration Lifting Mask,Tatcha,95.0
5636364400,5,1.0,1.0,2,0,2,2019-11-12,This stuff seriously keeps my acne under control. It lathers up very nicely. I’ve been using it for a month and I haven’t had any breakouts since then (well only once when I ate a bag of chocolates lol) Highly recommended it!,One of the best!,medium,brown,combination,black,P448710,pores no more Pore Purifying Cleanser,Dr. Brandt Skincare,38.0
2802333062,5,1.0,,0,0,0,2023-02-22,"I’m so excited this product has come to Sephora! I discovered it a couple of years ago and have been using it religiously ever since. I have very dry sensitive skin which gets worse in the winters with patches of eczema coming out, and reacts to EVERYTHING. This is a gentle cleanser that does not further dry out my face. Also as someone who is super low maintenance, I love that it’s a makeup remover and cleanser in one! Definitely recommend!",Low maintenance dream,fair,brown,dry,,P504524,Milky Jelly Gentle Gel Face Cleanser,Glossier,19.0
5524553111,3,0.0,0.5,2,1,1,2021-06-26,It applies nicely but wow— my face is incredibly angry at the moment. I’m going to keep using it for another week (so 2 weeks total) and reassess whether it’s worth continuing. I also just don’t think it’s worth the price tag and would recommend checking out another brand.,Pricey and causes retinol uglies,fair,blue,dry,blonde,P404232,DermalQuench +Retinol Advanced Resurfacing Treatment,Kate Somerville,110.0
1947299342,4,1.0,0.75,4,1,3,2020-04-10,I received this as a sample and purchase the full size product. I have used it after traveling a few times when I wanted to give my eyes a quick refresher. It doesn’t get rid of dark circles completely but surges your eye area with moisture and hydration that does give a brighter look.,,lightMedium,hazel,normal,blonde,P437960,Baggage Claim Rose Gold Eye Masks,Wander Beauty,26.0
1671971496,5,1.0,0.2000000029802322,10,8,2,2021-03-01,"PMD Beauty gifted me their Personal Microdermabrasion Elite Pro. The device is easy to use and so convenient to do these treatments at home. The potential benefits may include increased hydration, evening of skin tone and texture, diminishing appearance of dark spots, and reducing appearance of fine lines and wrinkles. I was able to use it twice so far and have noticed my stubborn dark spots are slowly beginning to fade. Hoping with continued consistent use that my skin tone, texture, and fine lines will also see improvement. Thank you PMD!!",At-Home Convenient Microdermabrasion,lightMedium,brown,oily,black,P467969,Personal Microderm Elite Pro,PMD,299.0
1453044100,1,0.0,1.0,7,0,7,2021-11-08,"This is the most useless eye cream I’ve ever tried. If just sits on top of the skin like a glob until it pills off like crazy. I adore the cloud face cream, so I thought I’d love this, but no! I thought it would be like the face cream, but not at all. I wouldn’t even be able to use this at night as it does absolutely nothing for my skin. Absolutely any eye cream is better than this, so please stay away!",,light,green,dry,blonde,P457519,Water Drench Hyaluronic Cloud Hydrating Eye Gel,Peter Thomas Roth,43.0
6054353490,5,1.0,0.8999999761581421,20,2,18,2022-06-15,"Love this oil! Great to use at night, my skin feels so hydrated. It’s the only facial oil I feel it actually hydrates my face and helps my dry skin",,fair,brown,combination,blonde,P500238,Mini Collagen Superfusion Firming & Plumping Facial Oil,Charlotte Tilbury,30.0
9671732000,5,1.0,0.75,4,1,3,2022-05-11,My go to face cleanser for the past year or so. Love the texture and how it froths up just right. No weird smells either. I recommend!,My go to cleanser,light,blue,combination,brown,P448562,Barrier+ Foaming Clay Cleanser,Skinfix,32.0
1610081207,5,,1.0,20,0,20,2014-05-17,"I received this product as a sample when I was researching skin care treatments. The girl told me that I would be addicted and she wasn’t wrong. From the first morning I woke up, I was carefully watching and worrying about when my sample would run out, so I went the next day to purchase the full size. I’m in love. I can’t stop raving. It is very thick and heavy, so you don’t need much product at all for it to feel like you are completely covered. The smell is HEAVENLY - I love strong scents, so I feel so happy and luxurious going to sleep smelling it. It’s so very Dior. In the morning, when I wake up, I can feel that my skin is plumped and refreshed. When I wash my face in the morning, it feels plumped, healthy and smooth. I have never seen one product make such a drastic change in my skin. My makeup is flawless and my skin looks airbrushed - I combine this with Dior Hydralife moisturizer, Dior DreamSkin and Dior AirFlash and primer - I get so many compliments on my complexion and I’m thrilled! Completely worth the money - If you’re trying to decide, DO IT! I promise you will not regret it! It’s a miracle product!",In Love,,,normal,,P375354,Capture Totale Intensive Night Restorative Crème,Dior,175.0
25597390334,5,1.0,0.3333329856395721,9,6,3,2021-02-26,I was super intruiged to try this tool. As microdermabrasion costs a lot of money this do at home tool is a blessing and one time investment in my opinion. Great results. It comes with a lot of attachment for all parts of the face and for different purposes. I got this complimentary from PMD and so thankful,Great tool. It's a blessing.,light,brown,combination,black,P467969,Personal Microderm Elite Pro,PMD,299.0
1279130251,4,1.0,,0,0,0,2023-03-03,Hourglass is such a good brand. Any thing and everything I have tried I have really enjoyed and this is no different. I totally could see a difference after one use. It definitely works quick. I can not wait to see after 30 day or more!,Really good,fair,brown,combination,,P504637,Equilibrium Resurfacing Retinoid Treatment,Hourglass,110.0
1189025717,1,0.0,0.0,1,1,0,2023-03-15,"The eye cream gave me raised red spots all around my eyes after just 1 use.  Super disappointed.  The rosehip oil is very nice, the repair cream doesn’t smell all that good, would prefer fragrance free.",Eye cream reaction.,,,,,P480278,Rapid Radiance Set,Biossance,35.0
6695231681,5,1.0,1.0,2,0,2,2020-12-31,Love the light mist of this before my moisturizer. Also use it when I get out of the shower. Smells good and makes my skin feel fresh,,fair,blue,combination,blonde,P452004,Rose Hibiscus Hydrating Mist,Herbivore,36.0
27395235043,4,1.0,,0,0,0,2022-12-21,"This detox mask is a beautiful green soft clay. It doesn’t get extremely tight upon drying. It’s easy to wash off since the clay is soft.  It truly feels like a spa experience. I love the added ingredients of ashwagandha, honey, and green tea to soothe skin. My face feels soft, smooth and refreshed after washing this off.",,lightMedium,brown,oily,black,P504040,Spirulina + Ashwagandha Volcanic Sea Clay Detox Masque,MARA,54.0
5212112648,5,1.0,0.9545450210571288,22,1,21,2018-01-06,Y’all. I loved this mask. I bought it a few months ago and was waiting for the perfect occasion to use it and I chose new years. OMG it is so hydrating and leaves skin feeling so great not just the day you use it but for a couple days after! It was truly a facial in a mask and the hydration was amazing. My skin was so plump and smooth on January 1. Truly started the new year with great skin thanks to this mask. I LOVED it!,Probably My Favorite Mask,light,brown,combination,brown,P399622,Luminous Deep Hydration Lifting Mask,Tatcha,95.0
2400942247,3,0.0,0.5454549789428711,11,5,6,2021-01-21,"Despite the fact that I have very dry skin, I would not recommend this toner. As someone who uses Laneige on a daily basis with many of their products, I would highly suggest their regular toner and pairing it with their moisturizer. I found that this cream skin toner was heavy and left me feeling oily.",Left feeling oily,fairLight,green,dry,blonde,P459116,Mini Cream Skin Toner & Moisturizer,LANEIGE,15.0
5247782546,5,1.0,0.875,16,2,14,2019-11-13,"Love this. I was using the rose hip seed oil and thought i loved that, but I like this much more! I rarely wear makeup so i just like my skin looking clear, hydrated and glowing on days i dont wear makeup. So i love this. super light but feels great!",Better then the rosehip oil in my opinion!,mediumTan,brown,combination,black,P447597,100% Organic Virgin Chia Seed Oil,The Ordinary,8.5
24998050264,5,1.0,,0,0,0,2023-03-17,I love this set. It does wonders for my oily skin.,great brand,tan,brown,combination,black,P472180,Balance It All Oil Control & Pore-Refining Set,OLEHENRIKSEN,40.0
1289916938,5,1.0,0.875,8,1,7,2020-02-14,"This product has changed my skin!!! I was starting to see fine lines on my forehead and wanted to nip that in the bud before it became a problem. I know retinol is the ultimate anti-aging product out there but all of the retinols I tried ruined my skin, either breaking me out or leaving tiny red irritation bumps all over my face. That is until I got this beauty!  Zero irritation! Started out just using it once a week for my skin to adjust to it and incrementally got to the point where I now use it every night.  My skin is smooth and plump and has helped so much with the overall tone and texture of my skin that I rarely wear foundation anymore as a result. Pair this with her Liquid ExfoliKate...dream team!!!",great retinol for sensitive skin,fairLight,blue,combination,auburn,P404232,DermalQuench +Retinol Advanced Resurfacing Treatment,Kate Somerville,110.0
23421809417,5,1.0,1.0,9,0,9,2022-09-06,Not oily at all like most sunscreens  Recommend this to everyone leaves such a beautiful matte look perfect primer for makeup I have really oily skin and I skin prepped then used this and the charlotte tilbury setting spray and am never looking back best combo ever made my skin last so much longer then usual,A must have to skin and makeup routine,lightMedium,brown,oily,brown,P476733,Mineral Mattescreen Sunscreen SPF 40 PA+++,Supergoop!,38.0
27921580947,5,1.0,1.0,3,0,3,2022-01-29,A little goes a long way with this product! It does leave some sticky feeling but goes away pretty fast! I love how hydrating this is :),,fair,brown,combination,brown,P459116,Mini Cream Skin Toner & Moisturizer,LANEIGE,15.0
2801274227,2,0.0,0.3333329856395721,3,2,1,2020-03-15,It has a very strong old damped roses smell. (I can’t stand it) It’s very overwhelming when I spray it on my face I have to hold my breathe for a bit to let it settle in. It stings my face sometimes. I’m giving this a two star bc it didn’t break me out.,Smells bad and overwhelming,lightMedium,brown,combination,black,P452004,Rose Hibiscus Hydrating Mist,Herbivore,36.0
5184022820,4,1.0,1.0,6,0,6,2019-09-23,"I had to buy this product because it’s just so freakin adorable. When using it I give I have to frequently reapply because it doesn’t seem to hydrate very effectively. The taste is also mediocre, it would have been a great product if the smell/taste matched it’s cuteness.",,medium,brown,dry,brown,P449102,Crystal Ball Roller Gloss,INC.redible,12.0
35024692038,5,1.0,1.0,3,0,3,2023-02-23,"love love love!! as someone w combination+very sensitive skin, this cleanser is so incredible! it does not dry out my skin, but gets off all oil and makes my skin feel so so clean, it’s so gentle on my skin and i can use it on my eyes to get off mascara which i love! (i do recommend using a cleansing balm before hand though) it has a thick jelly consistency and has a neutral scent, and i usually favor foaming cleansers but this one is my all time favorite<3 the packaging is so cute and the pump is very nice! i use this on damp skin (though you can use it on dry) at night and follow up with a moisturizer and i love it! recommend to everyone, my number one favorite Glossier product<333",literal perfection in a bottle<3,,brown,combination,,P504524,Milky Jelly Gentle Gel Face Cleanser,Glossier,19.0
6742888229,5,1.0,1.0,1,0,1,2020-01-29,"I really enjoy this face mist! It smells great and goes on the skin light and refreshing. I think it makes a great gift, too, as the bottle is glass and beautiful.",Lovely face mist,light,green,combination,brown,P452004,Rose Hibiscus Hydrating Mist,Herbivore,36.0
10021203314,5,1.0,,0,0,0,2023-03-14,"This new resurfacing treatment gifted by Hourglass Cosmetics is lightweight, evens out my skin’s texture, and helps my skin look revived with a healthy glow.  The ingredients have helped with my hyperpigmentation and have reduced the appearance of dark spots. This is a great buy!",,fair,green,combination,blonde,P504637,Equilibrium Resurfacing Retinoid Treatment,Hourglass,110.0
23351156425,5,1.0,,0,0,0,2023-03-15,"I received complimentary from:MACRENE ACTIVES:High Performance Face Serum for Firm Skin!I love this Serum, my skin looks and feels much firmer, I have also noticed that the expression lines have decreased remarkably, now my skin looks much brighter and looks much more uniform.",,fair,brown,combination,,P505047,High Performance Face Serum with Vitamin C and Hyaluronic Acid,MACRENE actives,195.0
11377618920,1,0.0,0.8181819915771484,11,2,9,2020-03-01,"I tried a deluxe sample size of this product, and it made my skin burn almost instantly. I had significant redness for two days afterwards and now my skin if flaky as all get out.",Caused redness and dried out my skin,fairLight,green,dry,brown,P452004,Rose Hibiscus Hydrating Mist,Herbivore,36.0
9975764452,3,0.0,0.684211015701294,19,6,13,2019-10-28,Honestly the bottle and aesthetic of this product is the only thing I like about it. It smells very strong of something sharp.. not really rose orHibiscus. Doesn’t feel very moisturizing either.,Pretty but not great,fair,brown,oily,brown,P452004,Rose Hibiscus Hydrating Mist,Herbivore,36.0
24086813056,3,1.0,0.8500000238418579,20,3,17,2020-05-08,"this mask is pretty nice it burns a little bit, but doesn’t leave redness. if you have sensitive skin do not buy this !! it needs a better name because i thought it was a PEEL off mask but it isn’t.",,fair,blue,normal,blonde,P446820,Grapefruit Peeling Mask - Skin Perfection,SEPHORA COLLECTION,8.0
1382267236,5,1.0,0.6666669845581055,3,1,2,2019-06-13,I have extremely sensitive skin and this scrub didn’t irritate my skin.  I only use it once a week after cleansing my skin at the end of taking my shower so I don’t wash away the oils from the product.  I feel it isn’t necessary to moisturize after using the scrub.,,mediumTan,brown,combination,brown,P431416,The Replenishing Oil Exfoliator,La Mer,135.0
1780619690,5,1.0,0.7142860293388367,7,2,5,2019-11-26,"Addicted. I love this mask. My skin feels like a baby every time I use it. There’s a decent amount of the mask in the jar - I’ve probably used it ten times so far (a little goes a long way) and there’s quite a bit left still. So yes, it’s pricey but you get prob 17-20 applications.",Pricey but worth it,light,hazel,normal,brown,P448711,Face Mask,Dr. Barbara Sturm,125.0
1062208570,5,1.0,0.7777780294418335,45,10,35,2020-03-08,really helps reduce dark spots. i have large pores and acne scars and this is the only brand that works to reduce pores and brighten my dull skin,it works,lightMedium,brown,combination,brown,P453822,Dark Spots No More Triple Acid Spot Minimizing Concentrate,Dr. Brandt Skincare,71.0
1443241508,5,1.0,0.7727270126342773,22,5,17,2022-10-06,"It’s honestly amazing. So hydrating, makes skin feel smooth and plump. It’s expensive and I wish I didn’t love it as much as I do.",I hate that I love it so much,fairLight,blue,combination,blonde,P500248,Collagen Superfusion Firming & Plumping Facial Oil,Charlotte Tilbury,85.0
37503752438,5,1.0,0.800000011920929,5,1,4,2022-05-27,"I have to start saying that I have tried different good cleansers but this one has become my favorite, it has an amazing texture and softness. It just feels Heavenly and I even want to bath my entire body with it!!",Best cleanser ever! Must buy,medium,brown,combination,brown,P480346,SuperFruit Gentle Brightening Cleanser,ROSE Ingleton MD,38.0
5441955044,5,1.0,1.0,4,0,4,2023-01-03,"WOW. A detox mask that actually detoxes without drying out my skin. This mask is heavenly, gets rid all of all my uneven texture and pore gunk. But still, somehow manages to leave my skin so so soft and hdyrated when I rinse it off. I absolteuly love this mask - a little goes a long way and it will last you awhile!",The most hydrating detox mask ever!,,green,dry,red,P504040,Spirulina + Ashwagandha Volcanic Sea Clay Detox Masque,MARA,54.0
2661325544,5,1.0,,0,0,0,2021-07-26,I’ve been using this product for a few weeksNow. It grabbed my attention because it says for use on stretch marks as well. I’m pregnant and trying to avoid them however I can do I’ve been using this cream and so far I’m enjoying it. I hope it continues to prevent stretch marks!,,fair,green,dry,brown,P474121,SD Advanced  PLUS Intensive Moisturizer For Wrinkles & Stretch Marks,StriVectin,82.0
22716984747,5,1.0,1.0,3,0,3,2023-02-23,Favorite cleanser - so so happy it’s available at Sephora now!! It’s perfect for removing makeup and cleansing your face and doesn’t leave it feeling stripped / dry - it’s been my fav for many ears now,,light,blue,combination,blonde,P504524,Milky Jelly Gentle Gel Face Cleanser,Glossier,19.0
6264589984,5,1.0,,0,0,0,2023-02-27,I have tried many other retinols before but this might be my new favorite as it is so gentle to the skin.  It has a creamy consistency and leaves a slight radiance. I especially like how it is fragrance free. I received this complimentary from Hourglass.,,light,brown,dry,black,P504637,Equilibrium Resurfacing Retinoid Treatment,Hourglass,110.0
6110162482,5,1.0,,0,0,0,2023-03-16,This serum is wow! It is thicker than most serums that I use but it spreads very well. A little goes a long way! It’s super hydrating and I love pairing it with the Macrene face cream. The packaging is very aesthetically pleasing too.,,tan,brown,normal,black,P505047,High Performance Face Serum with Vitamin C and Hyaluronic Acid,MACRENE actives,195.0
7509350819,5,1.0,,0,0,0,2021-06-13,"This cleanser is amazing, love the texture, and it doesn’t dry out my skin!!",,lightMedium,brown,dry,brown,P470049,Clearcalm Clarifying Clay Cleanser,REN Clean Skincare,38.0
1846302569,5,1.0,,0,0,0,2021-07-19,I have been using this SD Advanced PLUS Intensive Moisturizing Concentrate for the past week and it feels very moisturizing and firming and my skin felt much more softer on days I used this product. I highly recommend it.,,lightMedium,brown,combination,black,P474121,SD Advanced  PLUS Intensive Moisturizer For Wrinkles & Stretch Marks,StriVectin,82.0
1316949778,3,0.0,1.0,3,0,3,2021-11-09,This made my face so Mayte that my makeup started to give me cake face/ separated my makeup. This is great of someone has really intense oils. As for someone who is normal to combo steer away. This will make you feel like you have a cracked face at the end of your makeup routine. Love the texture but not a fan of the full experience. Will be returning.,,tan,brown,oily,blonde,P476733,Mineral Mattescreen Sunscreen SPF 40 PA+++,Supergoop!,38.0
5369988013,5,1.0,1.0,1,0,1,2022-11-22,"I have been using this product consistently for the past few days and I truly feel like it has helped my skin get the glow that it has! I like the consistency of the cleanser and it reminded me of a cleanser that gets used on me when I get facials. I was a huge fan of the scent (not fragrance) from the serum, but it wasn’t unbearable. And the daily moisturizer was light yet hydrating and easily absorbed.",Noticeable new glow!,,brown,combination,black,P483701,Daily Essentials Travel Set,The Outset,50.0
1039840289,5,1.0,0.8333330154418945,6,1,5,2021-12-22,Great price and lovely earthy smell. Use it on my skin after bathing and absorbs readily.,,light,brown,combination,blonde,P447597,100% Organic Virgin Chia Seed Oil,The Ordinary,8.5
2324714474,5,1.0,1.0,7,0,7,2021-11-09,"This product saved my skin!! for the people saying it doesn’t foam up, you have to lather on your hands first before applying. im about to purchase my third bottle of this",Amazing,light,brown,combination,brown,P448562,Barrier+ Foaming Clay Cleanser,Skinfix,32.0
7651537416,5,1.0,1.0,4,0,4,2023-02-24,"After using this product over the past few weeks, l am loving the results! It has helped my dry skin feel more hydrated. Application is easy, and the formula is effective",A must have in my routine !,lightMedium,green,combination,blonde,P504303,Strengthening Nighttime Ritual Set,Tatcha,95.0
28174227527,5,1.0,0.875,8,1,7,2021-02-26,"Good stuff!!  On the plus, plus side I get 2 uses in each packet!! Yeah. My face feels great",,lightMedium,brown,dry,brown,P436346,Youth Junkie Activated Mask,FOREO,21.99
10328538558,5,1.0,0.6388890147209167,36,13,23,2022-04-26,I’ve been using this regimen as a daily routine for about a month including their eye cream and I am so pleased with the results. My skin is clear and calm. Yes it’s pricey but to me supporting a brand that is clean & planet positive plus it actually works is fine with me!,The Outset routine,fair,blue,normal,blonde,P483701,Daily Essentials Travel Set,The Outset,50.0
1877172230,5,1.0,1.0,7,0,7,2018-07-09,Amazing! If you need a de puffing and hydrating eye cream this is it! It has a cool icy feeling that lasts for a long time (I could feel it till I applied my makeup on top). It also helped with puffiness instantly.,Icy,fairLight,blue,combination,blonde,P429676,Hydra Life Cooling Hydration Sorbet Eye Gel,Dior,60.0
25238373725,3,0.0,0.4000000059604645,35,21,14,2020-02-16,"It’s a good product, but I bought it mostly for the reason that it was a PEEL off mask but it actually wasn’t unlike it said on the label. So it worked well just needs better naming",,light,blue,combination,blonde,P446820,Grapefruit Peeling Mask - Skin Perfection,SEPHORA COLLECTION,8.0
9022727362,1,0.0,0.6666669845581055,12,4,8,2022-07-27,clogged my pores gave me blind pimples a total disgrace,,,,,,P476733,Mineral Mattescreen Sunscreen SPF 40 PA+++,Supergoop!,38.0
21062018744,5,1.0,,0,0,0,2022-11-08,this kit is the perfect way to test out products from this brand. I have seen amazing results and fully believe that this is worth the cost. The products work well with my sensitive skin and it has felt noticeably less dry.,love it,,blue,normal,,P483701,Daily Essentials Travel Set,The Outset,50.0
925630102,5,1.0,0.949999988079071,20,1,19,2018-05-15,"This is unbelievable. I cannot express enough how amazing this night cream is. My skin is glowing and the anxiety I was feeling when I started to see fine lines appearing is gone. My night routine is as follows: Drunk Elephant virgin oil, Kiehls midnight recovery concentrate, Dior capture totale night and progres eye Lancôme. I have finally mastered my routine and I’m in heaven. (although I may be broke soon but with fabulous skin, so that’s the trade off?!?). With this cream 40 is definitely the new 30...if you don’t feel that way at least you will look it!",Never going back,lightMedium,brown,combination,brown,P375354,Capture Totale Intensive Night Restorative Crème,Dior,175.0
1585108249,4,1.0,,0,0,0,2019-10-20,Great lip gloss. Not too glossy and great feeling on the lips.,,mediumTan,brown,normal,auburn,P449102,Crystal Ball Roller Gloss,INC.redible,12.0
7151866740,5,1.0,,0,0,0,2023-02-19,I’m a dry skin girly who is prone to hormonal acne and redness and this product is my holy grail! It is the perfect balance of hydrating and calming. Truly a staple in my beauty routine ✨,Dry Skin Savour,fairLight,gray,dry,red,P504524,Milky Jelly Gentle Gel Face Cleanser,Glossier,19.0
6615109480,5,1.0,1.0,7,0,7,2021-02-24,"In my experience, two in one (or more) products haven’t worked all that well but this one is so unique! I have combination skin and this is great for me in winter especially. I was looking for a new toner but was happy to find something, which if you layer up (2-3 extra drops) doubles as a nice, light moisturizer and it keeps my winter dry face areas hydrated. Also can be awesome for sometimes lazy people with their skincare routines (a.k.a. me, lol).",Combo Skin Bestie!,medium,brown,combination,brown,P459116,Mini Cream Skin Toner & Moisturizer,LANEIGE,15.0
39371675336,5,1.0,,0,0,0,2023-01-09,Il fais très bien les lames sont pas trop coupantes et après usage ma peau est toute belle,Un incontournable,light,green,normal,blonde,P482312,Facial Razor Set,SEPHORA COLLECTION,12.0
6219924112,5,1.0,0.5,2,1,1,2020-02-03,"Best face wash I have tried so far! I break out every once in awhile, but seemed to have gone longer without breakouts since using this product.",,light,brown,normal,brown,P448562,Barrier+ Foaming Clay Cleanser,Skinfix,32.0
35439265952,4,1.0,0.8500000238418579,20,3,17,2022-10-29,"At nearly $25 a pop for 0.68 fl oz (20ml) this is one of the more pricier masks (of many) I’ve tried this past year, but in terms of serum amount per sachet - definitely one of the most generous! This mask is now known as ’’Luminous Hydrating Lifting Mask’ with a slight tweak in ingredients but works the same as the previous version which I also tried a while back. Like all sheet masks I found this a bit tricky to apply although once in place it didn’t shift. Instructions say 15 minutes but knowing there’s nothing in the ingredients list that would cause any adverse issues, I decided to leave it on for double that time. ’Luminous’ and ’dewy’ is exactly what my face was, once I removed the mask and massaged the excess serum into my face, neck and hands - would be a shame not to! No moisturizer was needed after this and even by the next morning my skin was still feeling hydrated and looking fresh. Was slightly concerned about the ’tingle’ that other reviewers online have mentioned, but luckily I didn’t experience that. This does leave your skin tacky and lightly congeals on brows and hair if you apply aimlessly and leave on for as long as I did. Definitely best to use on an evening or right before bed when you can let it work its magic and not have to worry about going out with bits of serum stuck in your hair! ~ My Sephora Top 7 must-have list ~(My top 7 must-have beauty products of all time, focusing mainly on my purchases at Sephora)1. Hair Loss Treatment: ‘Divine Herbal’ - Hair Oil2. Shampoo: ’Sephora Collection’ - Deep Cleaning Shampoo3. Face Mask: ‘Peter Thomas Roth’ – Pumpkin Enzyme Mask4. Pigmentation + Anti-Aging Serum: ‘Divine Herbal’ - Facial Treatment Serum5. Face Scrub: ‘Sisley’ - Botanical Gentle Buffing Cream6. Lip Balm: ‘Nuxe’ – Reve De Miel Lip Balm7.Lip Liner: ‘Sephora Collection’ - Rouge Gel Lip Liner","Hydrates well, but slightly messy!",lightMedium,brown,combination,black,P399622,Luminous Deep Hydration Lifting Mask,Tatcha,95.0
1086525452,5,1.0,0.9444440007209778,36,2,34,2019-09-30,"At 70, I was skeptical that any cream or potion could turn back the clock.  I was wrong!  This amazing cream has done the trick!  I use the One Essential serum by Dior and this cream night and day and the wrinkles have faded.  I’m even ok going without make-up, which I’ve never done before.  Totally worth the hefty price.",Fantastic stuff!,lightMedium,blue,combination,blonde,P375354,Capture Totale Intensive Night Restorative Crème,Dior,175.0
12182133515,5,1.0,,0,0,0,2021-07-29,"Love this moisturizer, glides easily on the skin and is very hydrating, I have dry and sensitive skin and although this cream have an scent is not annoying at all, the smell reminds me to the mint, very pleasant",Love this cream,fair,brown,dry,blonde,P474121,SD Advanced  PLUS Intensive Moisturizer For Wrinkles & Stretch Marks,StriVectin,82.0
5149855471,5,1.0,0.5185189843177795,27,13,14,2020-04-16,Great product! Will definitely repurchase! By far the bedt neck cream that I have ever used.,,light,brown,normal,blonde,P449164,ELEVATE Firming & Lifting Neck Cream,Algenist,84.0
2114458918,5,,1.0,27,0,27,2013-11-09,"I have been using this cream for 8 months and I used to use SHISEIDO Bio-Performance Advanced Super Revitalizing Cream daily and still own it. I like both creams, the only thing I would say is Dior is slightly less greasy. (in my opinion) I feel Dior absorbs better so I have less of a heavy feeling. They both work great, it’s really just personal preference. I have tried Algenist overnight cream, firming cream, anti-aging moisturizer and they are nice products; however, I have to purchase three of Algenist to achieve the radiant glow look in the morning so I just placed another order of Dior overnight cream for backup.",I cannot stop going back to this cream,,,combination,,P375354,Capture Totale Intensive Night Restorative Crème,Dior,175.0
1367470034,5,1.0,,0,0,0,2022-04-10,"I’ve been using this for a month now, and it’s consistently gentle and effective. A little goes a long way, so the value for this is awesome. I also really like the scent. I’m really impressed with Innisfree - the quality for the price is fantastic.",A Great Cleaner,fair,hazel,dry,brown,P482007,Dewy Glow Jam Cleanser with Jeju Cherry Blossom,innisfree,13.0
369468370,2,0.0,0.0,1,1,0,2022-09-14,"Got a sample with my purchase. It’s insanely thick and oily, and very heavily fragranced. There are definitely better options to hydrate that don’t feel so heavy or smell as strong. I’ll stick to regular magic cream, thanks. As","Super oily, heavy fragrance",lightMedium,brown,combination,black,P451727,Mini Magic Night 15ml Travel Size,Charlotte Tilbury,45.0
2108864665,5,1.0,1.0,3,0,3,2021-05-03,So glad they came out with a travel size of this wonderful cleanser! I use this and Murad’s acne control cleanser and I love the way it takes the day off without stripping my skin!,Mini!,mediumTan,brown,oily,black,P471547,Mini Beste No. 9 Jelly Cleanser,Drunk Elephant,16.0
21364088420,5,1.0,0.8979589939117432,49,5,44,2020-04-29,"I rarely write reviews. Only if I’m ultra impressed. I started getting really bad sun spots on my forehead after severe sun exposure in Cuba (3 years ago). I was freaked out and researched this product. Guys, after 3 days I am noticing results. Not sure if that’s usual! They have already lightened considerably and now I won’t have to cut bangs into my hair during quarantine. Win/win",WOWZA,fair,green,normal,blonde,P453822,Dark Spots No More Triple Acid Spot Minimizing Concentrate,Dr. Brandt Skincare,71.0
6273350136,5,1.0,1.0,9,0,9,2022-05-14,"I don’t expect my face wash to solve all my skin problems, just look for skin wash that cleans my face without stripping. But this cleanser blew my mind, been using it for a year, not planning to ever change my cleanser again. I use light foundation and makeup most days, it cleans all up, leaving my face soft and smooth. Very comfortable to use. Love the texture. My search is over. This is the best face cleanser I have ever used. For me it cannot get better than this.",best cleanser for face,medium,brown,combination,brown,P448562,Barrier+ Foaming Clay Cleanser,Skinfix,32.0
23932473220,5,1.0,,0,0,0,2023-03-09,"I’ve been using the Equilibrium Resurfacing Retinoid Treatment gifted by Hourglass Cosmetics for my fine lines. I like that it has a combination of ingredients to treat wrinkles, dark spots and is still gentle on skin. It’s gentle enough to use in the morning (just remember to follow with SPF). It is lightweight and absorbs easily. My skin looks improved annd smoother already with a couple of weeks use.",,light,hazel,dry,blonde,P504637,Equilibrium Resurfacing Retinoid Treatment,Hourglass,110.0
45992005652,5,1.0,1.0,1,0,1,2023-01-22,"After using the starter set for a couple days, I noticed drastic changes on my skin, it’s gotten FIRMER and more HYDRATED!! My skin is usually allergic to almost all skincare products but surprisingly I didn’t have a breakout when I used the outset!! I had to ask my aunt to help me purchase it since I live in Hong Kong and honestly it SO WORTH IT!! Can’t wait for international shipping this year and I will always support the outset!!",Back to the basics is THE BEST!!,fair,brown,combination,black,P483701,Daily Essentials Travel Set,The Outset,50.0
12437262011,5,1.0,,0,0,0,2023-03-20,I’ve been using this product for over a month now and it keeps my skin so soft and moisturized! The rose oil leaves my skin glowy and it’s been a staple in my daily routine,Routine staple!,notSureST,hazel,combination,brown,P480278,Rapid Radiance Set,Biossance,35.0
2381070247,5,1.0,1.0,1,0,1,2022-01-12,"Highly recommend. Lightweight scrub, smells amazing. Not too harsh on skin.",,fair,blue,dry,blonde,P433461,Rose Sugar Scrub,Lancôme,34.0
23363620923,4,1.0,0.875,8,1,7,2019-12-29,"I loveddd this product// it made my skin super soft refreshed, however i thought it would be a peel off mask and i think they knew what they were doing naming it because that’s why i bought it. great product, bad labeling.",,lightMedium,brown,combination,black,P446820,Grapefruit Peeling Mask - Skin Perfection,SEPHORA COLLECTION,8.0
40665655765,5,1.0,1.0,1,0,1,2022-10-21,Love this.  Makes my ageing skin look younger.  I use it every night and my skin feels soft like a baby’s bottom.,Use it every night,light,green,normal,gray,P446908,Advanced Night Repair Treatment Intense Reset Concentrate,Estée Lauder,92.0
6487304554,5,1.0,1.0,6,0,6,2020-01-07,"I absolutely love love love this product. The ease of application to the quality of the product and the bottle itself is so richly made. The roller ball just glides on your lip butter. The non-sticky, no strange smell or strange after taste in case you roll you tongue on your lips .. which I happened to do! The gloss formula is super shiny and very hydrating ... coming very handy in these dry winter months totally recommend owning these beauties. Planning to get one for each color.",Super glossy and hydrating,fair,brown,combination,black,P449102,Crystal Ball Roller Gloss,INC.redible,12.0
8808598149,5,1.0,1.0,5,0,5,2022-02-04,"This feels like a cloud on my face, I love it! And even though its tinted it doesn’t get on my clothes.",Really great!,fair,brown,combination,brown,P476733,Mineral Mattescreen Sunscreen SPF 40 PA+++,Supergoop!,38.0
5578641207,2,0.0,0.0816327035427093,49,45,4,2020-04-24,Didn’t work for me. There are better retinol products on the market.,,lightMedium,hazel,oily,brown,P454514,"Youth Renewal Retinol Trial Kit for Smoother, Younger-Looking Skin",Murad,59.0
5438571235,5,1.0,1.0,1,0,1,2023-01-02,I am loving this face oil!! It smells amazing but not too strong and the glow it gives is beautiful. I wear it during the day and I love how it makes me skin look brighter & more glowy on even more makeup days. Will definitely continue to use this in my everyday skincare routine!!,So hydrating & gives a beautiful glow ✨,,brown,combination,,P504026,Mini Algae + Moringa Universal Face Oil,MARA,40.0
5699783754,5,1.0,0.800000011920929,5,1,4,2021-12-02,"So I got this a couple weeks ago and decided to take a photo a few days into using it to compare to now. I think it’s made a huge different. I will say though, I don’t like to use it during the day. During the day if you rub your eyes and it hasn’t completely absorbed into the skin you’ll get some weird pilling that kind of feels like dead skin mixed with the product. So, I just use it at night and slather it on. Also seems like it will last a long time. It doesn’t even seem like I used any when looking at the container.",Love it (but not during the day),lightMedium,green,dry,brown,P457519,Water Drench Hyaluronic Cloud Hydrating Eye Gel,Peter Thomas Roth,43.0
5459963698,5,1.0,,0,0,0,2023-01-01,So excited to finally see this product in Sephora stores in my area of Palm Springs. I’ve been using the universal face oil religiously every morning & night for about 3 years. I have semi oily skin so was shocked that I didn’t get any breakouts or over oily skin with these product. I’m 41 and in the past few years of using these products I have gotten  abundance of compliments on the youth of my skin appearance. Having a healthy face routine is essential in my eyes. This and all of the other products are top notch in my book.. After having such great results with the universal oil Ive purchased and use the entire face line. The vitamin c oil is also my very favorite. I could l literally see the biggest difference after using the products together. If you don’t decide on starting a face routine everyone needs to try the sea silk lip balm!! Living in Palm Springs & Lake arrowhead I seem to always need to apply chapstick every few hours. After my purchase of the sea silk lip balm I’ve never used anything else. I apply a few times a day. With the huge amount it comes with this product has lasted me for months.,Super excited Sephora is finally carrying Mara,lightMedium,hazel,combination,black,P504026,Mini Algae + Moringa Universal Face Oil,MARA,40.0
7241337921,5,1.0,0.75,16,4,12,2019-06-27,"Love love love! This is one of the best toners I’ve ever used and the price is exceptional! I highly recommend this to anyone who is looking for a nice, natural toner to bump up their skin care game",favorite toner!,fair,blue,combination,brown,P444615,Witch Hazel & Rosewater Toner,Mario Badescu,14.0
31584732570,5,1.0,,0,0,0,2022-07-28,This active roller makes your skin bright and smooth. Put this in the fridge at night and use it in the morning!!!!!!!! I absolutely love using it in the morning or night time. It leaves my skin refreshed. Gifted by FaceGym,,light,brown,combination,black,P501024,Hydrating Active Roller with Hyaluronic Acid,FaceGym,70.0
11528946483,5,1.0,1.0,1,0,1,2022-12-20,Love this oil! So hydrating and Plumping. Lightweight and perfect for a nighttime routine with GUA sha! Love how it’s not that greasy and a little goes a long way,,,,oily,,P504026,Mini Algae + Moringa Universal Face Oil,MARA,40.0
12478734269,1,0.0,0.4000000059604645,5,3,2,2023-02-15,i used this for a long time trying to see if i got results and literally nothing happened. no results in my skin. i changed to another chemical exfoliant (glow recipe toner) and immediately saw results. this product is not effective,useless,lightMedium,green,combination,blonde,P504786,Solution Skin-Perfecting Daily Chemical Exfoliator,Glossier,26.0
9113417584,1,0.0,0.800000011920929,15,3,12,2022-07-23,Breaks easily. I accidentally dropped it from a short distance (about 6 inches high) and it shattered. It was nice while it lasted. Not a great idea to have an easily breakable product that is meant to be used with slippery products (lotions/oils/serums).,shattered,light,brown,combination,brown,P477714,Black Obsidian Face and Body Gua Sha,SEPHORA COLLECTION,14.0
1464842348,5,1.0,1.0,1,0,1,2022-09-22,Bought this product  before webinar  with Scarlett  Johansson.  Nice productsEasy to use & skin feels very clean.While the demonstration was being shown online . Seems seamless to use.Liked that we will receive a sample if a new product before its released.  Can’t wait to try that product  too!,Clean product,lightMedium,brown,combination,brown,P483701,Daily Essentials Travel Set,The Outset,50.0
1056085609,5,1.0,1.0,1,0,1,2020-02-24,It’s not sticky like most roller lip glosses.  Feels light and gives enough shine.,Perfect,lightMedium,brown,combination,brown,P449102,Crystal Ball Roller Gloss,INC.redible,12.0
8698816331,4,1.0,,0,0,0,2022-10-27,Love this product! Very unique that it comes with different heads you can use for different skin problems. Issue is you only get two and the product itself is quite expensive. Wish it was just a bit more affordable.,Unique,light,brown,combination,black,P501024,Hydrating Active Roller with Hyaluronic Acid,FaceGym,70.0
5164796636,5,1.0,1.0,1,0,1,2023-02-23,"There is a slight rose water scent- so if you avoid fragrance it’s a no go(I personally love it though!) the texture is gel like- which I love, it’s super gentle on  skin!",Best cleanser ever!,fair,hazel,oily,brown,P504524,Milky Jelly Gentle Gel Face Cleanser,Glossier,19.0
2243444020,1,0.0,0.6923080086708069,26,8,18,2021-04-17,"I got this as a gift from my sister-in-law. Thank god I didn’t buy it myself. It did absolutely nothing for my skin besides typical hydration after putting on a serum. I used the whole bottle and honestly my skin did not change in texture, brightness or plumpness.. nothing at all! So I looked at the ingredients.. $190... for only 5% vitamin c? And aloe Vera is the second ingredient... y’all no wonder nothing happened!!! PLEASE do not waste your money on this! There are so many actually effective Vitamin C products (Tatcha has an excellent one) on the market, ESPECIALLY at this price range!",$190 for 5% vitamin c? no thank you,lightMedium,blue,combination,brown,P469200,The Good C Vitamin C Serum,Dr. Barbara Sturm,145.0
1989533128,4,1.0,0.2000000029802322,5,4,1,2021-08-01,"I received this moisturizer in return for my review. I like that it’s housed in a tube packaging, which makes it more sanitary and easy to dispense. It hydrates my skin well and doesn’t cause any irritation. I do notice lines smoothing out so I’ll continue to use it!",,fair,brown,combination,brown,P474121,SD Advanced  PLUS Intensive Moisturizer For Wrinkles & Stretch Marks,StriVectin,82.0
1796186249,4,1.0,1.0,12,0,12,2022-03-06,"I have wanted to try this line for months. I finally made it into the store and found this perfect “let’s try it“ pack. When I opened it the next morning, I couldn’t tell the difference between the two tubs of cream, but time was tight, so I used some oil and one cream. When I returned home and had a moment to investigate, I found I had two face creams and no eye cream... I did love how great this product was on my sensitive skin and would love to continue using it... but I won’t make it back to the store soon, and online customer service said that they couldn’t help. Is the eye cream worth waiting for? I would love to hear feedback from other Rapid Radiance Set users.",Great but no eye cream,lightMedium,green,normal,brown,P480278,Rapid Radiance Set,Biossance,35.0
22200842568,5,1.0,,0,0,0,2023-03-05,"So far so good! I’ve been taking these (two capsules every morning) for about a week now, and so far i have already noticed my skin looks so much clearer, it definitely helped with my blemishes and dark spots. I’m super excited to continue using these!",so far so good!,,brown,combination,,P457002,SuperBeauty Daily Antioxidant SkinSupplement,Moon Juice,60.0
1051889105,5,1.0,1.0,15,0,15,2020-09-22,"I’ve tried all the popular brands of facial cleansers and facial care products. Dr Brandt’s products are absolutely, hands down, the best. This face wash makes your skin look like a retouched/photoshopped picture. Look closely in the mirror before using it and see all the pores on your nose and cheeks. After washing with this look again-you literally will not see your pores. And it doesn’t burn, doesn’t dry out your skin, or bring pimples out-it just washes out your pores so they’re clear and you don’t see them. I’m not getting anything from writing this review, I paid full price for mine, and when I’m done with my bottle I will continue to buy it for the rest of my life-hopefully they’ll make it that long. And, I bought it for my sister and mom-because whenever I use this I get compliments on how amazing my skin looks.",Best product ever,light,hazel,combination,blonde,P448710,pores no more Pore Purifying Cleanser,Dr. Brandt Skincare,38.0
2773697974,3,0.0,1.0,2,0,2,2022-11-22,"I was gifted this product by The Outset in exchange for a review. While I think discovery sets are really nice, I think the price point on this is really STEEP. It would be more worth it to purchase a full sized product instead of a mini product since the set retails for $50. The products are all very gentle and versatile/work for multiple skin types. I like each product a lot, but wouldn’t recommend because of the price point.",Expensive for a 10 day trial kit,light,green,dry,,P483701,Daily Essentials Travel Set,The Outset,50.0
11848436858,5,1.0,0.6666669845581055,3,1,2,2022-01-18,"I absolutely love this toner. I use this every night after washing my face, and love that it doesn’t make my skin feel “dried out”. It instantly feels soft after application.",Love,mediumTan,brown,combination,brown,P459116,Mini Cream Skin Toner & Moisturizer,LANEIGE,15.0
518868937,5,1.0,0.6315789818763733,19,7,12,2020-03-15,"I’ve just finished my first jar and love the results.  My dry skin feels hydrated without feeling greasy.  Jar actually lasts a lot longer that you would think seeing the small container so that was a positive considering the cost.  I like to leave it on more than 15 minutes.  I follow up with Vit C serum, Hyaluronic acid, and Rodin’s Olio Lusso face oil and my skin is glowing.",Pricey but Performs,lightMedium,green,dry,brown,P448711,Face Mask,Dr. Barbara Sturm,125.0
22133971706,5,1.0,1.0,5,0,5,2020-01-19,"so far, so good. i’ve a few dark spots that are now starting to disappear, i use it on my morning and night routine, usually at am is followed by my moisturizer and sunscreen, is very easy to use and has just a slightly acid fragrance, but you might not notice unless you are sensitive as me to fragrances and is easy for you to catch any. love how minimal is the packaging and the instructions very simple.",,fairLight,brown,dry,black,P453822,Dark Spots No More Triple Acid Spot Minimizing Concentrate,Dr. Brandt Skincare,71.0
10248979575,2,0.0,0.800000011920929,5,1,4,2021-11-07,"After reading the reviews, I was convinced this product was perfect for me. While many people complain about the floral scent, I actually bought it specifically for that because I am obsessed with floral scents/flavors. The packaging is also extremely cute and I wanted to carry it around in my purse!! So I am sad that it didn’t work in the way I hoped. It was only slightly glossy, with a very watery formula. It looked more like a shiny chapstick. Wore off after maybe half an hour. I returned it because I didn’t feel like it was worth the money.","not very glossy, but smells very nice",fairLight,brown,combination,black,P449102,Crystal Ball Roller Gloss,INC.redible,12.0
2735910537,5,1.0,0.9090909957885742,11,1,10,2021-01-16,"I LOVE this one. I have several different ufo masks and this one is by far my favorite one! It is milky, moisturizing and plumping. I have small fine lines and this one has helped the most out of the other masks for this after one use. I’d use this at night as it is a thicker consistency and might be too heavy for day use.",found my favorite ufo mask,tan,brown,dry,brown,P436346,Youth Junkie Activated Mask,FOREO,21.99
35215225517,5,1.0,0.0,1,1,0,2022-02-12,Super cute little set. I bought it to try the Blue Tansy mask before I committed to buying a full size. Comes with the Pink Cloud cleanser and an Aquarius moisturizer. Love all three!!! But really love the Blue Tansy mask.,,fair,brown,combination,brown,P480174,Waves of Clarity Skincare Set,Herbivore,32.0
7353932762,3,1.0,0.75,8,2,6,2020-11-06,"I don’t use this oil for my face, I use it for my hair. I have 4c hair and often need hydration for my strands. I recently started using this in my spray bottle mixed with water and overall I did notice less breakage so that’s a plus. But my hair doesn’t feel as full as it use to so I wonder if this has anything to do with it. Results may vary I guess",Eh. don’t love it or hate it,deep,brown,combination,black,P447597,100% Organic Virgin Chia Seed Oil,The Ordinary,8.5
1360801487,5,1.0,,0,0,0,2022-12-20,This product contain 8% lactic acid which was very attractive to me. It made my skin feel soft and smooth while hydrating. Bottle is as beautiful as it can get and perfect for your bathroom shelves for sure!,Hydrated skin,,hazel,dry,black,P504026,Mini Algae + Moringa Universal Face Oil,MARA,40.0
950738974,3,1.0,0.7142860293388367,7,2,5,2022-12-16,Love the oil and eye cream. The other two products make it hard to layer on the skin for consistency and product’s sake. Overall nice though,Great intro to the brand,tan,brown,normal,black,P480278,Rapid Radiance Set,Biossance,35.0
10695004829,5,1.0,0.9466670155525208,75,4,71,2019-11-21,I am always skeptical about eye masks because for me most of them feel like they’re working for a few minutes after and then leave my skin the same or worse off for the rest of the day. These live up to the hype! Dark circles and puffiness disappeared and stayed that way for the rest of the day. Skin stayed moisturized/glowing and fine lines faded. So happy I got this. Saving for special occasions and travel.,Wow!,lightMedium,brown,combination,brown,P437960,Baggage Claim Rose Gold Eye Masks,Wander Beauty,26.0
